Velocity,Wrench,dWrench,PBO_index,Assistance Level
-0.1,-30.0,-10.0,-1.0,-0.0
-0.1,-30.0,-7.777777777777778,-1.0,-0.0
-0.1,-30.0,-5.555555555555555,-1.0,-0.0
-0.1,-30.0,-3.333333333333333,-1.0,-0.0
-0.1,-30.0,-1.1111111111111107,-1.0,-0.0
-0.1,-30.0,1.1111111111111107,-1.0,0.0
-0.1,-30.0,3.333333333333334,-1.0,0.0
-0.1,-30.0,5.555555555555557,-1.0,0.0
-0.1,-30.0,7.777777777777779,-1.0,0.0
-0.1,-30.0,10.0,-1.0,0.0
-0.1,-23.333333333333332,-10.0,-1.0,-0.0
-0.1,-23.333333333333332,-7.777777777777778,-1.0,-0.0
-0.1,-23.333333333333332,-5.555555555555555,-1.0,-0.0
-0.1,-23.333333333333332,-3.333333333333333,-1.0,-0.0
-0.1,-23.333333333333332,-1.1111111111111107,-1.0,-0.0
-0.1,-23.333333333333332,1.1111111111111107,-1.0,0.0
-0.1,-23.333333333333332,3.333333333333334,-1.0,0.0
-0.1,-23.333333333333332,5.555555555555557,-1.0,0.0
-0.1,-23.333333333333332,7.777777777777779,-1.0,0.0
-0.1,-23.333333333333332,10.0,-1.0,0.0
-0.1,-16.666666666666664,-10.0,-1.0,-0.0
-0.1,-16.666666666666664,-7.777777777777778,-1.0,-0.0
-0.1,-16.666666666666664,-5.555555555555555,-1.0,-0.0
-0.1,-16.666666666666664,-3.333333333333333,-1.0,-0.0
-0.1,-16.666666666666664,-1.1111111111111107,-1.0,-0.0
-0.1,-16.666666666666664,1.1111111111111107,-1.0,0.0
-0.1,-16.666666666666664,3.333333333333334,-1.0,0.0
-0.1,-16.666666666666664,5.555555555555557,-1.0,0.0
-0.1,-16.666666666666664,7.777777777777779,-1.0,0.0
-0.1,-16.666666666666664,10.0,-1.0,0.0
-0.1,-10.0,-10.0,-1.0,-0.0
-0.1,-10.0,-7.777777777777778,-1.0,-0.0
-0.1,-10.0,-5.555555555555555,-1.0,-0.0
-0.1,-10.0,-3.333333333333333,-1.0,-0.0
-0.1,-10.0,-1.1111111111111107,-1.0,-0.0
-0.1,-10.0,1.1111111111111107,-1.0,0.0
-0.1,-10.0,3.333333333333334,-1.0,0.0
-0.1,-10.0,5.555555555555557,-1.0,0.0
-0.1,-10.0,7.777777777777779,-1.0,0.0
-0.1,-10.0,10.0,-1.0,0.0
-0.1,-3.333333333333332,-10.0,-1.0,-0.0
-0.1,-3.333333333333332,-7.777777777777778,-1.0,-0.0
-0.1,-3.333333333333332,-5.555555555555555,-1.0,-0.0
-0.1,-3.333333333333332,-3.333333333333333,-1.0,-0.0
-0.1,-3.333333333333332,-1.1111111111111107,-1.0,-0.0
-0.1,-3.333333333333332,1.1111111111111107,-1.0,0.0
-0.1,-3.333333333333332,3.333333333333334,-1.0,0.0
-0.1,-3.333333333333332,5.555555555555557,-1.0,0.0
-0.1,-3.333333333333332,7.777777777777779,-1.0,0.0
-0.1,-3.333333333333332,10.0,-1.0,0.0
-0.1,3.3333333333333357,-10.0,-1.0,-0.0
-0.1,3.3333333333333357,-7.777777777777778,-1.0,-0.0
-0.1,3.3333333333333357,-5.555555555555555,-1.0,-0.0
-0.1,3.3333333333333357,-3.333333333333333,-1.0,-0.0
-0.1,3.3333333333333357,-1.1111111111111107,-1.0,-0.0
-0.1,3.3333333333333357,1.1111111111111107,-1.0,0.0
-0.1,3.3333333333333357,3.333333333333334,-1.0,0.0
-0.1,3.3333333333333357,5.555555555555557,-1.0,0.0
-0.1,3.3333333333333357,7.777777777777779,-1.0,0.0
-0.1,3.3333333333333357,10.0,-1.0,0.0
-0.1,10.0,-10.0,-1.0,-0.0
-0.1,10.0,-7.777777777777778,-1.0,-0.0
-0.1,10.0,-5.555555555555555,-1.0,-0.0
-0.1,10.0,-3.333333333333333,-1.0,-0.0
-0.1,10.0,-1.1111111111111107,-1.0,-0.0
-0.1,10.0,1.1111111111111107,-1.0,0.0
-0.1,10.0,3.333333333333334,-1.0,0.0
-0.1,10.0,5.555555555555557,-1.0,0.0
-0.1,10.0,7.777777777777779,-1.0,0.0
-0.1,10.0,10.0,-1.0,0.0
-0.1,16.66666666666667,-10.0,-1.0,-0.0
-0.1,16.66666666666667,-7.777777777777778,-1.0,-0.0
-0.1,16.66666666666667,-5.555555555555555,-1.0,-0.0
-0.1,16.66666666666667,-3.333333333333333,-1.0,-0.0
-0.1,16.66666666666667,-1.1111111111111107,-1.0,-0.0
-0.1,16.66666666666667,1.1111111111111107,-1.0,0.0
-0.1,16.66666666666667,3.333333333333334,-1.0,0.0
-0.1,16.66666666666667,5.555555555555557,-1.0,0.0
-0.1,16.66666666666667,7.777777777777779,-1.0,0.0
-0.1,16.66666666666667,10.0,-1.0,0.0
-0.1,23.333333333333336,-10.0,-1.0,-0.0
-0.1,23.333333333333336,-7.777777777777778,-1.0,-0.0
-0.1,23.333333333333336,-5.555555555555555,-1.0,-0.0
-0.1,23.333333333333336,-3.333333333333333,-1.0,-0.0
-0.1,23.333333333333336,-1.1111111111111107,-1.0,-0.0
-0.1,23.333333333333336,1.1111111111111107,-1.0,0.0
-0.1,23.333333333333336,3.333333333333334,-1.0,0.0
-0.1,23.333333333333336,5.555555555555557,-1.0,0.0
-0.1,23.333333333333336,7.777777777777779,-1.0,0.0
-0.1,23.333333333333336,10.0,-1.0,0.0
-0.1,30.0,-10.0,-1.0,-0.0
-0.1,30.0,-7.777777777777778,-1.0,-0.0
-0.1,30.0,-5.555555555555555,-1.0,-0.0
-0.1,30.0,-3.333333333333333,-1.0,-0.0
-0.1,30.0,-1.1111111111111107,-1.0,-0.0
-0.1,30.0,1.1111111111111107,-1.0,0.0
-0.1,30.0,3.333333333333334,-1.0,0.0
-0.1,30.0,5.555555555555557,-1.0,0.0
-0.1,30.0,7.777777777777779,-1.0,0.0
-0.1,30.0,10.0,-1.0,0.0
-0.07777777777777778,-30.0,-10.0,-1.0,-0.0
-0.07777777777777778,-30.0,-7.777777777777778,-1.0,-0.0
-0.07777777777777778,-30.0,-5.555555555555555,-1.0,-0.0
-0.07777777777777778,-30.0,-3.333333333333333,-1.0,-0.0
-0.07777777777777778,-30.0,-1.1111111111111107,-1.0,-0.0
-0.07777777777777778,-30.0,1.1111111111111107,-1.0,0.0
-0.07777777777777778,-30.0,3.333333333333334,-1.0,0.0
-0.07777777777777778,-30.0,5.555555555555557,-1.0,0.0
-0.07777777777777778,-30.0,7.777777777777779,-1.0,0.0
-0.07777777777777778,-30.0,10.0,-1.0,0.0
-0.07777777777777778,-23.333333333333332,-10.0,-1.0,-0.0
-0.07777777777777778,-23.333333333333332,-7.777777777777778,-1.0,-0.0
-0.07777777777777778,-23.333333333333332,-5.555555555555555,-1.0,-0.0
-0.07777777777777778,-23.333333333333332,-3.333333333333333,-1.0,-0.0
-0.07777777777777778,-23.333333333333332,-1.1111111111111107,-1.0,-0.0
-0.07777777777777778,-23.333333333333332,1.1111111111111107,-1.0,0.0
-0.07777777777777778,-23.333333333333332,3.333333333333334,-1.0,0.0
-0.07777777777777778,-23.333333333333332,5.555555555555557,-1.0,0.0
-0.07777777777777778,-23.333333333333332,7.777777777777779,-1.0,0.0
-0.07777777777777778,-23.333333333333332,10.0,-1.0,0.0
-0.07777777777777778,-16.666666666666664,-10.0,-1.0,-0.0
-0.07777777777777778,-16.666666666666664,-7.777777777777778,-1.0,-0.0
-0.07777777777777778,-16.666666666666664,-5.555555555555555,-1.0,-0.0
-0.07777777777777778,-16.666666666666664,-3.333333333333333,-1.0,-0.0
-0.07777777777777778,-16.666666666666664,-1.1111111111111107,-1.0,-0.0
-0.07777777777777778,-16.666666666666664,1.1111111111111107,-1.0,0.0
-0.07777777777777778,-16.666666666666664,3.333333333333334,-1.0,0.0
-0.07777777777777778,-16.666666666666664,5.555555555555557,-1.0,0.0
-0.07777777777777778,-16.666666666666664,7.777777777777779,-1.0,0.0
-0.07777777777777778,-16.666666666666664,10.0,-1.0,0.0
-0.07777777777777778,-10.0,-10.0,-1.0,-0.0
-0.07777777777777778,-10.0,-7.777777777777778,-1.0,-0.0
-0.07777777777777778,-10.0,-5.555555555555555,-1.0,-0.0
-0.07777777777777778,-10.0,-3.333333333333333,-1.0,-0.0
-0.07777777777777778,-10.0,-1.1111111111111107,-1.0,-0.0
-0.07777777777777778,-10.0,1.1111111111111107,-1.0,0.0
-0.07777777777777778,-10.0,3.333333333333334,-1.0,0.0
-0.07777777777777778,-10.0,5.555555555555557,-1.0,0.0
-0.07777777777777778,-10.0,7.777777777777779,-1.0,0.0
-0.07777777777777778,-10.0,10.0,-1.0,0.0
-0.07777777777777778,-3.333333333333332,-10.0,-1.0,-0.0
-0.07777777777777778,-3.333333333333332,-7.777777777777778,-1.0,-0.0
-0.07777777777777778,-3.333333333333332,-5.555555555555555,-1.0,-0.0
-0.07777777777777778,-3.333333333333332,-3.333333333333333,-1.0,-0.0
-0.07777777777777778,-3.333333333333332,-1.1111111111111107,-1.0,-0.0
-0.07777777777777778,-3.333333333333332,1.1111111111111107,-1.0,0.0
-0.07777777777777778,-3.333333333333332,3.333333333333334,-1.0,0.0
-0.07777777777777778,-3.333333333333332,5.555555555555557,-1.0,0.0
-0.07777777777777778,-3.333333333333332,7.777777777777779,-1.0,0.0
-0.07777777777777778,-3.333333333333332,10.0,-1.0,0.0
-0.07777777777777778,3.3333333333333357,-10.0,-1.0,-0.0
-0.07777777777777778,3.3333333333333357,-7.777777777777778,-1.0,-0.0
-0.07777777777777778,3.3333333333333357,-5.555555555555555,-1.0,-0.0
-0.07777777777777778,3.3333333333333357,-3.333333333333333,-1.0,-0.0
-0.07777777777777778,3.3333333333333357,-1.1111111111111107,-1.0,-0.0
-0.07777777777777778,3.3333333333333357,1.1111111111111107,-1.0,0.0
-0.07777777777777778,3.3333333333333357,3.333333333333334,-1.0,0.0
-0.07777777777777778,3.3333333333333357,5.555555555555557,-1.0,0.0
-0.07777777777777778,3.3333333333333357,7.777777777777779,-1.0,0.0
-0.07777777777777778,3.3333333333333357,10.0,-1.0,0.0
-0.07777777777777778,10.0,-10.0,-1.0,-0.0
-0.07777777777777778,10.0,-7.777777777777778,-1.0,-0.0
-0.07777777777777778,10.0,-5.555555555555555,-1.0,-0.0
-0.07777777777777778,10.0,-3.333333333333333,-1.0,-0.0
-0.07777777777777778,10.0,-1.1111111111111107,-1.0,-0.0
-0.07777777777777778,10.0,1.1111111111111107,-1.0,0.0
-0.07777777777777778,10.0,3.333333333333334,-1.0,0.0
-0.07777777777777778,10.0,5.555555555555557,-1.0,0.0
-0.07777777777777778,10.0,7.777777777777779,-1.0,0.0
-0.07777777777777778,10.0,10.0,-1.0,0.0
-0.07777777777777778,16.66666666666667,-10.0,-1.0,-0.0
-0.07777777777777778,16.66666666666667,-7.777777777777778,-1.0,-0.0
-0.07777777777777778,16.66666666666667,-5.555555555555555,-1.0,-0.0
-0.07777777777777778,16.66666666666667,-3.333333333333333,-1.0,-0.0
-0.07777777777777778,16.66666666666667,-1.1111111111111107,-1.0,-0.0
-0.07777777777777778,16.66666666666667,1.1111111111111107,-1.0,0.0
-0.07777777777777778,16.66666666666667,3.333333333333334,-1.0,0.0
-0.07777777777777778,16.66666666666667,5.555555555555557,-1.0,0.0
-0.07777777777777778,16.66666666666667,7.777777777777779,-1.0,0.0
-0.07777777777777778,16.66666666666667,10.0,-1.0,0.0
-0.07777777777777778,23.333333333333336,-10.0,-1.0,-0.0
-0.07777777777777778,23.333333333333336,-7.777777777777778,-1.0,-0.0
-0.07777777777777778,23.333333333333336,-5.555555555555555,-1.0,-0.0
-0.07777777777777778,23.333333333333336,-3.333333333333333,-1.0,-0.0
-0.07777777777777778,23.333333333333336,-1.1111111111111107,-1.0,-0.0
-0.07777777777777778,23.333333333333336,1.1111111111111107,-1.0,0.0
-0.07777777777777778,23.333333333333336,3.333333333333334,-1.0,0.0
-0.07777777777777778,23.333333333333336,5.555555555555557,-1.0,0.0
-0.07777777777777778,23.333333333333336,7.777777777777779,-1.0,0.0
-0.07777777777777778,23.333333333333336,10.0,-1.0,0.0
-0.07777777777777778,30.0,-10.0,-1.0,-0.0
-0.07777777777777778,30.0,-7.777777777777778,-1.0,-0.0
-0.07777777777777778,30.0,-5.555555555555555,-1.0,-0.0
-0.07777777777777778,30.0,-3.333333333333333,-1.0,-0.0
-0.07777777777777778,30.0,-1.1111111111111107,-1.0,-0.0
-0.07777777777777778,30.0,1.1111111111111107,-1.0,0.0
-0.07777777777777778,30.0,3.333333333333334,-1.0,0.0
-0.07777777777777778,30.0,5.555555555555557,-1.0,0.0
-0.07777777777777778,30.0,7.777777777777779,-1.0,0.0
-0.07777777777777778,30.0,10.0,-1.0,0.0
-0.05555555555555556,-30.0,-10.0,-1.0,-7.473094758848614e-05
-0.05555555555555556,-30.0,-7.777777777777778,-1.0,-7.473094758848614e-05
-0.05555555555555556,-30.0,-5.555555555555555,-1.0,-7.473094758848614e-05
-0.05555555555555556,-30.0,-3.333333333333333,-1.0,-7.473094758848614e-05
-0.05555555555555556,-30.0,-1.1111111111111107,-1.0,-7.473094758848614e-05
-0.05555555555555556,-30.0,1.1111111111111107,-1.0,7.473094758848614e-05
-0.05555555555555556,-30.0,3.333333333333334,-1.0,7.473094758848614e-05
-0.05555555555555556,-30.0,5.555555555555557,-1.0,7.473094758848614e-05
-0.05555555555555556,-30.0,7.777777777777779,-1.0,7.473094758848614e-05
-0.05555555555555556,-30.0,10.0,-1.0,7.473094758848614e-05
-0.05555555555555556,-23.333333333333332,-10.0,-1.0,-7.473094758848614e-05
-0.05555555555555556,-23.333333333333332,-7.777777777777778,-1.0,-7.473094758848614e-05
-0.05555555555555556,-23.333333333333332,-5.555555555555555,-1.0,-7.473094758848614e-05
-0.05555555555555556,-23.333333333333332,-3.333333333333333,-1.0,-7.473094758848614e-05
-0.05555555555555556,-23.333333333333332,-1.1111111111111107,-1.0,-7.473094758848614e-05
-0.05555555555555556,-23.333333333333332,1.1111111111111107,-1.0,7.473094758848614e-05
-0.05555555555555556,-23.333333333333332,3.333333333333334,-1.0,7.473094758848614e-05
-0.05555555555555556,-23.333333333333332,5.555555555555557,-1.0,7.473094758848614e-05
-0.05555555555555556,-23.333333333333332,7.777777777777779,-1.0,7.473094758848614e-05
-0.05555555555555556,-23.333333333333332,10.0,-1.0,7.473094758848614e-05
-0.05555555555555556,-16.666666666666664,-10.0,-1.0,-7.473094758848614e-05
-0.05555555555555556,-16.666666666666664,-7.777777777777778,-1.0,-7.473094758848614e-05
-0.05555555555555556,-16.666666666666664,-5.555555555555555,-1.0,-7.473094758848614e-05
-0.05555555555555556,-16.666666666666664,-3.333333333333333,-1.0,-7.473094758848614e-05
-0.05555555555555556,-16.666666666666664,-1.1111111111111107,-1.0,-7.473094758848614e-05
-0.05555555555555556,-16.666666666666664,1.1111111111111107,-1.0,7.473094758848614e-05
-0.05555555555555556,-16.666666666666664,3.333333333333334,-1.0,7.473094758848614e-05
-0.05555555555555556,-16.666666666666664,5.555555555555557,-1.0,7.473094758848614e-05
-0.05555555555555556,-16.666666666666664,7.777777777777779,-1.0,7.473094758848614e-05
-0.05555555555555556,-16.666666666666664,10.0,-1.0,7.473094758848614e-05
-0.05555555555555556,-10.0,-10.0,-1.0,-7.473094758848614e-05
-0.05555555555555556,-10.0,-7.777777777777778,-1.0,-7.473094758848614e-05
-0.05555555555555556,-10.0,-5.555555555555555,-1.0,-7.473094758848614e-05
-0.05555555555555556,-10.0,-3.333333333333333,-1.0,-7.473094758848614e-05
-0.05555555555555556,-10.0,-1.1111111111111107,-1.0,-7.473094758848614e-05
-0.05555555555555556,-10.0,1.1111111111111107,-1.0,7.473094758848614e-05
-0.05555555555555556,-10.0,3.333333333333334,-1.0,7.473094758848614e-05
-0.05555555555555556,-10.0,5.555555555555557,-1.0,7.473094758848614e-05
-0.05555555555555556,-10.0,7.777777777777779,-1.0,7.473094758848614e-05
-0.05555555555555556,-10.0,10.0,-1.0,7.473094758848614e-05
-0.05555555555555556,-3.333333333333332,-10.0,-1.0,-7.473094758848614e-05
-0.05555555555555556,-3.333333333333332,-7.777777777777778,-1.0,-7.473094758848614e-05
-0.05555555555555556,-3.333333333333332,-5.555555555555555,-1.0,-7.473094758848614e-05
-0.05555555555555556,-3.333333333333332,-3.333333333333333,-1.0,-7.473094758848614e-05
-0.05555555555555556,-3.333333333333332,-1.1111111111111107,-1.0,-7.473094758848614e-05
-0.05555555555555556,-3.333333333333332,1.1111111111111107,-1.0,7.473094758848614e-05
-0.05555555555555556,-3.333333333333332,3.333333333333334,-1.0,7.473094758848614e-05
-0.05555555555555556,-3.333333333333332,5.555555555555557,-1.0,7.473094758848614e-05
-0.05555555555555556,-3.333333333333332,7.777777777777779,-1.0,7.473094758848614e-05
-0.05555555555555556,-3.333333333333332,10.0,-1.0,7.473094758848614e-05
-0.05555555555555556,3.3333333333333357,-10.0,-1.0,-7.473094758848614e-05
-0.05555555555555556,3.3333333333333357,-7.777777777777778,-1.0,-7.473094758848614e-05
-0.05555555555555556,3.3333333333333357,-5.555555555555555,-1.0,-7.473094758848614e-05
-0.05555555555555556,3.3333333333333357,-3.333333333333333,-1.0,-7.473094758848614e-05
-0.05555555555555556,3.3333333333333357,-1.1111111111111107,-1.0,-7.473094758848614e-05
-0.05555555555555556,3.3333333333333357,1.1111111111111107,-1.0,7.473094758848614e-05
-0.05555555555555556,3.3333333333333357,3.333333333333334,-1.0,7.473094758848614e-05
-0.05555555555555556,3.3333333333333357,5.555555555555557,-1.0,7.473094758848614e-05
-0.05555555555555556,3.3333333333333357,7.777777777777779,-1.0,7.473094758848614e-05
-0.05555555555555556,3.3333333333333357,10.0,-1.0,7.473094758848614e-05
-0.05555555555555556,10.0,-10.0,-1.0,-7.473094758848614e-05
-0.05555555555555556,10.0,-7.777777777777778,-1.0,-7.473094758848614e-05
-0.05555555555555556,10.0,-5.555555555555555,-1.0,-7.473094758848614e-05
-0.05555555555555556,10.0,-3.333333333333333,-1.0,-7.473094758848614e-05
-0.05555555555555556,10.0,-1.1111111111111107,-1.0,-7.473094758848614e-05
-0.05555555555555556,10.0,1.1111111111111107,-1.0,7.473094758848614e-05
-0.05555555555555556,10.0,3.333333333333334,-1.0,7.473094758848614e-05
-0.05555555555555556,10.0,5.555555555555557,-1.0,7.473094758848614e-05
-0.05555555555555556,10.0,7.777777777777779,-1.0,7.473094758848614e-05
-0.05555555555555556,10.0,10.0,-1.0,7.473094758848614e-05
-0.05555555555555556,16.66666666666667,-10.0,-1.0,-7.473094758848614e-05
-0.05555555555555556,16.66666666666667,-7.777777777777778,-1.0,-7.473094758848614e-05
-0.05555555555555556,16.66666666666667,-5.555555555555555,-1.0,-7.473094758848614e-05
-0.05555555555555556,16.66666666666667,-3.333333333333333,-1.0,-7.473094758848614e-05
-0.05555555555555556,16.66666666666667,-1.1111111111111107,-1.0,-7.473094758848614e-05
-0.05555555555555556,16.66666666666667,1.1111111111111107,-1.0,7.473094758848614e-05
-0.05555555555555556,16.66666666666667,3.333333333333334,-1.0,7.473094758848614e-05
-0.05555555555555556,16.66666666666667,5.555555555555557,-1.0,7.473094758848614e-05
-0.05555555555555556,16.66666666666667,7.777777777777779,-1.0,7.473094758848614e-05
-0.05555555555555556,16.66666666666667,10.0,-1.0,7.473094758848614e-05
-0.05555555555555556,23.333333333333336,-10.0,-1.0,-7.473094758848614e-05
-0.05555555555555556,23.333333333333336,-7.777777777777778,-1.0,-7.473094758848614e-05
-0.05555555555555556,23.333333333333336,-5.555555555555555,-1.0,-7.473094758848614e-05
-0.05555555555555556,23.333333333333336,-3.333333333333333,-1.0,-7.473094758848614e-05
-0.05555555555555556,23.333333333333336,-1.1111111111111107,-1.0,-7.473094758848614e-05
-0.05555555555555556,23.333333333333336,1.1111111111111107,-1.0,7.473094758848614e-05
-0.05555555555555556,23.333333333333336,3.333333333333334,-1.0,7.473094758848614e-05
-0.05555555555555556,23.333333333333336,5.555555555555557,-1.0,7.473094758848614e-05
-0.05555555555555556,23.333333333333336,7.777777777777779,-1.0,7.473094758848614e-05
-0.05555555555555556,23.333333333333336,10.0,-1.0,7.473094758848614e-05
-0.05555555555555556,30.0,-10.0,-1.0,-7.473094758848614e-05
-0.05555555555555556,30.0,-7.777777777777778,-1.0,-7.473094758848614e-05
-0.05555555555555556,30.0,-5.555555555555555,-1.0,-7.473094758848614e-05
-0.05555555555555556,30.0,-3.333333333333333,-1.0,-7.473094758848614e-05
-0.05555555555555556,30.0,-1.1111111111111107,-1.0,-7.473094758848614e-05
-0.05555555555555556,30.0,1.1111111111111107,-1.0,7.473094758848614e-05
-0.05555555555555556,30.0,3.333333333333334,-1.0,7.473094758848614e-05
-0.05555555555555556,30.0,5.555555555555557,-1.0,7.473094758848614e-05
-0.05555555555555556,30.0,7.777777777777779,-1.0,7.473094758848614e-05
-0.05555555555555556,30.0,10.0,-1.0,7.473094758848614e-05
-0.03333333333333334,-30.0,-10.0,-1.0,-0.0015218314637714446
-0.03333333333333334,-30.0,-7.777777777777778,-1.0,-0.0015218314637714446
-0.03333333333333334,-30.0,-5.555555555555555,-1.0,-0.0015218314637714446
-0.03333333333333334,-30.0,-3.333333333333333,-1.0,-0.0015218314637714446
-0.03333333333333334,-30.0,-1.1111111111111107,-1.0,-0.0015218314637714446
-0.03333333333333334,-30.0,1.1111111111111107,-1.0,0.0015218314637714446
-0.03333333333333334,-30.0,3.333333333333334,-1.0,0.0015218314637714446
-0.03333333333333334,-30.0,5.555555555555557,-1.0,0.0015218314637714446
-0.03333333333333334,-30.0,7.777777777777779,-1.0,0.0015218314637714446
-0.03333333333333334,-30.0,10.0,-1.0,0.0015218314637714446
-0.03333333333333334,-23.333333333333332,-10.0,-1.0,-0.0015218314637714446
-0.03333333333333334,-23.333333333333332,-7.777777777777778,-1.0,-0.0015218314637714446
-0.03333333333333334,-23.333333333333332,-5.555555555555555,-1.0,-0.0015218314637714446
-0.03333333333333334,-23.333333333333332,-3.333333333333333,-1.0,-0.0015218314637714446
-0.03333333333333334,-23.333333333333332,-1.1111111111111107,-1.0,-0.0015218314637714446
-0.03333333333333334,-23.333333333333332,1.1111111111111107,-1.0,0.0015218314637714446
-0.03333333333333334,-23.333333333333332,3.333333333333334,-1.0,0.0015218314637714446
-0.03333333333333334,-23.333333333333332,5.555555555555557,-1.0,0.0015218314637714446
-0.03333333333333334,-23.333333333333332,7.777777777777779,-1.0,0.0015218314637714446
-0.03333333333333334,-23.333333333333332,10.0,-1.0,0.0015218314637714446
-0.03333333333333334,-16.666666666666664,-10.0,-1.0,-0.0015218314637714446
-0.03333333333333334,-16.666666666666664,-7.777777777777778,-1.0,-0.0015218314637714446
-0.03333333333333334,-16.666666666666664,-5.555555555555555,-1.0,-0.0015218314637714446
-0.03333333333333334,-16.666666666666664,-3.333333333333333,-1.0,-0.0015218314637714446
-0.03333333333333334,-16.666666666666664,-1.1111111111111107,-1.0,-0.0015218314637714446
-0.03333333333333334,-16.666666666666664,1.1111111111111107,-1.0,0.0015218314637714446
-0.03333333333333334,-16.666666666666664,3.333333333333334,-1.0,0.0015218314637714446
-0.03333333333333334,-16.666666666666664,5.555555555555557,-1.0,0.0015218314637714446
-0.03333333333333334,-16.666666666666664,7.777777777777779,-1.0,0.0015218314637714446
-0.03333333333333334,-16.666666666666664,10.0,-1.0,0.0015218314637714446
-0.03333333333333334,-10.0,-10.0,-1.0,-0.0015218314637714446
-0.03333333333333334,-10.0,-7.777777777777778,-1.0,-0.0015218314637714446
-0.03333333333333334,-10.0,-5.555555555555555,-1.0,-0.0015218314637714446
-0.03333333333333334,-10.0,-3.333333333333333,-1.0,-0.0015218314637714446
-0.03333333333333334,-10.0,-1.1111111111111107,-1.0,-0.0015218314637714446
-0.03333333333333334,-10.0,1.1111111111111107,-1.0,0.0015218314637714446
-0.03333333333333334,-10.0,3.333333333333334,-1.0,0.0015218314637714446
-0.03333333333333334,-10.0,5.555555555555557,-1.0,0.0015218314637714446
-0.03333333333333334,-10.0,7.777777777777779,-1.0,0.0015218314637714446
-0.03333333333333334,-10.0,10.0,-1.0,0.0015218314637714446
-0.03333333333333334,-3.333333333333332,-10.0,-1.0,-0.0015218314637714446
-0.03333333333333334,-3.333333333333332,-7.777777777777778,-1.0,-0.0015218314637714446
-0.03333333333333334,-3.333333333333332,-5.555555555555555,-1.0,-0.0015218314637714446
-0.03333333333333334,-3.333333333333332,-3.333333333333333,-1.0,-0.0015218314637714446
-0.03333333333333334,-3.333333333333332,-1.1111111111111107,-1.0,-0.0015218314637714446
-0.03333333333333334,-3.333333333333332,1.1111111111111107,-1.0,0.0015218314637714446
-0.03333333333333334,-3.333333333333332,3.333333333333334,-1.0,0.0015218314637714446
-0.03333333333333334,-3.333333333333332,5.555555555555557,-1.0,0.0015218314637714446
-0.03333333333333334,-3.333333333333332,7.777777777777779,-1.0,0.0015218314637714446
-0.03333333333333334,-3.333333333333332,10.0,-1.0,0.0015218314637714446
-0.03333333333333334,3.3333333333333357,-10.0,-1.0,-0.0015218314637714446
-0.03333333333333334,3.3333333333333357,-7.777777777777778,-1.0,-0.0015218314637714446
-0.03333333333333334,3.3333333333333357,-5.555555555555555,-1.0,-0.0015218314637714446
-0.03333333333333334,3.3333333333333357,-3.333333333333333,-1.0,-0.0015218314637714446
-0.03333333333333334,3.3333333333333357,-1.1111111111111107,-1.0,-0.0015218314637714446
-0.03333333333333334,3.3333333333333357,1.1111111111111107,-1.0,0.0015218314637714446
-0.03333333333333334,3.3333333333333357,3.333333333333334,-1.0,0.0015218314637714446
-0.03333333333333334,3.3333333333333357,5.555555555555557,-1.0,0.0015218314637714446
-0.03333333333333334,3.3333333333333357,7.777777777777779,-1.0,0.0015218314637714446
-0.03333333333333334,3.3333333333333357,10.0,-1.0,0.0015218314637714446
-0.03333333333333334,10.0,-10.0,-1.0,-0.0015218314637714446
-0.03333333333333334,10.0,-7.777777777777778,-1.0,-0.0015218314637714446
-0.03333333333333334,10.0,-5.555555555555555,-1.0,-0.0015218314637714446
-0.03333333333333334,10.0,-3.333333333333333,-1.0,-0.0015218314637714446
-0.03333333333333334,10.0,-1.1111111111111107,-1.0,-0.0015218314637714446
-0.03333333333333334,10.0,1.1111111111111107,-1.0,0.0015218314637714446
-0.03333333333333334,10.0,3.333333333333334,-1.0,0.0015218314637714446
-0.03333333333333334,10.0,5.555555555555557,-1.0,0.0015218314637714446
-0.03333333333333334,10.0,7.777777777777779,-1.0,0.0015218314637714446
-0.03333333333333334,10.0,10.0,-1.0,0.0015218314637714446
-0.03333333333333334,16.66666666666667,-10.0,-1.0,-0.0015218314637714446
-0.03333333333333334,16.66666666666667,-7.777777777777778,-1.0,-0.0015218314637714446
-0.03333333333333334,16.66666666666667,-5.555555555555555,-1.0,-0.0015218314637714446
-0.03333333333333334,16.66666666666667,-3.333333333333333,-1.0,-0.0015218314637714446
-0.03333333333333334,16.66666666666667,-1.1111111111111107,-1.0,-0.0015218314637714446
-0.03333333333333334,16.66666666666667,1.1111111111111107,-1.0,0.0015218314637714446
-0.03333333333333334,16.66666666666667,3.333333333333334,-1.0,0.0015218314637714446
-0.03333333333333334,16.66666666666667,5.555555555555557,-1.0,0.0015218314637714446
-0.03333333333333334,16.66666666666667,7.777777777777779,-1.0,0.0015218314637714446
-0.03333333333333334,16.66666666666667,10.0,-1.0,0.0015218314637714446
-0.03333333333333334,23.333333333333336,-10.0,-1.0,-0.0015218314637714446
-0.03333333333333334,23.333333333333336,-7.777777777777778,-1.0,-0.0015218314637714446
-0.03333333333333334,23.333333333333336,-5.555555555555555,-1.0,-0.0015218314637714446
-0.03333333333333334,23.333333333333336,-3.333333333333333,-1.0,-0.0015218314637714446
-0.03333333333333334,23.333333333333336,-1.1111111111111107,-1.0,-0.0015218314637714446
-0.03333333333333334,23.333333333333336,1.1111111111111107,-1.0,0.0015218314637714446
-0.03333333333333334,23.333333333333336,3.333333333333334,-1.0,0.0015218314637714446
-0.03333333333333334,23.333333333333336,5.555555555555557,-1.0,0.0015218314637714446
-0.03333333333333334,23.333333333333336,7.777777777777779,-1.0,0.0015218314637714446
-0.03333333333333334,23.333333333333336,10.0,-1.0,0.0015218314637714446
-0.03333333333333334,30.0,-10.0,-1.0,-0.0015218314637714446
-0.03333333333333334,30.0,-7.777777777777778,-1.0,-0.0015218314637714446
-0.03333333333333334,30.0,-5.555555555555555,-1.0,-0.0015218314637714446
-0.03333333333333334,30.0,-3.333333333333333,-1.0,-0.0015218314637714446
-0.03333333333333334,30.0,-1.1111111111111107,-1.0,-0.0015218314637714446
-0.03333333333333334,30.0,1.1111111111111107,-1.0,0.0015218314637714446
-0.03333333333333334,30.0,3.333333333333334,-1.0,0.0015218314637714446
-0.03333333333333334,30.0,5.555555555555557,-1.0,0.0015218314637714446
-0.03333333333333334,30.0,7.777777777777779,-1.0,0.0015218314637714446
-0.03333333333333334,30.0,10.0,-1.0,0.0015218314637714446
-0.011111111111111113,-30.0,-10.0,-1.0,-0.02420281865145277
-0.011111111111111113,-30.0,-7.777777777777778,-1.0,-0.02420281865145277
-0.011111111111111113,-30.0,-5.555555555555555,-1.0,-0.02420281865145277
-0.011111111111111113,-30.0,-3.333333333333333,-1.0,-0.02420281865145277
-0.011111111111111113,-30.0,-1.1111111111111107,-1.0,-0.02420281865145277
-0.011111111111111113,-30.0,1.1111111111111107,-1.0,0.02420281865145277
-0.011111111111111113,-30.0,3.333333333333334,-1.0,0.02420281865145277
-0.011111111111111113,-30.0,5.555555555555557,-1.0,0.02420281865145277
-0.011111111111111113,-30.0,7.777777777777779,-1.0,0.02420281865145277
-0.011111111111111113,-30.0,10.0,-1.0,0.02420281865145277
-0.011111111111111113,-23.333333333333332,-10.0,-1.0,-0.02420281865145277
-0.011111111111111113,-23.333333333333332,-7.777777777777778,-1.0,-0.02420281865145277
-0.011111111111111113,-23.333333333333332,-5.555555555555555,-1.0,-0.02420281865145277
-0.011111111111111113,-23.333333333333332,-3.333333333333333,-1.0,-0.02420281865145277
-0.011111111111111113,-23.333333333333332,-1.1111111111111107,-1.0,-0.02420281865145277
-0.011111111111111113,-23.333333333333332,1.1111111111111107,-1.0,0.02420281865145277
-0.011111111111111113,-23.333333333333332,3.333333333333334,-1.0,0.02420281865145277
-0.011111111111111113,-23.333333333333332,5.555555555555557,-1.0,0.02420281865145277
-0.011111111111111113,-23.333333333333332,7.777777777777779,-1.0,0.02420281865145277
-0.011111111111111113,-23.333333333333332,10.0,-1.0,0.02420281865145277
-0.011111111111111113,-16.666666666666664,-10.0,-1.0,-0.02420281865145277
-0.011111111111111113,-16.666666666666664,-7.777777777777778,-1.0,-0.02420281865145277
-0.011111111111111113,-16.666666666666664,-5.555555555555555,-1.0,-0.02420281865145277
-0.011111111111111113,-16.666666666666664,-3.333333333333333,-1.0,-0.02420281865145277
-0.011111111111111113,-16.666666666666664,-1.1111111111111107,-1.0,-0.02420281865145277
-0.011111111111111113,-16.666666666666664,1.1111111111111107,-1.0,0.02420281865145277
-0.011111111111111113,-16.666666666666664,3.333333333333334,-1.0,0.02420281865145277
-0.011111111111111113,-16.666666666666664,5.555555555555557,-1.0,0.02420281865145277
-0.011111111111111113,-16.666666666666664,7.777777777777779,-1.0,0.02420281865145277
-0.011111111111111113,-16.666666666666664,10.0,-1.0,0.02420281865145277
-0.011111111111111113,-10.0,-10.0,-1.0,-0.02420281865145277
-0.011111111111111113,-10.0,-7.777777777777778,-1.0,-0.02420281865145277
-0.011111111111111113,-10.0,-5.555555555555555,-1.0,-0.02420281865145277
-0.011111111111111113,-10.0,-3.333333333333333,-1.0,-0.02420281865145277
-0.011111111111111113,-10.0,-1.1111111111111107,-1.0,-0.02420281865145277
-0.011111111111111113,-10.0,1.1111111111111107,-1.0,0.02420281865145277
-0.011111111111111113,-10.0,3.333333333333334,-1.0,0.02420281865145277
-0.011111111111111113,-10.0,5.555555555555557,-1.0,0.02420281865145277
-0.011111111111111113,-10.0,7.777777777777779,-1.0,0.02420281865145277
-0.011111111111111113,-10.0,10.0,-1.0,0.02420281865145277
-0.011111111111111113,-3.333333333333332,-10.0,-1.0,-0.02420281865145277
-0.011111111111111113,-3.333333333333332,-7.777777777777778,-1.0,-0.02420281865145277
-0.011111111111111113,-3.333333333333332,-5.555555555555555,-1.0,-0.02420281865145277
-0.011111111111111113,-3.333333333333332,-3.333333333333333,-1.0,-0.02420281865145277
-0.011111111111111113,-3.333333333333332,-1.1111111111111107,-1.0,-0.02420281865145277
-0.011111111111111113,-3.333333333333332,1.1111111111111107,-1.0,0.02420281865145277
-0.011111111111111113,-3.333333333333332,3.333333333333334,-1.0,0.02420281865145277
-0.011111111111111113,-3.333333333333332,5.555555555555557,-1.0,0.02420281865145277
-0.011111111111111113,-3.333333333333332,7.777777777777779,-1.0,0.02420281865145277
-0.011111111111111113,-3.333333333333332,10.0,-1.0,0.02420281865145277
-0.011111111111111113,3.3333333333333357,-10.0,-1.0,-0.02420281865145277
-0.011111111111111113,3.3333333333333357,-7.777777777777778,-1.0,-0.02420281865145277
-0.011111111111111113,3.3333333333333357,-5.555555555555555,-1.0,-0.02420281865145277
-0.011111111111111113,3.3333333333333357,-3.333333333333333,-1.0,-0.02420281865145277
-0.011111111111111113,3.3333333333333357,-1.1111111111111107,-1.0,-0.02420281865145277
-0.011111111111111113,3.3333333333333357,1.1111111111111107,-1.0,0.02420281865145277
-0.011111111111111113,3.3333333333333357,3.333333333333334,-1.0,0.02420281865145277
-0.011111111111111113,3.3333333333333357,5.555555555555557,-1.0,0.02420281865145277
-0.011111111111111113,3.3333333333333357,7.777777777777779,-1.0,0.02420281865145277
-0.011111111111111113,3.3333333333333357,10.0,-1.0,0.02420281865145277
-0.011111111111111113,10.0,-10.0,-1.0,-0.02420281865145277
-0.011111111111111113,10.0,-7.777777777777778,-1.0,-0.02420281865145277
-0.011111111111111113,10.0,-5.555555555555555,-1.0,-0.02420281865145277
-0.011111111111111113,10.0,-3.333333333333333,-1.0,-0.02420281865145277
-0.011111111111111113,10.0,-1.1111111111111107,-1.0,-0.02420281865145277
-0.011111111111111113,10.0,1.1111111111111107,-1.0,0.02420281865145277
-0.011111111111111113,10.0,3.333333333333334,-1.0,0.02420281865145277
-0.011111111111111113,10.0,5.555555555555557,-1.0,0.02420281865145277
-0.011111111111111113,10.0,7.777777777777779,-1.0,0.02420281865145277
-0.011111111111111113,10.0,10.0,-1.0,0.02420281865145277
-0.011111111111111113,16.66666666666667,-10.0,-1.0,-0.02420281865145277
-0.011111111111111113,16.66666666666667,-7.777777777777778,-1.0,-0.02420281865145277
-0.011111111111111113,16.66666666666667,-5.555555555555555,-1.0,-0.02420281865145277
-0.011111111111111113,16.66666666666667,-3.333333333333333,-1.0,-0.02420281865145277
-0.011111111111111113,16.66666666666667,-1.1111111111111107,-1.0,-0.02420281865145277
-0.011111111111111113,16.66666666666667,1.1111111111111107,-1.0,0.02420281865145277
-0.011111111111111113,16.66666666666667,3.333333333333334,-1.0,0.02420281865145277
-0.011111111111111113,16.66666666666667,5.555555555555557,-1.0,0.02420281865145277
-0.011111111111111113,16.66666666666667,7.777777777777779,-1.0,0.02420281865145277
-0.011111111111111113,16.66666666666667,10.0,-1.0,0.02420281865145277
-0.011111111111111113,23.333333333333336,-10.0,-1.0,-0.02420281865145277
-0.011111111111111113,23.333333333333336,-7.777777777777778,-1.0,-0.02420281865145277
-0.011111111111111113,23.333333333333336,-5.555555555555555,-1.0,-0.02420281865145277
-0.011111111111111113,23.333333333333336,-3.333333333333333,-1.0,-0.02420281865145277
-0.011111111111111113,23.333333333333336,-1.1111111111111107,-1.0,-0.02420281865145277
-0.011111111111111113,23.333333333333336,1.1111111111111107,-1.0,0.02420281865145277
-0.011111111111111113,23.333333333333336,3.333333333333334,-1.0,0.02420281865145277
-0.011111111111111113,23.333333333333336,5.555555555555557,-1.0,0.02420281865145277
-0.011111111111111113,23.333333333333336,7.777777777777779,-1.0,0.02420281865145277
-0.011111111111111113,23.333333333333336,10.0,-1.0,0.02420281865145277
-0.011111111111111113,30.0,-10.0,-1.0,-0.02420281865145277
-0.011111111111111113,30.0,-7.777777777777778,-1.0,-0.02420281865145277
-0.011111111111111113,30.0,-5.555555555555555,-1.0,-0.02420281865145277
-0.011111111111111113,30.0,-3.333333333333333,-1.0,-0.02420281865145277
-0.011111111111111113,30.0,-1.1111111111111107,-1.0,-0.02420281865145277
-0.011111111111111113,30.0,1.1111111111111107,-1.0,0.02420281865145277
-0.011111111111111113,30.0,3.333333333333334,-1.0,0.02420281865145277
-0.011111111111111113,30.0,5.555555555555557,-1.0,0.02420281865145277
-0.011111111111111113,30.0,7.777777777777779,-1.0,0.02420281865145277
-0.011111111111111113,30.0,10.0,-1.0,0.02420281865145277
0.011111111111111113,-30.0,-10.0,-1.0,-0.02420281865145277
0.011111111111111113,-30.0,-7.777777777777778,-1.0,-0.02420281865145277
0.011111111111111113,-30.0,-5.555555555555555,-1.0,-0.02420281865145277
0.011111111111111113,-30.0,-3.333333333333333,-1.0,-0.02420281865145277
0.011111111111111113,-30.0,-1.1111111111111107,-1.0,-0.02420281865145277
0.011111111111111113,-30.0,1.1111111111111107,-1.0,0.02420281865145277
0.011111111111111113,-30.0,3.333333333333334,-1.0,0.02420281865145277
0.011111111111111113,-30.0,5.555555555555557,-1.0,0.02420281865145277
0.011111111111111113,-30.0,7.777777777777779,-1.0,0.02420281865145277
0.011111111111111113,-30.0,10.0,-1.0,0.02420281865145277
0.011111111111111113,-23.333333333333332,-10.0,-1.0,-0.02420281865145277
0.011111111111111113,-23.333333333333332,-7.777777777777778,-1.0,-0.02420281865145277
0.011111111111111113,-23.333333333333332,-5.555555555555555,-1.0,-0.02420281865145277
0.011111111111111113,-23.333333333333332,-3.333333333333333,-1.0,-0.02420281865145277
0.011111111111111113,-23.333333333333332,-1.1111111111111107,-1.0,-0.02420281865145277
0.011111111111111113,-23.333333333333332,1.1111111111111107,-1.0,0.02420281865145277
0.011111111111111113,-23.333333333333332,3.333333333333334,-1.0,0.02420281865145277
0.011111111111111113,-23.333333333333332,5.555555555555557,-1.0,0.02420281865145277
0.011111111111111113,-23.333333333333332,7.777777777777779,-1.0,0.02420281865145277
0.011111111111111113,-23.333333333333332,10.0,-1.0,0.02420281865145277
0.011111111111111113,-16.666666666666664,-10.0,-1.0,-0.02420281865145277
0.011111111111111113,-16.666666666666664,-7.777777777777778,-1.0,-0.02420281865145277
0.011111111111111113,-16.666666666666664,-5.555555555555555,-1.0,-0.02420281865145277
0.011111111111111113,-16.666666666666664,-3.333333333333333,-1.0,-0.02420281865145277
0.011111111111111113,-16.666666666666664,-1.1111111111111107,-1.0,-0.02420281865145277
0.011111111111111113,-16.666666666666664,1.1111111111111107,-1.0,0.02420281865145277
0.011111111111111113,-16.666666666666664,3.333333333333334,-1.0,0.02420281865145277
0.011111111111111113,-16.666666666666664,5.555555555555557,-1.0,0.02420281865145277
0.011111111111111113,-16.666666666666664,7.777777777777779,-1.0,0.02420281865145277
0.011111111111111113,-16.666666666666664,10.0,-1.0,0.02420281865145277
0.011111111111111113,-10.0,-10.0,-1.0,-0.02420281865145277
0.011111111111111113,-10.0,-7.777777777777778,-1.0,-0.02420281865145277
0.011111111111111113,-10.0,-5.555555555555555,-1.0,-0.02420281865145277
0.011111111111111113,-10.0,-3.333333333333333,-1.0,-0.02420281865145277
0.011111111111111113,-10.0,-1.1111111111111107,-1.0,-0.02420281865145277
0.011111111111111113,-10.0,1.1111111111111107,-1.0,0.02420281865145277
0.011111111111111113,-10.0,3.333333333333334,-1.0,0.02420281865145277
0.011111111111111113,-10.0,5.555555555555557,-1.0,0.02420281865145277
0.011111111111111113,-10.0,7.777777777777779,-1.0,0.02420281865145277
0.011111111111111113,-10.0,10.0,-1.0,0.02420281865145277
0.011111111111111113,-3.333333333333332,-10.0,-1.0,-0.02420281865145277
0.011111111111111113,-3.333333333333332,-7.777777777777778,-1.0,-0.02420281865145277
0.011111111111111113,-3.333333333333332,-5.555555555555555,-1.0,-0.02420281865145277
0.011111111111111113,-3.333333333333332,-3.333333333333333,-1.0,-0.02420281865145277
0.011111111111111113,-3.333333333333332,-1.1111111111111107,-1.0,-0.02420281865145277
0.011111111111111113,-3.333333333333332,1.1111111111111107,-1.0,0.02420281865145277
0.011111111111111113,-3.333333333333332,3.333333333333334,-1.0,0.02420281865145277
0.011111111111111113,-3.333333333333332,5.555555555555557,-1.0,0.02420281865145277
0.011111111111111113,-3.333333333333332,7.777777777777779,-1.0,0.02420281865145277
0.011111111111111113,-3.333333333333332,10.0,-1.0,0.02420281865145277
0.011111111111111113,3.3333333333333357,-10.0,-1.0,-0.02420281865145277
0.011111111111111113,3.3333333333333357,-7.777777777777778,-1.0,-0.02420281865145277
0.011111111111111113,3.3333333333333357,-5.555555555555555,-1.0,-0.02420281865145277
0.011111111111111113,3.3333333333333357,-3.333333333333333,-1.0,-0.02420281865145277
0.011111111111111113,3.3333333333333357,-1.1111111111111107,-1.0,-0.02420281865145277
0.011111111111111113,3.3333333333333357,1.1111111111111107,-1.0,0.02420281865145277
0.011111111111111113,3.3333333333333357,3.333333333333334,-1.0,0.02420281865145277
0.011111111111111113,3.3333333333333357,5.555555555555557,-1.0,0.02420281865145277
0.011111111111111113,3.3333333333333357,7.777777777777779,-1.0,0.02420281865145277
0.011111111111111113,3.3333333333333357,10.0,-1.0,0.02420281865145277
0.011111111111111113,10.0,-10.0,-1.0,-0.02420281865145277
0.011111111111111113,10.0,-7.777777777777778,-1.0,-0.02420281865145277
0.011111111111111113,10.0,-5.555555555555555,-1.0,-0.02420281865145277
0.011111111111111113,10.0,-3.333333333333333,-1.0,-0.02420281865145277
0.011111111111111113,10.0,-1.1111111111111107,-1.0,-0.02420281865145277
0.011111111111111113,10.0,1.1111111111111107,-1.0,0.02420281865145277
0.011111111111111113,10.0,3.333333333333334,-1.0,0.02420281865145277
0.011111111111111113,10.0,5.555555555555557,-1.0,0.02420281865145277
0.011111111111111113,10.0,7.777777777777779,-1.0,0.02420281865145277
0.011111111111111113,10.0,10.0,-1.0,0.02420281865145277
0.011111111111111113,16.66666666666667,-10.0,-1.0,-0.02420281865145277
0.011111111111111113,16.66666666666667,-7.777777777777778,-1.0,-0.02420281865145277
0.011111111111111113,16.66666666666667,-5.555555555555555,-1.0,-0.02420281865145277
0.011111111111111113,16.66666666666667,-3.333333333333333,-1.0,-0.02420281865145277
0.011111111111111113,16.66666666666667,-1.1111111111111107,-1.0,-0.02420281865145277
0.011111111111111113,16.66666666666667,1.1111111111111107,-1.0,0.02420281865145277
0.011111111111111113,16.66666666666667,3.333333333333334,-1.0,0.02420281865145277
0.011111111111111113,16.66666666666667,5.555555555555557,-1.0,0.02420281865145277
0.011111111111111113,16.66666666666667,7.777777777777779,-1.0,0.02420281865145277
0.011111111111111113,16.66666666666667,10.0,-1.0,0.02420281865145277
0.011111111111111113,23.333333333333336,-10.0,-1.0,-0.02420281865145277
0.011111111111111113,23.333333333333336,-7.777777777777778,-1.0,-0.02420281865145277
0.011111111111111113,23.333333333333336,-5.555555555555555,-1.0,-0.02420281865145277
0.011111111111111113,23.333333333333336,-3.333333333333333,-1.0,-0.02420281865145277
0.011111111111111113,23.333333333333336,-1.1111111111111107,-1.0,-0.02420281865145277
0.011111111111111113,23.333333333333336,1.1111111111111107,-1.0,0.02420281865145277
0.011111111111111113,23.333333333333336,3.333333333333334,-1.0,0.02420281865145277
0.011111111111111113,23.333333333333336,5.555555555555557,-1.0,0.02420281865145277
0.011111111111111113,23.333333333333336,7.777777777777779,-1.0,0.02420281865145277
0.011111111111111113,23.333333333333336,10.0,-1.0,0.02420281865145277
0.011111111111111113,30.0,-10.0,-1.0,-0.02420281865145277
0.011111111111111113,30.0,-7.777777777777778,-1.0,-0.02420281865145277
0.011111111111111113,30.0,-5.555555555555555,-1.0,-0.02420281865145277
0.011111111111111113,30.0,-3.333333333333333,-1.0,-0.02420281865145277
0.011111111111111113,30.0,-1.1111111111111107,-1.0,-0.02420281865145277
0.011111111111111113,30.0,1.1111111111111107,-1.0,0.02420281865145277
0.011111111111111113,30.0,3.333333333333334,-1.0,0.02420281865145277
0.011111111111111113,30.0,5.555555555555557,-1.0,0.02420281865145277
0.011111111111111113,30.0,7.777777777777779,-1.0,0.02420281865145277
0.011111111111111113,30.0,10.0,-1.0,0.02420281865145277
0.033333333333333326,-30.0,-10.0,-1.0,-0.0015218314637714654
0.033333333333333326,-30.0,-7.777777777777778,-1.0,-0.0015218314637714654
0.033333333333333326,-30.0,-5.555555555555555,-1.0,-0.0015218314637714654
0.033333333333333326,-30.0,-3.333333333333333,-1.0,-0.0015218314637714654
0.033333333333333326,-30.0,-1.1111111111111107,-1.0,-0.0015218314637714654
0.033333333333333326,-30.0,1.1111111111111107,-1.0,0.0015218314637714654
0.033333333333333326,-30.0,3.333333333333334,-1.0,0.0015218314637714654
0.033333333333333326,-30.0,5.555555555555557,-1.0,0.0015218314637714654
0.033333333333333326,-30.0,7.777777777777779,-1.0,0.0015218314637714654
0.033333333333333326,-30.0,10.0,-1.0,0.0015218314637714654
0.033333333333333326,-23.333333333333332,-10.0,-1.0,-0.0015218314637714654
0.033333333333333326,-23.333333333333332,-7.777777777777778,-1.0,-0.0015218314637714654
0.033333333333333326,-23.333333333333332,-5.555555555555555,-1.0,-0.0015218314637714654
0.033333333333333326,-23.333333333333332,-3.333333333333333,-1.0,-0.0015218314637714654
0.033333333333333326,-23.333333333333332,-1.1111111111111107,-1.0,-0.0015218314637714654
0.033333333333333326,-23.333333333333332,1.1111111111111107,-1.0,0.0015218314637714654
0.033333333333333326,-23.333333333333332,3.333333333333334,-1.0,0.0015218314637714654
0.033333333333333326,-23.333333333333332,5.555555555555557,-1.0,0.0015218314637714654
0.033333333333333326,-23.333333333333332,7.777777777777779,-1.0,0.0015218314637714654
0.033333333333333326,-23.333333333333332,10.0,-1.0,0.0015218314637714654
0.033333333333333326,-16.666666666666664,-10.0,-1.0,-0.0015218314637714654
0.033333333333333326,-16.666666666666664,-7.777777777777778,-1.0,-0.0015218314637714654
0.033333333333333326,-16.666666666666664,-5.555555555555555,-1.0,-0.0015218314637714654
0.033333333333333326,-16.666666666666664,-3.333333333333333,-1.0,-0.0015218314637714654
0.033333333333333326,-16.666666666666664,-1.1111111111111107,-1.0,-0.0015218314637714654
0.033333333333333326,-16.666666666666664,1.1111111111111107,-1.0,0.0015218314637714654
0.033333333333333326,-16.666666666666664,3.333333333333334,-1.0,0.0015218314637714654
0.033333333333333326,-16.666666666666664,5.555555555555557,-1.0,0.0015218314637714654
0.033333333333333326,-16.666666666666664,7.777777777777779,-1.0,0.0015218314637714654
0.033333333333333326,-16.666666666666664,10.0,-1.0,0.0015218314637714654
0.033333333333333326,-10.0,-10.0,-1.0,-0.0015218314637714654
0.033333333333333326,-10.0,-7.777777777777778,-1.0,-0.0015218314637714654
0.033333333333333326,-10.0,-5.555555555555555,-1.0,-0.0015218314637714654
0.033333333333333326,-10.0,-3.333333333333333,-1.0,-0.0015218314637714654
0.033333333333333326,-10.0,-1.1111111111111107,-1.0,-0.0015218314637714654
0.033333333333333326,-10.0,1.1111111111111107,-1.0,0.0015218314637714654
0.033333333333333326,-10.0,3.333333333333334,-1.0,0.0015218314637714654
0.033333333333333326,-10.0,5.555555555555557,-1.0,0.0015218314637714654
0.033333333333333326,-10.0,7.777777777777779,-1.0,0.0015218314637714654
0.033333333333333326,-10.0,10.0,-1.0,0.0015218314637714654
0.033333333333333326,-3.333333333333332,-10.0,-1.0,-0.0015218314637714654
0.033333333333333326,-3.333333333333332,-7.777777777777778,-1.0,-0.0015218314637714654
0.033333333333333326,-3.333333333333332,-5.555555555555555,-1.0,-0.0015218314637714654
0.033333333333333326,-3.333333333333332,-3.333333333333333,-1.0,-0.0015218314637714654
0.033333333333333326,-3.333333333333332,-1.1111111111111107,-1.0,-0.0015218314637714654
0.033333333333333326,-3.333333333333332,1.1111111111111107,-1.0,0.0015218314637714654
0.033333333333333326,-3.333333333333332,3.333333333333334,-1.0,0.0015218314637714654
0.033333333333333326,-3.333333333333332,5.555555555555557,-1.0,0.0015218314637714654
0.033333333333333326,-3.333333333333332,7.777777777777779,-1.0,0.0015218314637714654
0.033333333333333326,-3.333333333333332,10.0,-1.0,0.0015218314637714654
0.033333333333333326,3.3333333333333357,-10.0,-1.0,-0.0015218314637714654
0.033333333333333326,3.3333333333333357,-7.777777777777778,-1.0,-0.0015218314637714654
0.033333333333333326,3.3333333333333357,-5.555555555555555,-1.0,-0.0015218314637714654
0.033333333333333326,3.3333333333333357,-3.333333333333333,-1.0,-0.0015218314637714654
0.033333333333333326,3.3333333333333357,-1.1111111111111107,-1.0,-0.0015218314637714654
0.033333333333333326,3.3333333333333357,1.1111111111111107,-1.0,0.0015218314637714654
0.033333333333333326,3.3333333333333357,3.333333333333334,-1.0,0.0015218314637714654
0.033333333333333326,3.3333333333333357,5.555555555555557,-1.0,0.0015218314637714654
0.033333333333333326,3.3333333333333357,7.777777777777779,-1.0,0.0015218314637714654
0.033333333333333326,3.3333333333333357,10.0,-1.0,0.0015218314637714654
0.033333333333333326,10.0,-10.0,-1.0,-0.0015218314637714654
0.033333333333333326,10.0,-7.777777777777778,-1.0,-0.0015218314637714654
0.033333333333333326,10.0,-5.555555555555555,-1.0,-0.0015218314637714654
0.033333333333333326,10.0,-3.333333333333333,-1.0,-0.0015218314637714654
0.033333333333333326,10.0,-1.1111111111111107,-1.0,-0.0015218314637714654
0.033333333333333326,10.0,1.1111111111111107,-1.0,0.0015218314637714654
0.033333333333333326,10.0,3.333333333333334,-1.0,0.0015218314637714654
0.033333333333333326,10.0,5.555555555555557,-1.0,0.0015218314637714654
0.033333333333333326,10.0,7.777777777777779,-1.0,0.0015218314637714654
0.033333333333333326,10.0,10.0,-1.0,0.0015218314637714654
0.033333333333333326,16.66666666666667,-10.0,-1.0,-0.0015218314637714654
0.033333333333333326,16.66666666666667,-7.777777777777778,-1.0,-0.0015218314637714654
0.033333333333333326,16.66666666666667,-5.555555555555555,-1.0,-0.0015218314637714654
0.033333333333333326,16.66666666666667,-3.333333333333333,-1.0,-0.0015218314637714654
0.033333333333333326,16.66666666666667,-1.1111111111111107,-1.0,-0.0015218314637714654
0.033333333333333326,16.66666666666667,1.1111111111111107,-1.0,0.0015218314637714654
0.033333333333333326,16.66666666666667,3.333333333333334,-1.0,0.0015218314637714654
0.033333333333333326,16.66666666666667,5.555555555555557,-1.0,0.0015218314637714654
0.033333333333333326,16.66666666666667,7.777777777777779,-1.0,0.0015218314637714654
0.033333333333333326,16.66666666666667,10.0,-1.0,0.0015218314637714654
0.033333333333333326,23.333333333333336,-10.0,-1.0,-0.0015218314637714654
0.033333333333333326,23.333333333333336,-7.777777777777778,-1.0,-0.0015218314637714654
0.033333333333333326,23.333333333333336,-5.555555555555555,-1.0,-0.0015218314637714654
0.033333333333333326,23.333333333333336,-3.333333333333333,-1.0,-0.0015218314637714654
0.033333333333333326,23.333333333333336,-1.1111111111111107,-1.0,-0.0015218314637714654
0.033333333333333326,23.333333333333336,1.1111111111111107,-1.0,0.0015218314637714654
0.033333333333333326,23.333333333333336,3.333333333333334,-1.0,0.0015218314637714654
0.033333333333333326,23.333333333333336,5.555555555555557,-1.0,0.0015218314637714654
0.033333333333333326,23.333333333333336,7.777777777777779,-1.0,0.0015218314637714654
0.033333333333333326,23.333333333333336,10.0,-1.0,0.0015218314637714654
0.033333333333333326,30.0,-10.0,-1.0,-0.0015218314637714654
0.033333333333333326,30.0,-7.777777777777778,-1.0,-0.0015218314637714654
0.033333333333333326,30.0,-5.555555555555555,-1.0,-0.0015218314637714654
0.033333333333333326,30.0,-3.333333333333333,-1.0,-0.0015218314637714654
0.033333333333333326,30.0,-1.1111111111111107,-1.0,-0.0015218314637714654
0.033333333333333326,30.0,1.1111111111111107,-1.0,0.0015218314637714654
0.033333333333333326,30.0,3.333333333333334,-1.0,0.0015218314637714654
0.033333333333333326,30.0,5.555555555555557,-1.0,0.0015218314637714654
0.033333333333333326,30.0,7.777777777777779,-1.0,0.0015218314637714654
0.033333333333333326,30.0,10.0,-1.0,0.0015218314637714654
0.05555555555555555,-30.0,-10.0,-1.0,-7.473094758848442e-05
0.05555555555555555,-30.0,-7.777777777777778,-1.0,-7.473094758848442e-05
0.05555555555555555,-30.0,-5.555555555555555,-1.0,-7.473094758848442e-05
0.05555555555555555,-30.0,-3.333333333333333,-1.0,-7.473094758848442e-05
0.05555555555555555,-30.0,-1.1111111111111107,-1.0,-7.473094758848442e-05
0.05555555555555555,-30.0,1.1111111111111107,-1.0,7.473094758848442e-05
0.05555555555555555,-30.0,3.333333333333334,-1.0,7.473094758848442e-05
0.05555555555555555,-30.0,5.555555555555557,-1.0,7.473094758848442e-05
0.05555555555555555,-30.0,7.777777777777779,-1.0,7.473094758848442e-05
0.05555555555555555,-30.0,10.0,-1.0,7.473094758848442e-05
0.05555555555555555,-23.333333333333332,-10.0,-1.0,-7.473094758848442e-05
0.05555555555555555,-23.333333333333332,-7.777777777777778,-1.0,-7.473094758848442e-05
0.05555555555555555,-23.333333333333332,-5.555555555555555,-1.0,-7.473094758848442e-05
0.05555555555555555,-23.333333333333332,-3.333333333333333,-1.0,-7.473094758848442e-05
0.05555555555555555,-23.333333333333332,-1.1111111111111107,-1.0,-7.473094758848442e-05
0.05555555555555555,-23.333333333333332,1.1111111111111107,-1.0,7.473094758848442e-05
0.05555555555555555,-23.333333333333332,3.333333333333334,-1.0,7.473094758848442e-05
0.05555555555555555,-23.333333333333332,5.555555555555557,-1.0,7.473094758848442e-05
0.05555555555555555,-23.333333333333332,7.777777777777779,-1.0,7.473094758848442e-05
0.05555555555555555,-23.333333333333332,10.0,-1.0,7.473094758848442e-05
0.05555555555555555,-16.666666666666664,-10.0,-1.0,-7.473094758848442e-05
0.05555555555555555,-16.666666666666664,-7.777777777777778,-1.0,-7.473094758848442e-05
0.05555555555555555,-16.666666666666664,-5.555555555555555,-1.0,-7.473094758848442e-05
0.05555555555555555,-16.666666666666664,-3.333333333333333,-1.0,-7.473094758848442e-05
0.05555555555555555,-16.666666666666664,-1.1111111111111107,-1.0,-7.473094758848442e-05
0.05555555555555555,-16.666666666666664,1.1111111111111107,-1.0,7.473094758848442e-05
0.05555555555555555,-16.666666666666664,3.333333333333334,-1.0,7.473094758848442e-05
0.05555555555555555,-16.666666666666664,5.555555555555557,-1.0,7.473094758848442e-05
0.05555555555555555,-16.666666666666664,7.777777777777779,-1.0,7.473094758848442e-05
0.05555555555555555,-16.666666666666664,10.0,-1.0,7.473094758848442e-05
0.05555555555555555,-10.0,-10.0,-1.0,-7.473094758848442e-05
0.05555555555555555,-10.0,-7.777777777777778,-1.0,-7.473094758848442e-05
0.05555555555555555,-10.0,-5.555555555555555,-1.0,-7.473094758848442e-05
0.05555555555555555,-10.0,-3.333333333333333,-1.0,-7.473094758848442e-05
0.05555555555555555,-10.0,-1.1111111111111107,-1.0,-7.473094758848442e-05
0.05555555555555555,-10.0,1.1111111111111107,-1.0,7.473094758848442e-05
0.05555555555555555,-10.0,3.333333333333334,-1.0,7.473094758848442e-05
0.05555555555555555,-10.0,5.555555555555557,-1.0,7.473094758848442e-05
0.05555555555555555,-10.0,7.777777777777779,-1.0,7.473094758848442e-05
0.05555555555555555,-10.0,10.0,-1.0,7.473094758848442e-05
0.05555555555555555,-3.333333333333332,-10.0,-1.0,-7.473094758848442e-05
0.05555555555555555,-3.333333333333332,-7.777777777777778,-1.0,-7.473094758848442e-05
0.05555555555555555,-3.333333333333332,-5.555555555555555,-1.0,-7.473094758848442e-05
0.05555555555555555,-3.333333333333332,-3.333333333333333,-1.0,-7.473094758848442e-05
0.05555555555555555,-3.333333333333332,-1.1111111111111107,-1.0,-7.473094758848442e-05
0.05555555555555555,-3.333333333333332,1.1111111111111107,-1.0,7.473094758848442e-05
0.05555555555555555,-3.333333333333332,3.333333333333334,-1.0,7.473094758848442e-05
0.05555555555555555,-3.333333333333332,5.555555555555557,-1.0,7.473094758848442e-05
0.05555555555555555,-3.333333333333332,7.777777777777779,-1.0,7.473094758848442e-05
0.05555555555555555,-3.333333333333332,10.0,-1.0,7.473094758848442e-05
0.05555555555555555,3.3333333333333357,-10.0,-1.0,-7.473094758848442e-05
0.05555555555555555,3.3333333333333357,-7.777777777777778,-1.0,-7.473094758848442e-05
0.05555555555555555,3.3333333333333357,-5.555555555555555,-1.0,-7.473094758848442e-05
0.05555555555555555,3.3333333333333357,-3.333333333333333,-1.0,-7.473094758848442e-05
0.05555555555555555,3.3333333333333357,-1.1111111111111107,-1.0,-7.473094758848442e-05
0.05555555555555555,3.3333333333333357,1.1111111111111107,-1.0,7.473094758848442e-05
0.05555555555555555,3.3333333333333357,3.333333333333334,-1.0,7.473094758848442e-05
0.05555555555555555,3.3333333333333357,5.555555555555557,-1.0,7.473094758848442e-05
0.05555555555555555,3.3333333333333357,7.777777777777779,-1.0,7.473094758848442e-05
0.05555555555555555,3.3333333333333357,10.0,-1.0,7.473094758848442e-05
0.05555555555555555,10.0,-10.0,-1.0,-7.473094758848442e-05
0.05555555555555555,10.0,-7.777777777777778,-1.0,-7.473094758848442e-05
0.05555555555555555,10.0,-5.555555555555555,-1.0,-7.473094758848442e-05
0.05555555555555555,10.0,-3.333333333333333,-1.0,-7.473094758848442e-05
0.05555555555555555,10.0,-1.1111111111111107,-1.0,-7.473094758848442e-05
0.05555555555555555,10.0,1.1111111111111107,-1.0,7.473094758848442e-05
0.05555555555555555,10.0,3.333333333333334,-1.0,7.473094758848442e-05
0.05555555555555555,10.0,5.555555555555557,-1.0,7.473094758848442e-05
0.05555555555555555,10.0,7.777777777777779,-1.0,7.473094758848442e-05
0.05555555555555555,10.0,10.0,-1.0,7.473094758848442e-05
0.05555555555555555,16.66666666666667,-10.0,-1.0,-7.473094758848442e-05
0.05555555555555555,16.66666666666667,-7.777777777777778,-1.0,-7.473094758848442e-05
0.05555555555555555,16.66666666666667,-5.555555555555555,-1.0,-7.473094758848442e-05
0.05555555555555555,16.66666666666667,-3.333333333333333,-1.0,-7.473094758848442e-05
0.05555555555555555,16.66666666666667,-1.1111111111111107,-1.0,-7.473094758848442e-05
0.05555555555555555,16.66666666666667,1.1111111111111107,-1.0,7.473094758848442e-05
0.05555555555555555,16.66666666666667,3.333333333333334,-1.0,7.473094758848442e-05
0.05555555555555555,16.66666666666667,5.555555555555557,-1.0,7.473094758848442e-05
0.05555555555555555,16.66666666666667,7.777777777777779,-1.0,7.473094758848442e-05
0.05555555555555555,16.66666666666667,10.0,-1.0,7.473094758848442e-05
0.05555555555555555,23.333333333333336,-10.0,-1.0,-7.473094758848442e-05
0.05555555555555555,23.333333333333336,-7.777777777777778,-1.0,-7.473094758848442e-05
0.05555555555555555,23.333333333333336,-5.555555555555555,-1.0,-7.473094758848442e-05
0.05555555555555555,23.333333333333336,-3.333333333333333,-1.0,-7.473094758848442e-05
0.05555555555555555,23.333333333333336,-1.1111111111111107,-1.0,-7.473094758848442e-05
0.05555555555555555,23.333333333333336,1.1111111111111107,-1.0,7.473094758848442e-05
0.05555555555555555,23.333333333333336,3.333333333333334,-1.0,7.473094758848442e-05
0.05555555555555555,23.333333333333336,5.555555555555557,-1.0,7.473094758848442e-05
0.05555555555555555,23.333333333333336,7.777777777777779,-1.0,7.473094758848442e-05
0.05555555555555555,23.333333333333336,10.0,-1.0,7.473094758848442e-05
0.05555555555555555,30.0,-10.0,-1.0,-7.473094758848442e-05
0.05555555555555555,30.0,-7.777777777777778,-1.0,-7.473094758848442e-05
0.05555555555555555,30.0,-5.555555555555555,-1.0,-7.473094758848442e-05
0.05555555555555555,30.0,-3.333333333333333,-1.0,-7.473094758848442e-05
0.05555555555555555,30.0,-1.1111111111111107,-1.0,-7.473094758848442e-05
0.05555555555555555,30.0,1.1111111111111107,-1.0,7.473094758848442e-05
0.05555555555555555,30.0,3.333333333333334,-1.0,7.473094758848442e-05
0.05555555555555555,30.0,5.555555555555557,-1.0,7.473094758848442e-05
0.05555555555555555,30.0,7.777777777777779,-1.0,7.473094758848442e-05
0.05555555555555555,30.0,10.0,-1.0,7.473094758848442e-05
0.07777777777777778,-30.0,-10.0,-1.0,-0.0
0.07777777777777778,-30.0,-7.777777777777778,-1.0,-0.0
0.07777777777777778,-30.0,-5.555555555555555,-1.0,-0.0
0.07777777777777778,-30.0,-3.333333333333333,-1.0,-0.0
0.07777777777777778,-30.0,-1.1111111111111107,-1.0,-0.0
0.07777777777777778,-30.0,1.1111111111111107,-1.0,0.0
0.07777777777777778,-30.0,3.333333333333334,-1.0,0.0
0.07777777777777778,-30.0,5.555555555555557,-1.0,0.0
0.07777777777777778,-30.0,7.777777777777779,-1.0,0.0
0.07777777777777778,-30.0,10.0,-1.0,0.0
0.07777777777777778,-23.333333333333332,-10.0,-1.0,-0.0
0.07777777777777778,-23.333333333333332,-7.777777777777778,-1.0,-0.0
0.07777777777777778,-23.333333333333332,-5.555555555555555,-1.0,-0.0
0.07777777777777778,-23.333333333333332,-3.333333333333333,-1.0,-0.0
0.07777777777777778,-23.333333333333332,-1.1111111111111107,-1.0,-0.0
0.07777777777777778,-23.333333333333332,1.1111111111111107,-1.0,0.0
0.07777777777777778,-23.333333333333332,3.333333333333334,-1.0,0.0
0.07777777777777778,-23.333333333333332,5.555555555555557,-1.0,0.0
0.07777777777777778,-23.333333333333332,7.777777777777779,-1.0,0.0
0.07777777777777778,-23.333333333333332,10.0,-1.0,0.0
0.07777777777777778,-16.666666666666664,-10.0,-1.0,-0.0
0.07777777777777778,-16.666666666666664,-7.777777777777778,-1.0,-0.0
0.07777777777777778,-16.666666666666664,-5.555555555555555,-1.0,-0.0
0.07777777777777778,-16.666666666666664,-3.333333333333333,-1.0,-0.0
0.07777777777777778,-16.666666666666664,-1.1111111111111107,-1.0,-0.0
0.07777777777777778,-16.666666666666664,1.1111111111111107,-1.0,0.0
0.07777777777777778,-16.666666666666664,3.333333333333334,-1.0,0.0
0.07777777777777778,-16.666666666666664,5.555555555555557,-1.0,0.0
0.07777777777777778,-16.666666666666664,7.777777777777779,-1.0,0.0
0.07777777777777778,-16.666666666666664,10.0,-1.0,0.0
0.07777777777777778,-10.0,-10.0,-1.0,-0.0
0.07777777777777778,-10.0,-7.777777777777778,-1.0,-0.0
0.07777777777777778,-10.0,-5.555555555555555,-1.0,-0.0
0.07777777777777778,-10.0,-3.333333333333333,-1.0,-0.0
0.07777777777777778,-10.0,-1.1111111111111107,-1.0,-0.0
0.07777777777777778,-10.0,1.1111111111111107,-1.0,0.0
0.07777777777777778,-10.0,3.333333333333334,-1.0,0.0
0.07777777777777778,-10.0,5.555555555555557,-1.0,0.0
0.07777777777777778,-10.0,7.777777777777779,-1.0,0.0
0.07777777777777778,-10.0,10.0,-1.0,0.0
0.07777777777777778,-3.333333333333332,-10.0,-1.0,-0.0
0.07777777777777778,-3.333333333333332,-7.777777777777778,-1.0,-0.0
0.07777777777777778,-3.333333333333332,-5.555555555555555,-1.0,-0.0
0.07777777777777778,-3.333333333333332,-3.333333333333333,-1.0,-0.0
0.07777777777777778,-3.333333333333332,-1.1111111111111107,-1.0,-0.0
0.07777777777777778,-3.333333333333332,1.1111111111111107,-1.0,0.0
0.07777777777777778,-3.333333333333332,3.333333333333334,-1.0,0.0
0.07777777777777778,-3.333333333333332,5.555555555555557,-1.0,0.0
0.07777777777777778,-3.333333333333332,7.777777777777779,-1.0,0.0
0.07777777777777778,-3.333333333333332,10.0,-1.0,0.0
0.07777777777777778,3.3333333333333357,-10.0,-1.0,-0.0
0.07777777777777778,3.3333333333333357,-7.777777777777778,-1.0,-0.0
0.07777777777777778,3.3333333333333357,-5.555555555555555,-1.0,-0.0
0.07777777777777778,3.3333333333333357,-3.333333333333333,-1.0,-0.0
0.07777777777777778,3.3333333333333357,-1.1111111111111107,-1.0,-0.0
0.07777777777777778,3.3333333333333357,1.1111111111111107,-1.0,0.0
0.07777777777777778,3.3333333333333357,3.333333333333334,-1.0,0.0
0.07777777777777778,3.3333333333333357,5.555555555555557,-1.0,0.0
0.07777777777777778,3.3333333333333357,7.777777777777779,-1.0,0.0
0.07777777777777778,3.3333333333333357,10.0,-1.0,0.0
0.07777777777777778,10.0,-10.0,-1.0,-0.0
0.07777777777777778,10.0,-7.777777777777778,-1.0,-0.0
0.07777777777777778,10.0,-5.555555555555555,-1.0,-0.0
0.07777777777777778,10.0,-3.333333333333333,-1.0,-0.0
0.07777777777777778,10.0,-1.1111111111111107,-1.0,-0.0
0.07777777777777778,10.0,1.1111111111111107,-1.0,0.0
0.07777777777777778,10.0,3.333333333333334,-1.0,0.0
0.07777777777777778,10.0,5.555555555555557,-1.0,0.0
0.07777777777777778,10.0,7.777777777777779,-1.0,0.0
0.07777777777777778,10.0,10.0,-1.0,0.0
0.07777777777777778,16.66666666666667,-10.0,-1.0,-0.0
0.07777777777777778,16.66666666666667,-7.777777777777778,-1.0,-0.0
0.07777777777777778,16.66666666666667,-5.555555555555555,-1.0,-0.0
0.07777777777777778,16.66666666666667,-3.333333333333333,-1.0,-0.0
0.07777777777777778,16.66666666666667,-1.1111111111111107,-1.0,-0.0
0.07777777777777778,16.66666666666667,1.1111111111111107,-1.0,0.0
0.07777777777777778,16.66666666666667,3.333333333333334,-1.0,0.0
0.07777777777777778,16.66666666666667,5.555555555555557,-1.0,0.0
0.07777777777777778,16.66666666666667,7.777777777777779,-1.0,0.0
0.07777777777777778,16.66666666666667,10.0,-1.0,0.0
0.07777777777777778,23.333333333333336,-10.0,-1.0,-0.0
0.07777777777777778,23.333333333333336,-7.777777777777778,-1.0,-0.0
0.07777777777777778,23.333333333333336,-5.555555555555555,-1.0,-0.0
0.07777777777777778,23.333333333333336,-3.333333333333333,-1.0,-0.0
0.07777777777777778,23.333333333333336,-1.1111111111111107,-1.0,-0.0
0.07777777777777778,23.333333333333336,1.1111111111111107,-1.0,0.0
0.07777777777777778,23.333333333333336,3.333333333333334,-1.0,0.0
0.07777777777777778,23.333333333333336,5.555555555555557,-1.0,0.0
0.07777777777777778,23.333333333333336,7.777777777777779,-1.0,0.0
0.07777777777777778,23.333333333333336,10.0,-1.0,0.0
0.07777777777777778,30.0,-10.0,-1.0,-0.0
0.07777777777777778,30.0,-7.777777777777778,-1.0,-0.0
0.07777777777777778,30.0,-5.555555555555555,-1.0,-0.0
0.07777777777777778,30.0,-3.333333333333333,-1.0,-0.0
0.07777777777777778,30.0,-1.1111111111111107,-1.0,-0.0
0.07777777777777778,30.0,1.1111111111111107,-1.0,0.0
0.07777777777777778,30.0,3.333333333333334,-1.0,0.0
0.07777777777777778,30.0,5.555555555555557,-1.0,0.0
0.07777777777777778,30.0,7.777777777777779,-1.0,0.0
0.07777777777777778,30.0,10.0,-1.0,0.0
0.1,-30.0,-10.0,-1.0,-0.0
0.1,-30.0,-7.777777777777778,-1.0,-0.0
0.1,-30.0,-5.555555555555555,-1.0,-0.0
0.1,-30.0,-3.333333333333333,-1.0,-0.0
0.1,-30.0,-1.1111111111111107,-1.0,-0.0
0.1,-30.0,1.1111111111111107,-1.0,0.0
0.1,-30.0,3.333333333333334,-1.0,0.0
0.1,-30.0,5.555555555555557,-1.0,0.0
0.1,-30.0,7.777777777777779,-1.0,0.0
0.1,-30.0,10.0,-1.0,0.0
0.1,-23.333333333333332,-10.0,-1.0,-0.0
0.1,-23.333333333333332,-7.777777777777778,-1.0,-0.0
0.1,-23.333333333333332,-5.555555555555555,-1.0,-0.0
0.1,-23.333333333333332,-3.333333333333333,-1.0,-0.0
0.1,-23.333333333333332,-1.1111111111111107,-1.0,-0.0
0.1,-23.333333333333332,1.1111111111111107,-1.0,0.0
0.1,-23.333333333333332,3.333333333333334,-1.0,0.0
0.1,-23.333333333333332,5.555555555555557,-1.0,0.0
0.1,-23.333333333333332,7.777777777777779,-1.0,0.0
0.1,-23.333333333333332,10.0,-1.0,0.0
0.1,-16.666666666666664,-10.0,-1.0,-0.0
0.1,-16.666666666666664,-7.777777777777778,-1.0,-0.0
0.1,-16.666666666666664,-5.555555555555555,-1.0,-0.0
0.1,-16.666666666666664,-3.333333333333333,-1.0,-0.0
0.1,-16.666666666666664,-1.1111111111111107,-1.0,-0.0
0.1,-16.666666666666664,1.1111111111111107,-1.0,0.0
0.1,-16.666666666666664,3.333333333333334,-1.0,0.0
0.1,-16.666666666666664,5.555555555555557,-1.0,0.0
0.1,-16.666666666666664,7.777777777777779,-1.0,0.0
0.1,-16.666666666666664,10.0,-1.0,0.0
0.1,-10.0,-10.0,-1.0,-0.0
0.1,-10.0,-7.777777777777778,-1.0,-0.0
0.1,-10.0,-5.555555555555555,-1.0,-0.0
0.1,-10.0,-3.333333333333333,-1.0,-0.0
0.1,-10.0,-1.1111111111111107,-1.0,-0.0
0.1,-10.0,1.1111111111111107,-1.0,0.0
0.1,-10.0,3.333333333333334,-1.0,0.0
0.1,-10.0,5.555555555555557,-1.0,0.0
0.1,-10.0,7.777777777777779,-1.0,0.0
0.1,-10.0,10.0,-1.0,0.0
0.1,-3.333333333333332,-10.0,-1.0,-0.0
0.1,-3.333333333333332,-7.777777777777778,-1.0,-0.0
0.1,-3.333333333333332,-5.555555555555555,-1.0,-0.0
0.1,-3.333333333333332,-3.333333333333333,-1.0,-0.0
0.1,-3.333333333333332,-1.1111111111111107,-1.0,-0.0
0.1,-3.333333333333332,1.1111111111111107,-1.0,0.0
0.1,-3.333333333333332,3.333333333333334,-1.0,0.0
0.1,-3.333333333333332,5.555555555555557,-1.0,0.0
0.1,-3.333333333333332,7.777777777777779,-1.0,0.0
0.1,-3.333333333333332,10.0,-1.0,0.0
0.1,3.3333333333333357,-10.0,-1.0,-0.0
0.1,3.3333333333333357,-7.777777777777778,-1.0,-0.0
0.1,3.3333333333333357,-5.555555555555555,-1.0,-0.0
0.1,3.3333333333333357,-3.333333333333333,-1.0,-0.0
0.1,3.3333333333333357,-1.1111111111111107,-1.0,-0.0
0.1,3.3333333333333357,1.1111111111111107,-1.0,0.0
0.1,3.3333333333333357,3.333333333333334,-1.0,0.0
0.1,3.3333333333333357,5.555555555555557,-1.0,0.0
0.1,3.3333333333333357,7.777777777777779,-1.0,0.0
0.1,3.3333333333333357,10.0,-1.0,0.0
0.1,10.0,-10.0,-1.0,-0.0
0.1,10.0,-7.777777777777778,-1.0,-0.0
0.1,10.0,-5.555555555555555,-1.0,-0.0
0.1,10.0,-3.333333333333333,-1.0,-0.0
0.1,10.0,-1.1111111111111107,-1.0,-0.0
0.1,10.0,1.1111111111111107,-1.0,0.0
0.1,10.0,3.333333333333334,-1.0,0.0
0.1,10.0,5.555555555555557,-1.0,0.0
0.1,10.0,7.777777777777779,-1.0,0.0
0.1,10.0,10.0,-1.0,0.0
0.1,16.66666666666667,-10.0,-1.0,-0.0
0.1,16.66666666666667,-7.777777777777778,-1.0,-0.0
0.1,16.66666666666667,-5.555555555555555,-1.0,-0.0
0.1,16.66666666666667,-3.333333333333333,-1.0,-0.0
0.1,16.66666666666667,-1.1111111111111107,-1.0,-0.0
0.1,16.66666666666667,1.1111111111111107,-1.0,0.0
0.1,16.66666666666667,3.333333333333334,-1.0,0.0
0.1,16.66666666666667,5.555555555555557,-1.0,0.0
0.1,16.66666666666667,7.777777777777779,-1.0,0.0
0.1,16.66666666666667,10.0,-1.0,0.0
0.1,23.333333333333336,-10.0,-1.0,-0.0
0.1,23.333333333333336,-7.777777777777778,-1.0,-0.0
0.1,23.333333333333336,-5.555555555555555,-1.0,-0.0
0.1,23.333333333333336,-3.333333333333333,-1.0,-0.0
0.1,23.333333333333336,-1.1111111111111107,-1.0,-0.0
0.1,23.333333333333336,1.1111111111111107,-1.0,0.0
0.1,23.333333333333336,3.333333333333334,-1.0,0.0
0.1,23.333333333333336,5.555555555555557,-1.0,0.0
0.1,23.333333333333336,7.777777777777779,-1.0,0.0
0.1,23.333333333333336,10.0,-1.0,0.0
0.1,30.0,-10.0,-1.0,-0.0
0.1,30.0,-7.777777777777778,-1.0,-0.0
0.1,30.0,-5.555555555555555,-1.0,-0.0
0.1,30.0,-3.333333333333333,-1.0,-0.0
0.1,30.0,-1.1111111111111107,-1.0,-0.0
0.1,30.0,1.1111111111111107,-1.0,0.0
0.1,30.0,3.333333333333334,-1.0,0.0
0.1,30.0,5.555555555555557,-1.0,0.0
0.1,30.0,7.777777777777779,-1.0,0.0
0.1,30.0,10.0,-1.0,0.0
-0.1,-30.0,-10.0,-0.7777777777777778,-0.0
-0.1,-30.0,-7.777777777777778,-0.7777777777777778,-0.0
-0.1,-30.0,-5.555555555555555,-0.7777777777777778,-0.0
-0.1,-30.0,-3.333333333333333,-0.7777777777777778,-0.0
-0.1,-30.0,-1.1111111111111107,-0.7777777777777778,-0.0
-0.1,-30.0,1.1111111111111107,-0.7777777777777778,0.0
-0.1,-30.0,3.333333333333334,-0.7777777777777778,0.0
-0.1,-30.0,5.555555555555557,-0.7777777777777778,0.0
-0.1,-30.0,7.777777777777779,-0.7777777777777778,0.0
-0.1,-30.0,10.0,-0.7777777777777778,0.0
-0.1,-23.333333333333332,-10.0,-0.7777777777777778,-0.0
-0.1,-23.333333333333332,-7.777777777777778,-0.7777777777777778,-0.0
-0.1,-23.333333333333332,-5.555555555555555,-0.7777777777777778,-0.0
-0.1,-23.333333333333332,-3.333333333333333,-0.7777777777777778,-0.0
-0.1,-23.333333333333332,-1.1111111111111107,-0.7777777777777778,-0.0
-0.1,-23.333333333333332,1.1111111111111107,-0.7777777777777778,0.0
-0.1,-23.333333333333332,3.333333333333334,-0.7777777777777778,0.0
-0.1,-23.333333333333332,5.555555555555557,-0.7777777777777778,0.0
-0.1,-23.333333333333332,7.777777777777779,-0.7777777777777778,0.0
-0.1,-23.333333333333332,10.0,-0.7777777777777778,0.0
-0.1,-16.666666666666664,-10.0,-0.7777777777777778,-0.0
-0.1,-16.666666666666664,-7.777777777777778,-0.7777777777777778,-0.0
-0.1,-16.666666666666664,-5.555555555555555,-0.7777777777777778,-0.0
-0.1,-16.666666666666664,-3.333333333333333,-0.7777777777777778,-0.0
-0.1,-16.666666666666664,-1.1111111111111107,-0.7777777777777778,-0.0
-0.1,-16.666666666666664,1.1111111111111107,-0.7777777777777778,0.0
-0.1,-16.666666666666664,3.333333333333334,-0.7777777777777778,0.0
-0.1,-16.666666666666664,5.555555555555557,-0.7777777777777778,0.0
-0.1,-16.666666666666664,7.777777777777779,-0.7777777777777778,0.0
-0.1,-16.666666666666664,10.0,-0.7777777777777778,0.0
-0.1,-10.0,-10.0,-0.7777777777777778,-0.0
-0.1,-10.0,-7.777777777777778,-0.7777777777777778,-0.0
-0.1,-10.0,-5.555555555555555,-0.7777777777777778,-0.0
-0.1,-10.0,-3.333333333333333,-0.7777777777777778,-0.0
-0.1,-10.0,-1.1111111111111107,-0.7777777777777778,-0.0
-0.1,-10.0,1.1111111111111107,-0.7777777777777778,0.0
-0.1,-10.0,3.333333333333334,-0.7777777777777778,0.0
-0.1,-10.0,5.555555555555557,-0.7777777777777778,0.0
-0.1,-10.0,7.777777777777779,-0.7777777777777778,0.0
-0.1,-10.0,10.0,-0.7777777777777778,0.0
-0.1,-3.333333333333332,-10.0,-0.7777777777777778,-0.0
-0.1,-3.333333333333332,-7.777777777777778,-0.7777777777777778,-0.0
-0.1,-3.333333333333332,-5.555555555555555,-0.7777777777777778,-0.0
-0.1,-3.333333333333332,-3.333333333333333,-0.7777777777777778,-0.0
-0.1,-3.333333333333332,-1.1111111111111107,-0.7777777777777778,-0.0
-0.1,-3.333333333333332,1.1111111111111107,-0.7777777777777778,0.0
-0.1,-3.333333333333332,3.333333333333334,-0.7777777777777778,0.0
-0.1,-3.333333333333332,5.555555555555557,-0.7777777777777778,0.0
-0.1,-3.333333333333332,7.777777777777779,-0.7777777777777778,0.0
-0.1,-3.333333333333332,10.0,-0.7777777777777778,0.0
-0.1,3.3333333333333357,-10.0,-0.7777777777777778,-0.0
-0.1,3.3333333333333357,-7.777777777777778,-0.7777777777777778,-0.0
-0.1,3.3333333333333357,-5.555555555555555,-0.7777777777777778,-0.0
-0.1,3.3333333333333357,-3.333333333333333,-0.7777777777777778,-0.0
-0.1,3.3333333333333357,-1.1111111111111107,-0.7777777777777778,-0.0
-0.1,3.3333333333333357,1.1111111111111107,-0.7777777777777778,0.0
-0.1,3.3333333333333357,3.333333333333334,-0.7777777777777778,0.0
-0.1,3.3333333333333357,5.555555555555557,-0.7777777777777778,0.0
-0.1,3.3333333333333357,7.777777777777779,-0.7777777777777778,0.0
-0.1,3.3333333333333357,10.0,-0.7777777777777778,0.0
-0.1,10.0,-10.0,-0.7777777777777778,-0.0
-0.1,10.0,-7.777777777777778,-0.7777777777777778,-0.0
-0.1,10.0,-5.555555555555555,-0.7777777777777778,-0.0
-0.1,10.0,-3.333333333333333,-0.7777777777777778,-0.0
-0.1,10.0,-1.1111111111111107,-0.7777777777777778,-0.0
-0.1,10.0,1.1111111111111107,-0.7777777777777778,0.0
-0.1,10.0,3.333333333333334,-0.7777777777777778,0.0
-0.1,10.0,5.555555555555557,-0.7777777777777778,0.0
-0.1,10.0,7.777777777777779,-0.7777777777777778,0.0
-0.1,10.0,10.0,-0.7777777777777778,0.0
-0.1,16.66666666666667,-10.0,-0.7777777777777778,-0.0
-0.1,16.66666666666667,-7.777777777777778,-0.7777777777777778,-0.0
-0.1,16.66666666666667,-5.555555555555555,-0.7777777777777778,-0.0
-0.1,16.66666666666667,-3.333333333333333,-0.7777777777777778,-0.0
-0.1,16.66666666666667,-1.1111111111111107,-0.7777777777777778,-0.0
-0.1,16.66666666666667,1.1111111111111107,-0.7777777777777778,0.0
-0.1,16.66666666666667,3.333333333333334,-0.7777777777777778,0.0
-0.1,16.66666666666667,5.555555555555557,-0.7777777777777778,0.0
-0.1,16.66666666666667,7.777777777777779,-0.7777777777777778,0.0
-0.1,16.66666666666667,10.0,-0.7777777777777778,0.0
-0.1,23.333333333333336,-10.0,-0.7777777777777778,-0.0
-0.1,23.333333333333336,-7.777777777777778,-0.7777777777777778,-0.0
-0.1,23.333333333333336,-5.555555555555555,-0.7777777777777778,-0.0
-0.1,23.333333333333336,-3.333333333333333,-0.7777777777777778,-0.0
-0.1,23.333333333333336,-1.1111111111111107,-0.7777777777777778,-0.0
-0.1,23.333333333333336,1.1111111111111107,-0.7777777777777778,0.0
-0.1,23.333333333333336,3.333333333333334,-0.7777777777777778,0.0
-0.1,23.333333333333336,5.555555555555557,-0.7777777777777778,0.0
-0.1,23.333333333333336,7.777777777777779,-0.7777777777777778,0.0
-0.1,23.333333333333336,10.0,-0.7777777777777778,0.0
-0.1,30.0,-10.0,-0.7777777777777778,-0.0
-0.1,30.0,-7.777777777777778,-0.7777777777777778,-0.0
-0.1,30.0,-5.555555555555555,-0.7777777777777778,-0.0
-0.1,30.0,-3.333333333333333,-0.7777777777777778,-0.0
-0.1,30.0,-1.1111111111111107,-0.7777777777777778,-0.0
-0.1,30.0,1.1111111111111107,-0.7777777777777778,0.0
-0.1,30.0,3.333333333333334,-0.7777777777777778,0.0
-0.1,30.0,5.555555555555557,-0.7777777777777778,0.0
-0.1,30.0,7.777777777777779,-0.7777777777777778,0.0
-0.1,30.0,10.0,-0.7777777777777778,0.0
-0.07777777777777778,-30.0,-10.0,-0.7777777777777778,-0.0
-0.07777777777777778,-30.0,-7.777777777777778,-0.7777777777777778,-0.0
-0.07777777777777778,-30.0,-5.555555555555555,-0.7777777777777778,-0.0
-0.07777777777777778,-30.0,-3.333333333333333,-0.7777777777777778,-0.0
-0.07777777777777778,-30.0,-1.1111111111111107,-0.7777777777777778,-0.0
-0.07777777777777778,-30.0,1.1111111111111107,-0.7777777777777778,0.0
-0.07777777777777778,-30.0,3.333333333333334,-0.7777777777777778,0.0
-0.07777777777777778,-30.0,5.555555555555557,-0.7777777777777778,0.0
-0.07777777777777778,-30.0,7.777777777777779,-0.7777777777777778,0.0
-0.07777777777777778,-30.0,10.0,-0.7777777777777778,0.0
-0.07777777777777778,-23.333333333333332,-10.0,-0.7777777777777778,-0.0
-0.07777777777777778,-23.333333333333332,-7.777777777777778,-0.7777777777777778,-0.0
-0.07777777777777778,-23.333333333333332,-5.555555555555555,-0.7777777777777778,-0.0
-0.07777777777777778,-23.333333333333332,-3.333333333333333,-0.7777777777777778,-0.0
-0.07777777777777778,-23.333333333333332,-1.1111111111111107,-0.7777777777777778,-0.0
-0.07777777777777778,-23.333333333333332,1.1111111111111107,-0.7777777777777778,0.0
-0.07777777777777778,-23.333333333333332,3.333333333333334,-0.7777777777777778,0.0
-0.07777777777777778,-23.333333333333332,5.555555555555557,-0.7777777777777778,0.0
-0.07777777777777778,-23.333333333333332,7.777777777777779,-0.7777777777777778,0.0
-0.07777777777777778,-23.333333333333332,10.0,-0.7777777777777778,0.0
-0.07777777777777778,-16.666666666666664,-10.0,-0.7777777777777778,-0.0
-0.07777777777777778,-16.666666666666664,-7.777777777777778,-0.7777777777777778,-0.0
-0.07777777777777778,-16.666666666666664,-5.555555555555555,-0.7777777777777778,-0.0
-0.07777777777777778,-16.666666666666664,-3.333333333333333,-0.7777777777777778,-0.0
-0.07777777777777778,-16.666666666666664,-1.1111111111111107,-0.7777777777777778,-0.0
-0.07777777777777778,-16.666666666666664,1.1111111111111107,-0.7777777777777778,0.0
-0.07777777777777778,-16.666666666666664,3.333333333333334,-0.7777777777777778,0.0
-0.07777777777777778,-16.666666666666664,5.555555555555557,-0.7777777777777778,0.0
-0.07777777777777778,-16.666666666666664,7.777777777777779,-0.7777777777777778,0.0
-0.07777777777777778,-16.666666666666664,10.0,-0.7777777777777778,0.0
-0.07777777777777778,-10.0,-10.0,-0.7777777777777778,-0.0
-0.07777777777777778,-10.0,-7.777777777777778,-0.7777777777777778,-0.0
-0.07777777777777778,-10.0,-5.555555555555555,-0.7777777777777778,-0.0
-0.07777777777777778,-10.0,-3.333333333333333,-0.7777777777777778,-0.0
-0.07777777777777778,-10.0,-1.1111111111111107,-0.7777777777777778,-0.0
-0.07777777777777778,-10.0,1.1111111111111107,-0.7777777777777778,0.0
-0.07777777777777778,-10.0,3.333333333333334,-0.7777777777777778,0.0
-0.07777777777777778,-10.0,5.555555555555557,-0.7777777777777778,0.0
-0.07777777777777778,-10.0,7.777777777777779,-0.7777777777777778,0.0
-0.07777777777777778,-10.0,10.0,-0.7777777777777778,0.0
-0.07777777777777778,-3.333333333333332,-10.0,-0.7777777777777778,-0.0
-0.07777777777777778,-3.333333333333332,-7.777777777777778,-0.7777777777777778,-0.0
-0.07777777777777778,-3.333333333333332,-5.555555555555555,-0.7777777777777778,-0.0
-0.07777777777777778,-3.333333333333332,-3.333333333333333,-0.7777777777777778,-0.0
-0.07777777777777778,-3.333333333333332,-1.1111111111111107,-0.7777777777777778,-0.0
-0.07777777777777778,-3.333333333333332,1.1111111111111107,-0.7777777777777778,0.0
-0.07777777777777778,-3.333333333333332,3.333333333333334,-0.7777777777777778,0.0
-0.07777777777777778,-3.333333333333332,5.555555555555557,-0.7777777777777778,0.0
-0.07777777777777778,-3.333333333333332,7.777777777777779,-0.7777777777777778,0.0
-0.07777777777777778,-3.333333333333332,10.0,-0.7777777777777778,0.0
-0.07777777777777778,3.3333333333333357,-10.0,-0.7777777777777778,-0.0
-0.07777777777777778,3.3333333333333357,-7.777777777777778,-0.7777777777777778,-0.0
-0.07777777777777778,3.3333333333333357,-5.555555555555555,-0.7777777777777778,-0.0
-0.07777777777777778,3.3333333333333357,-3.333333333333333,-0.7777777777777778,-0.0
-0.07777777777777778,3.3333333333333357,-1.1111111111111107,-0.7777777777777778,-0.0
-0.07777777777777778,3.3333333333333357,1.1111111111111107,-0.7777777777777778,0.0
-0.07777777777777778,3.3333333333333357,3.333333333333334,-0.7777777777777778,0.0
-0.07777777777777778,3.3333333333333357,5.555555555555557,-0.7777777777777778,0.0
-0.07777777777777778,3.3333333333333357,7.777777777777779,-0.7777777777777778,0.0
-0.07777777777777778,3.3333333333333357,10.0,-0.7777777777777778,0.0
-0.07777777777777778,10.0,-10.0,-0.7777777777777778,-0.0
-0.07777777777777778,10.0,-7.777777777777778,-0.7777777777777778,-0.0
-0.07777777777777778,10.0,-5.555555555555555,-0.7777777777777778,-0.0
-0.07777777777777778,10.0,-3.333333333333333,-0.7777777777777778,-0.0
-0.07777777777777778,10.0,-1.1111111111111107,-0.7777777777777778,-0.0
-0.07777777777777778,10.0,1.1111111111111107,-0.7777777777777778,0.0
-0.07777777777777778,10.0,3.333333333333334,-0.7777777777777778,0.0
-0.07777777777777778,10.0,5.555555555555557,-0.7777777777777778,0.0
-0.07777777777777778,10.0,7.777777777777779,-0.7777777777777778,0.0
-0.07777777777777778,10.0,10.0,-0.7777777777777778,0.0
-0.07777777777777778,16.66666666666667,-10.0,-0.7777777777777778,-0.0
-0.07777777777777778,16.66666666666667,-7.777777777777778,-0.7777777777777778,-0.0
-0.07777777777777778,16.66666666666667,-5.555555555555555,-0.7777777777777778,-0.0
-0.07777777777777778,16.66666666666667,-3.333333333333333,-0.7777777777777778,-0.0
-0.07777777777777778,16.66666666666667,-1.1111111111111107,-0.7777777777777778,-0.0
-0.07777777777777778,16.66666666666667,1.1111111111111107,-0.7777777777777778,0.0
-0.07777777777777778,16.66666666666667,3.333333333333334,-0.7777777777777778,0.0
-0.07777777777777778,16.66666666666667,5.555555555555557,-0.7777777777777778,0.0
-0.07777777777777778,16.66666666666667,7.777777777777779,-0.7777777777777778,0.0
-0.07777777777777778,16.66666666666667,10.0,-0.7777777777777778,0.0
-0.07777777777777778,23.333333333333336,-10.0,-0.7777777777777778,-0.0
-0.07777777777777778,23.333333333333336,-7.777777777777778,-0.7777777777777778,-0.0
-0.07777777777777778,23.333333333333336,-5.555555555555555,-0.7777777777777778,-0.0
-0.07777777777777778,23.333333333333336,-3.333333333333333,-0.7777777777777778,-0.0
-0.07777777777777778,23.333333333333336,-1.1111111111111107,-0.7777777777777778,-0.0
-0.07777777777777778,23.333333333333336,1.1111111111111107,-0.7777777777777778,0.0
-0.07777777777777778,23.333333333333336,3.333333333333334,-0.7777777777777778,0.0
-0.07777777777777778,23.333333333333336,5.555555555555557,-0.7777777777777778,0.0
-0.07777777777777778,23.333333333333336,7.777777777777779,-0.7777777777777778,0.0
-0.07777777777777778,23.333333333333336,10.0,-0.7777777777777778,0.0
-0.07777777777777778,30.0,-10.0,-0.7777777777777778,-0.0
-0.07777777777777778,30.0,-7.777777777777778,-0.7777777777777778,-0.0
-0.07777777777777778,30.0,-5.555555555555555,-0.7777777777777778,-0.0
-0.07777777777777778,30.0,-3.333333333333333,-0.7777777777777778,-0.0
-0.07777777777777778,30.0,-1.1111111111111107,-0.7777777777777778,-0.0
-0.07777777777777778,30.0,1.1111111111111107,-0.7777777777777778,0.0
-0.07777777777777778,30.0,3.333333333333334,-0.7777777777777778,0.0
-0.07777777777777778,30.0,5.555555555555557,-0.7777777777777778,0.0
-0.07777777777777778,30.0,7.777777777777779,-0.7777777777777778,0.0
-0.07777777777777778,30.0,10.0,-0.7777777777777778,0.0
-0.05555555555555556,-30.0,-10.0,-0.7777777777777778,-7.946083251302204e-05
-0.05555555555555556,-30.0,-7.777777777777778,-0.7777777777777778,-7.946083251302204e-05
-0.05555555555555556,-30.0,-5.555555555555555,-0.7777777777777778,-7.946083251302204e-05
-0.05555555555555556,-30.0,-3.333333333333333,-0.7777777777777778,-7.946083251302204e-05
-0.05555555555555556,-30.0,-1.1111111111111107,-0.7777777777777778,-7.946083251302204e-05
-0.05555555555555556,-30.0,1.1111111111111107,-0.7777777777777778,7.946083251302204e-05
-0.05555555555555556,-30.0,3.333333333333334,-0.7777777777777778,7.946083251302204e-05
-0.05555555555555556,-30.0,5.555555555555557,-0.7777777777777778,7.946083251302204e-05
-0.05555555555555556,-30.0,7.777777777777779,-0.7777777777777778,7.946083251302204e-05
-0.05555555555555556,-30.0,10.0,-0.7777777777777778,7.946083251302204e-05
-0.05555555555555556,-23.333333333333332,-10.0,-0.7777777777777778,-7.946083251302204e-05
-0.05555555555555556,-23.333333333333332,-7.777777777777778,-0.7777777777777778,-7.946083251302204e-05
-0.05555555555555556,-23.333333333333332,-5.555555555555555,-0.7777777777777778,-7.946083251302204e-05
-0.05555555555555556,-23.333333333333332,-3.333333333333333,-0.7777777777777778,-7.946083251302204e-05
-0.05555555555555556,-23.333333333333332,-1.1111111111111107,-0.7777777777777778,-7.946083251302204e-05
-0.05555555555555556,-23.333333333333332,1.1111111111111107,-0.7777777777777778,7.946083251302204e-05
-0.05555555555555556,-23.333333333333332,3.333333333333334,-0.7777777777777778,7.946083251302204e-05
-0.05555555555555556,-23.333333333333332,5.555555555555557,-0.7777777777777778,7.946083251302204e-05
-0.05555555555555556,-23.333333333333332,7.777777777777779,-0.7777777777777778,7.946083251302204e-05
-0.05555555555555556,-23.333333333333332,10.0,-0.7777777777777778,7.946083251302204e-05
-0.05555555555555556,-16.666666666666664,-10.0,-0.7777777777777778,-7.946083251302204e-05
-0.05555555555555556,-16.666666666666664,-7.777777777777778,-0.7777777777777778,-7.946083251302204e-05
-0.05555555555555556,-16.666666666666664,-5.555555555555555,-0.7777777777777778,-7.946083251302204e-05
-0.05555555555555556,-16.666666666666664,-3.333333333333333,-0.7777777777777778,-7.946083251302204e-05
-0.05555555555555556,-16.666666666666664,-1.1111111111111107,-0.7777777777777778,-7.946083251302204e-05
-0.05555555555555556,-16.666666666666664,1.1111111111111107,-0.7777777777777778,7.946083251302204e-05
-0.05555555555555556,-16.666666666666664,3.333333333333334,-0.7777777777777778,7.946083251302204e-05
-0.05555555555555556,-16.666666666666664,5.555555555555557,-0.7777777777777778,7.946083251302204e-05
-0.05555555555555556,-16.666666666666664,7.777777777777779,-0.7777777777777778,7.946083251302204e-05
-0.05555555555555556,-16.666666666666664,10.0,-0.7777777777777778,7.946083251302204e-05
-0.05555555555555556,-10.0,-10.0,-0.7777777777777778,-7.946083251302204e-05
-0.05555555555555556,-10.0,-7.777777777777778,-0.7777777777777778,-7.946083251302204e-05
-0.05555555555555556,-10.0,-5.555555555555555,-0.7777777777777778,-7.946083251302204e-05
-0.05555555555555556,-10.0,-3.333333333333333,-0.7777777777777778,-7.946083251302204e-05
-0.05555555555555556,-10.0,-1.1111111111111107,-0.7777777777777778,-7.946083251302204e-05
-0.05555555555555556,-10.0,1.1111111111111107,-0.7777777777777778,7.946083251302204e-05
-0.05555555555555556,-10.0,3.333333333333334,-0.7777777777777778,7.946083251302204e-05
-0.05555555555555556,-10.0,5.555555555555557,-0.7777777777777778,7.946083251302204e-05
-0.05555555555555556,-10.0,7.777777777777779,-0.7777777777777778,7.946083251302204e-05
-0.05555555555555556,-10.0,10.0,-0.7777777777777778,7.946083251302204e-05
-0.05555555555555556,-3.333333333333332,-10.0,-0.7777777777777778,-7.946083251302204e-05
-0.05555555555555556,-3.333333333333332,-7.777777777777778,-0.7777777777777778,-7.946083251302204e-05
-0.05555555555555556,-3.333333333333332,-5.555555555555555,-0.7777777777777778,-7.946083251302204e-05
-0.05555555555555556,-3.333333333333332,-3.333333333333333,-0.7777777777777778,-7.946083251302204e-05
-0.05555555555555556,-3.333333333333332,-1.1111111111111107,-0.7777777777777778,-7.946083251302204e-05
-0.05555555555555556,-3.333333333333332,1.1111111111111107,-0.7777777777777778,7.946083251302204e-05
-0.05555555555555556,-3.333333333333332,3.333333333333334,-0.7777777777777778,7.946083251302204e-05
-0.05555555555555556,-3.333333333333332,5.555555555555557,-0.7777777777777778,7.946083251302204e-05
-0.05555555555555556,-3.333333333333332,7.777777777777779,-0.7777777777777778,7.946083251302204e-05
-0.05555555555555556,-3.333333333333332,10.0,-0.7777777777777778,7.946083251302204e-05
-0.05555555555555556,3.3333333333333357,-10.0,-0.7777777777777778,-7.946083251302204e-05
-0.05555555555555556,3.3333333333333357,-7.777777777777778,-0.7777777777777778,-7.946083251302204e-05
-0.05555555555555556,3.3333333333333357,-5.555555555555555,-0.7777777777777778,-7.946083251302204e-05
-0.05555555555555556,3.3333333333333357,-3.333333333333333,-0.7777777777777778,-7.946083251302204e-05
-0.05555555555555556,3.3333333333333357,-1.1111111111111107,-0.7777777777777778,-7.946083251302204e-05
-0.05555555555555556,3.3333333333333357,1.1111111111111107,-0.7777777777777778,7.946083251302204e-05
-0.05555555555555556,3.3333333333333357,3.333333333333334,-0.7777777777777778,7.946083251302204e-05
-0.05555555555555556,3.3333333333333357,5.555555555555557,-0.7777777777777778,7.946083251302204e-05
-0.05555555555555556,3.3333333333333357,7.777777777777779,-0.7777777777777778,7.946083251302204e-05
-0.05555555555555556,3.3333333333333357,10.0,-0.7777777777777778,7.946083251302204e-05
-0.05555555555555556,10.0,-10.0,-0.7777777777777778,-7.946083251302204e-05
-0.05555555555555556,10.0,-7.777777777777778,-0.7777777777777778,-7.946083251302204e-05
-0.05555555555555556,10.0,-5.555555555555555,-0.7777777777777778,-7.946083251302204e-05
-0.05555555555555556,10.0,-3.333333333333333,-0.7777777777777778,-7.946083251302204e-05
-0.05555555555555556,10.0,-1.1111111111111107,-0.7777777777777778,-7.946083251302204e-05
-0.05555555555555556,10.0,1.1111111111111107,-0.7777777777777778,7.946083251302204e-05
-0.05555555555555556,10.0,3.333333333333334,-0.7777777777777778,7.946083251302204e-05
-0.05555555555555556,10.0,5.555555555555557,-0.7777777777777778,7.946083251302204e-05
-0.05555555555555556,10.0,7.777777777777779,-0.7777777777777778,7.946083251302204e-05
-0.05555555555555556,10.0,10.0,-0.7777777777777778,7.946083251302204e-05
-0.05555555555555556,16.66666666666667,-10.0,-0.7777777777777778,-7.946083251302204e-05
-0.05555555555555556,16.66666666666667,-7.777777777777778,-0.7777777777777778,-7.946083251302204e-05
-0.05555555555555556,16.66666666666667,-5.555555555555555,-0.7777777777777778,-7.946083251302204e-05
-0.05555555555555556,16.66666666666667,-3.333333333333333,-0.7777777777777778,-7.946083251302204e-05
-0.05555555555555556,16.66666666666667,-1.1111111111111107,-0.7777777777777778,-7.946083251302204e-05
-0.05555555555555556,16.66666666666667,1.1111111111111107,-0.7777777777777778,7.946083251302204e-05
-0.05555555555555556,16.66666666666667,3.333333333333334,-0.7777777777777778,7.946083251302204e-05
-0.05555555555555556,16.66666666666667,5.555555555555557,-0.7777777777777778,7.946083251302204e-05
-0.05555555555555556,16.66666666666667,7.777777777777779,-0.7777777777777778,7.946083251302204e-05
-0.05555555555555556,16.66666666666667,10.0,-0.7777777777777778,7.946083251302204e-05
-0.05555555555555556,23.333333333333336,-10.0,-0.7777777777777778,-7.946083251302204e-05
-0.05555555555555556,23.333333333333336,-7.777777777777778,-0.7777777777777778,-7.946083251302204e-05
-0.05555555555555556,23.333333333333336,-5.555555555555555,-0.7777777777777778,-7.946083251302204e-05
-0.05555555555555556,23.333333333333336,-3.333333333333333,-0.7777777777777778,-7.946083251302204e-05
-0.05555555555555556,23.333333333333336,-1.1111111111111107,-0.7777777777777778,-7.946083251302204e-05
-0.05555555555555556,23.333333333333336,1.1111111111111107,-0.7777777777777778,7.946083251302204e-05
-0.05555555555555556,23.333333333333336,3.333333333333334,-0.7777777777777778,7.946083251302204e-05
-0.05555555555555556,23.333333333333336,5.555555555555557,-0.7777777777777778,7.946083251302204e-05
-0.05555555555555556,23.333333333333336,7.777777777777779,-0.7777777777777778,7.946083251302204e-05
-0.05555555555555556,23.333333333333336,10.0,-0.7777777777777778,7.946083251302204e-05
-0.05555555555555556,30.0,-10.0,-0.7777777777777778,-7.946083251302204e-05
-0.05555555555555556,30.0,-7.777777777777778,-0.7777777777777778,-7.946083251302204e-05
-0.05555555555555556,30.0,-5.555555555555555,-0.7777777777777778,-7.946083251302204e-05
-0.05555555555555556,30.0,-3.333333333333333,-0.7777777777777778,-7.946083251302204e-05
-0.05555555555555556,30.0,-1.1111111111111107,-0.7777777777777778,-7.946083251302204e-05
-0.05555555555555556,30.0,1.1111111111111107,-0.7777777777777778,7.946083251302204e-05
-0.05555555555555556,30.0,3.333333333333334,-0.7777777777777778,7.946083251302204e-05
-0.05555555555555556,30.0,5.555555555555557,-0.7777777777777778,7.946083251302204e-05
-0.05555555555555556,30.0,7.777777777777779,-0.7777777777777778,7.946083251302204e-05
-0.05555555555555556,30.0,10.0,-0.7777777777777778,7.946083251302204e-05
-0.03333333333333334,-30.0,-10.0,-0.7777777777777778,-0.0016562066130927213
-0.03333333333333334,-30.0,-7.777777777777778,-0.7777777777777778,-0.0016562066130927213
-0.03333333333333334,-30.0,-5.555555555555555,-0.7777777777777778,-0.0016562066130927213
-0.03333333333333334,-30.0,-3.333333333333333,-0.7777777777777778,-0.0016562066130927213
-0.03333333333333334,-30.0,-1.1111111111111107,-0.7777777777777778,-0.0016562066130927213
-0.03333333333333334,-30.0,1.1111111111111107,-0.7777777777777778,0.0016562066130927213
-0.03333333333333334,-30.0,3.333333333333334,-0.7777777777777778,0.0016562066130927213
-0.03333333333333334,-30.0,5.555555555555557,-0.7777777777777778,0.0016562066130927213
-0.03333333333333334,-30.0,7.777777777777779,-0.7777777777777778,0.0016562066130927213
-0.03333333333333334,-30.0,10.0,-0.7777777777777778,0.0016562066130927213
-0.03333333333333334,-23.333333333333332,-10.0,-0.7777777777777778,-0.0016562066130927213
-0.03333333333333334,-23.333333333333332,-7.777777777777778,-0.7777777777777778,-0.0016562066130927213
-0.03333333333333334,-23.333333333333332,-5.555555555555555,-0.7777777777777778,-0.0016562066130927213
-0.03333333333333334,-23.333333333333332,-3.333333333333333,-0.7777777777777778,-0.0016562066130927213
-0.03333333333333334,-23.333333333333332,-1.1111111111111107,-0.7777777777777778,-0.0016562066130927213
-0.03333333333333334,-23.333333333333332,1.1111111111111107,-0.7777777777777778,0.0016562066130927213
-0.03333333333333334,-23.333333333333332,3.333333333333334,-0.7777777777777778,0.0016562066130927213
-0.03333333333333334,-23.333333333333332,5.555555555555557,-0.7777777777777778,0.0016562066130927213
-0.03333333333333334,-23.333333333333332,7.777777777777779,-0.7777777777777778,0.0016562066130927213
-0.03333333333333334,-23.333333333333332,10.0,-0.7777777777777778,0.0016562066130927213
-0.03333333333333334,-16.666666666666664,-10.0,-0.7777777777777778,-0.0016562066130927213
-0.03333333333333334,-16.666666666666664,-7.777777777777778,-0.7777777777777778,-0.0016562066130927213
-0.03333333333333334,-16.666666666666664,-5.555555555555555,-0.7777777777777778,-0.0016562066130927213
-0.03333333333333334,-16.666666666666664,-3.333333333333333,-0.7777777777777778,-0.0016562066130927213
-0.03333333333333334,-16.666666666666664,-1.1111111111111107,-0.7777777777777778,-0.0016562066130927213
-0.03333333333333334,-16.666666666666664,1.1111111111111107,-0.7777777777777778,0.0016562066130927213
-0.03333333333333334,-16.666666666666664,3.333333333333334,-0.7777777777777778,0.0016562066130927213
-0.03333333333333334,-16.666666666666664,5.555555555555557,-0.7777777777777778,0.0016562066130927213
-0.03333333333333334,-16.666666666666664,7.777777777777779,-0.7777777777777778,0.0016562066130927213
-0.03333333333333334,-16.666666666666664,10.0,-0.7777777777777778,0.0016562066130927213
-0.03333333333333334,-10.0,-10.0,-0.7777777777777778,-0.0016562066130927213
-0.03333333333333334,-10.0,-7.777777777777778,-0.7777777777777778,-0.0016562066130927213
-0.03333333333333334,-10.0,-5.555555555555555,-0.7777777777777778,-0.0016562066130927213
-0.03333333333333334,-10.0,-3.333333333333333,-0.7777777777777778,-0.0016562066130927213
-0.03333333333333334,-10.0,-1.1111111111111107,-0.7777777777777778,-0.0016562066130927213
-0.03333333333333334,-10.0,1.1111111111111107,-0.7777777777777778,0.0016562066130927213
-0.03333333333333334,-10.0,3.333333333333334,-0.7777777777777778,0.0016562066130927213
-0.03333333333333334,-10.0,5.555555555555557,-0.7777777777777778,0.0016562066130927213
-0.03333333333333334,-10.0,7.777777777777779,-0.7777777777777778,0.0016562066130927213
-0.03333333333333334,-10.0,10.0,-0.7777777777777778,0.0016562066130927213
-0.03333333333333334,-3.333333333333332,-10.0,-0.7777777777777778,-0.0016562066130927213
-0.03333333333333334,-3.333333333333332,-7.777777777777778,-0.7777777777777778,-0.0016562066130927213
-0.03333333333333334,-3.333333333333332,-5.555555555555555,-0.7777777777777778,-0.0016562066130927213
-0.03333333333333334,-3.333333333333332,-3.333333333333333,-0.7777777777777778,-0.0016562066130927213
-0.03333333333333334,-3.333333333333332,-1.1111111111111107,-0.7777777777777778,-0.0016562066130927213
-0.03333333333333334,-3.333333333333332,1.1111111111111107,-0.7777777777777778,0.0016562066130927213
-0.03333333333333334,-3.333333333333332,3.333333333333334,-0.7777777777777778,0.0016562066130927213
-0.03333333333333334,-3.333333333333332,5.555555555555557,-0.7777777777777778,0.0016562066130927213
-0.03333333333333334,-3.333333333333332,7.777777777777779,-0.7777777777777778,0.0016562066130927213
-0.03333333333333334,-3.333333333333332,10.0,-0.7777777777777778,0.0016562066130927213
-0.03333333333333334,3.3333333333333357,-10.0,-0.7777777777777778,-0.0016562066130927213
-0.03333333333333334,3.3333333333333357,-7.777777777777778,-0.7777777777777778,-0.0016562066130927213
-0.03333333333333334,3.3333333333333357,-5.555555555555555,-0.7777777777777778,-0.0016562066130927213
-0.03333333333333334,3.3333333333333357,-3.333333333333333,-0.7777777777777778,-0.0016562066130927213
-0.03333333333333334,3.3333333333333357,-1.1111111111111107,-0.7777777777777778,-0.0016562066130927213
-0.03333333333333334,3.3333333333333357,1.1111111111111107,-0.7777777777777778,0.0016562066130927213
-0.03333333333333334,3.3333333333333357,3.333333333333334,-0.7777777777777778,0.0016562066130927213
-0.03333333333333334,3.3333333333333357,5.555555555555557,-0.7777777777777778,0.0016562066130927213
-0.03333333333333334,3.3333333333333357,7.777777777777779,-0.7777777777777778,0.0016562066130927213
-0.03333333333333334,3.3333333333333357,10.0,-0.7777777777777778,0.0016562066130927213
-0.03333333333333334,10.0,-10.0,-0.7777777777777778,-0.0016562066130927213
-0.03333333333333334,10.0,-7.777777777777778,-0.7777777777777778,-0.0016562066130927213
-0.03333333333333334,10.0,-5.555555555555555,-0.7777777777777778,-0.0016562066130927213
-0.03333333333333334,10.0,-3.333333333333333,-0.7777777777777778,-0.0016562066130927213
-0.03333333333333334,10.0,-1.1111111111111107,-0.7777777777777778,-0.0016562066130927213
-0.03333333333333334,10.0,1.1111111111111107,-0.7777777777777778,0.0016562066130927213
-0.03333333333333334,10.0,3.333333333333334,-0.7777777777777778,0.0016562066130927213
-0.03333333333333334,10.0,5.555555555555557,-0.7777777777777778,0.0016562066130927213
-0.03333333333333334,10.0,7.777777777777779,-0.7777777777777778,0.0016562066130927213
-0.03333333333333334,10.0,10.0,-0.7777777777777778,0.0016562066130927213
-0.03333333333333334,16.66666666666667,-10.0,-0.7777777777777778,-0.0016562066130927213
-0.03333333333333334,16.66666666666667,-7.777777777777778,-0.7777777777777778,-0.0016562066130927213
-0.03333333333333334,16.66666666666667,-5.555555555555555,-0.7777777777777778,-0.0016562066130927213
-0.03333333333333334,16.66666666666667,-3.333333333333333,-0.7777777777777778,-0.0016562066130927213
-0.03333333333333334,16.66666666666667,-1.1111111111111107,-0.7777777777777778,-0.0016562066130927213
-0.03333333333333334,16.66666666666667,1.1111111111111107,-0.7777777777777778,0.0016562066130927213
-0.03333333333333334,16.66666666666667,3.333333333333334,-0.7777777777777778,0.0016562066130927213
-0.03333333333333334,16.66666666666667,5.555555555555557,-0.7777777777777778,0.0016562066130927213
-0.03333333333333334,16.66666666666667,7.777777777777779,-0.7777777777777778,0.0016562066130927213
-0.03333333333333334,16.66666666666667,10.0,-0.7777777777777778,0.0016562066130927213
-0.03333333333333334,23.333333333333336,-10.0,-0.7777777777777778,-0.0016562066130927213
-0.03333333333333334,23.333333333333336,-7.777777777777778,-0.7777777777777778,-0.0016562066130927213
-0.03333333333333334,23.333333333333336,-5.555555555555555,-0.7777777777777778,-0.0016562066130927213
-0.03333333333333334,23.333333333333336,-3.333333333333333,-0.7777777777777778,-0.0016562066130927213
-0.03333333333333334,23.333333333333336,-1.1111111111111107,-0.7777777777777778,-0.0016562066130927213
-0.03333333333333334,23.333333333333336,1.1111111111111107,-0.7777777777777778,0.0016562066130927213
-0.03333333333333334,23.333333333333336,3.333333333333334,-0.7777777777777778,0.0016562066130927213
-0.03333333333333334,23.333333333333336,5.555555555555557,-0.7777777777777778,0.0016562066130927213
-0.03333333333333334,23.333333333333336,7.777777777777779,-0.7777777777777778,0.0016562066130927213
-0.03333333333333334,23.333333333333336,10.0,-0.7777777777777778,0.0016562066130927213
-0.03333333333333334,30.0,-10.0,-0.7777777777777778,-0.0016562066130927213
-0.03333333333333334,30.0,-7.777777777777778,-0.7777777777777778,-0.0016562066130927213
-0.03333333333333334,30.0,-5.555555555555555,-0.7777777777777778,-0.0016562066130927213
-0.03333333333333334,30.0,-3.333333333333333,-0.7777777777777778,-0.0016562066130927213
-0.03333333333333334,30.0,-1.1111111111111107,-0.7777777777777778,-0.0016562066130927213
-0.03333333333333334,30.0,1.1111111111111107,-0.7777777777777778,0.0016562066130927213
-0.03333333333333334,30.0,3.333333333333334,-0.7777777777777778,0.0016562066130927213
-0.03333333333333334,30.0,5.555555555555557,-0.7777777777777778,0.0016562066130927213
-0.03333333333333334,30.0,7.777777777777779,-0.7777777777777778,0.0016562066130927213
-0.03333333333333334,30.0,10.0,-0.7777777777777778,0.0016562066130927213
-0.011111111111111113,-30.0,-10.0,-0.7777777777777778,-0.02629958238582201
-0.011111111111111113,-30.0,-7.777777777777778,-0.7777777777777778,-0.02629958238582201
-0.011111111111111113,-30.0,-5.555555555555555,-0.7777777777777778,-0.02629958238582201
-0.011111111111111113,-30.0,-3.333333333333333,-0.7777777777777778,-0.02629958238582201
-0.011111111111111113,-30.0,-1.1111111111111107,-0.7777777777777778,-0.02629958238582201
-0.011111111111111113,-30.0,1.1111111111111107,-0.7777777777777778,0.02629958238582201
-0.011111111111111113,-30.0,3.333333333333334,-0.7777777777777778,0.02629958238582201
-0.011111111111111113,-30.0,5.555555555555557,-0.7777777777777778,0.02629958238582201
-0.011111111111111113,-30.0,7.777777777777779,-0.7777777777777778,0.02629958238582201
-0.011111111111111113,-30.0,10.0,-0.7777777777777778,0.02629958238582201
-0.011111111111111113,-23.333333333333332,-10.0,-0.7777777777777778,-0.02629958238582201
-0.011111111111111113,-23.333333333333332,-7.777777777777778,-0.7777777777777778,-0.02629958238582201
-0.011111111111111113,-23.333333333333332,-5.555555555555555,-0.7777777777777778,-0.02629958238582201
-0.011111111111111113,-23.333333333333332,-3.333333333333333,-0.7777777777777778,-0.02629958238582201
-0.011111111111111113,-23.333333333333332,-1.1111111111111107,-0.7777777777777778,-0.02629958238582201
-0.011111111111111113,-23.333333333333332,1.1111111111111107,-0.7777777777777778,0.02629958238582201
-0.011111111111111113,-23.333333333333332,3.333333333333334,-0.7777777777777778,0.02629958238582201
-0.011111111111111113,-23.333333333333332,5.555555555555557,-0.7777777777777778,0.02629958238582201
-0.011111111111111113,-23.333333333333332,7.777777777777779,-0.7777777777777778,0.02629958238582201
-0.011111111111111113,-23.333333333333332,10.0,-0.7777777777777778,0.02629958238582201
-0.011111111111111113,-16.666666666666664,-10.0,-0.7777777777777778,-0.02629958238582201
-0.011111111111111113,-16.666666666666664,-7.777777777777778,-0.7777777777777778,-0.02629958238582201
-0.011111111111111113,-16.666666666666664,-5.555555555555555,-0.7777777777777778,-0.02629958238582201
-0.011111111111111113,-16.666666666666664,-3.333333333333333,-0.7777777777777778,-0.02629958238582201
-0.011111111111111113,-16.666666666666664,-1.1111111111111107,-0.7777777777777778,-0.02629958238582201
-0.011111111111111113,-16.666666666666664,1.1111111111111107,-0.7777777777777778,0.02629958238582201
-0.011111111111111113,-16.666666666666664,3.333333333333334,-0.7777777777777778,0.02629958238582201
-0.011111111111111113,-16.666666666666664,5.555555555555557,-0.7777777777777778,0.02629958238582201
-0.011111111111111113,-16.666666666666664,7.777777777777779,-0.7777777777777778,0.02629958238582201
-0.011111111111111113,-16.666666666666664,10.0,-0.7777777777777778,0.02629958238582201
-0.011111111111111113,-10.0,-10.0,-0.7777777777777778,-0.02629958238582201
-0.011111111111111113,-10.0,-7.777777777777778,-0.7777777777777778,-0.02629958238582201
-0.011111111111111113,-10.0,-5.555555555555555,-0.7777777777777778,-0.02629958238582201
-0.011111111111111113,-10.0,-3.333333333333333,-0.7777777777777778,-0.02629958238582201
-0.011111111111111113,-10.0,-1.1111111111111107,-0.7777777777777778,-0.02629958238582201
-0.011111111111111113,-10.0,1.1111111111111107,-0.7777777777777778,0.02629958238582201
-0.011111111111111113,-10.0,3.333333333333334,-0.7777777777777778,0.02629958238582201
-0.011111111111111113,-10.0,5.555555555555557,-0.7777777777777778,0.02629958238582201
-0.011111111111111113,-10.0,7.777777777777779,-0.7777777777777778,0.02629958238582201
-0.011111111111111113,-10.0,10.0,-0.7777777777777778,0.02629958238582201
-0.011111111111111113,-3.333333333333332,-10.0,-0.7777777777777778,-0.02629958238582201
-0.011111111111111113,-3.333333333333332,-7.777777777777778,-0.7777777777777778,-0.02629958238582201
-0.011111111111111113,-3.333333333333332,-5.555555555555555,-0.7777777777777778,-0.02629958238582201
-0.011111111111111113,-3.333333333333332,-3.333333333333333,-0.7777777777777778,-0.02629958238582201
-0.011111111111111113,-3.333333333333332,-1.1111111111111107,-0.7777777777777778,-0.02629958238582201
-0.011111111111111113,-3.333333333333332,1.1111111111111107,-0.7777777777777778,0.02629958238582201
-0.011111111111111113,-3.333333333333332,3.333333333333334,-0.7777777777777778,0.02629958238582201
-0.011111111111111113,-3.333333333333332,5.555555555555557,-0.7777777777777778,0.02629958238582201
-0.011111111111111113,-3.333333333333332,7.777777777777779,-0.7777777777777778,0.02629958238582201
-0.011111111111111113,-3.333333333333332,10.0,-0.7777777777777778,0.02629958238582201
-0.011111111111111113,3.3333333333333357,-10.0,-0.7777777777777778,-0.02629958238582201
-0.011111111111111113,3.3333333333333357,-7.777777777777778,-0.7777777777777778,-0.02629958238582201
-0.011111111111111113,3.3333333333333357,-5.555555555555555,-0.7777777777777778,-0.02629958238582201
-0.011111111111111113,3.3333333333333357,-3.333333333333333,-0.7777777777777778,-0.02629958238582201
-0.011111111111111113,3.3333333333333357,-1.1111111111111107,-0.7777777777777778,-0.02629958238582201
-0.011111111111111113,3.3333333333333357,1.1111111111111107,-0.7777777777777778,0.02629958238582201
-0.011111111111111113,3.3333333333333357,3.333333333333334,-0.7777777777777778,0.02629958238582201
-0.011111111111111113,3.3333333333333357,5.555555555555557,-0.7777777777777778,0.02629958238582201
-0.011111111111111113,3.3333333333333357,7.777777777777779,-0.7777777777777778,0.02629958238582201
-0.011111111111111113,3.3333333333333357,10.0,-0.7777777777777778,0.02629958238582201
-0.011111111111111113,10.0,-10.0,-0.7777777777777778,-0.02629958238582201
-0.011111111111111113,10.0,-7.777777777777778,-0.7777777777777778,-0.02629958238582201
-0.011111111111111113,10.0,-5.555555555555555,-0.7777777777777778,-0.02629958238582201
-0.011111111111111113,10.0,-3.333333333333333,-0.7777777777777778,-0.02629958238582201
-0.011111111111111113,10.0,-1.1111111111111107,-0.7777777777777778,-0.02629958238582201
-0.011111111111111113,10.0,1.1111111111111107,-0.7777777777777778,0.02629958238582201
-0.011111111111111113,10.0,3.333333333333334,-0.7777777777777778,0.02629958238582201
-0.011111111111111113,10.0,5.555555555555557,-0.7777777777777778,0.02629958238582201
-0.011111111111111113,10.0,7.777777777777779,-0.7777777777777778,0.02629958238582201
-0.011111111111111113,10.0,10.0,-0.7777777777777778,0.02629958238582201
-0.011111111111111113,16.66666666666667,-10.0,-0.7777777777777778,-0.02629958238582201
-0.011111111111111113,16.66666666666667,-7.777777777777778,-0.7777777777777778,-0.02629958238582201
-0.011111111111111113,16.66666666666667,-5.555555555555555,-0.7777777777777778,-0.02629958238582201
-0.011111111111111113,16.66666666666667,-3.333333333333333,-0.7777777777777778,-0.02629958238582201
-0.011111111111111113,16.66666666666667,-1.1111111111111107,-0.7777777777777778,-0.02629958238582201
-0.011111111111111113,16.66666666666667,1.1111111111111107,-0.7777777777777778,0.02629958238582201
-0.011111111111111113,16.66666666666667,3.333333333333334,-0.7777777777777778,0.02629958238582201
-0.011111111111111113,16.66666666666667,5.555555555555557,-0.7777777777777778,0.02629958238582201
-0.011111111111111113,16.66666666666667,7.777777777777779,-0.7777777777777778,0.02629958238582201
-0.011111111111111113,16.66666666666667,10.0,-0.7777777777777778,0.02629958238582201
-0.011111111111111113,23.333333333333336,-10.0,-0.7777777777777778,-0.02629958238582201
-0.011111111111111113,23.333333333333336,-7.777777777777778,-0.7777777777777778,-0.02629958238582201
-0.011111111111111113,23.333333333333336,-5.555555555555555,-0.7777777777777778,-0.02629958238582201
-0.011111111111111113,23.333333333333336,-3.333333333333333,-0.7777777777777778,-0.02629958238582201
-0.011111111111111113,23.333333333333336,-1.1111111111111107,-0.7777777777777778,-0.02629958238582201
-0.011111111111111113,23.333333333333336,1.1111111111111107,-0.7777777777777778,0.02629958238582201
-0.011111111111111113,23.333333333333336,3.333333333333334,-0.7777777777777778,0.02629958238582201
-0.011111111111111113,23.333333333333336,5.555555555555557,-0.7777777777777778,0.02629958238582201
-0.011111111111111113,23.333333333333336,7.777777777777779,-0.7777777777777778,0.02629958238582201
-0.011111111111111113,23.333333333333336,10.0,-0.7777777777777778,0.02629958238582201
-0.011111111111111113,30.0,-10.0,-0.7777777777777778,-0.02629958238582201
-0.011111111111111113,30.0,-7.777777777777778,-0.7777777777777778,-0.02629958238582201
-0.011111111111111113,30.0,-5.555555555555555,-0.7777777777777778,-0.02629958238582201
-0.011111111111111113,30.0,-3.333333333333333,-0.7777777777777778,-0.02629958238582201
-0.011111111111111113,30.0,-1.1111111111111107,-0.7777777777777778,-0.02629958238582201
-0.011111111111111113,30.0,1.1111111111111107,-0.7777777777777778,0.02629958238582201
-0.011111111111111113,30.0,3.333333333333334,-0.7777777777777778,0.02629958238582201
-0.011111111111111113,30.0,5.555555555555557,-0.7777777777777778,0.02629958238582201
-0.011111111111111113,30.0,7.777777777777779,-0.7777777777777778,0.02629958238582201
-0.011111111111111113,30.0,10.0,-0.7777777777777778,0.02629958238582201
0.011111111111111113,-30.0,-10.0,-0.7777777777777778,-0.02629958238582201
0.011111111111111113,-30.0,-7.777777777777778,-0.7777777777777778,-0.02629958238582201
0.011111111111111113,-30.0,-5.555555555555555,-0.7777777777777778,-0.02629958238582201
0.011111111111111113,-30.0,-3.333333333333333,-0.7777777777777778,-0.02629958238582201
0.011111111111111113,-30.0,-1.1111111111111107,-0.7777777777777778,-0.02629958238582201
0.011111111111111113,-30.0,1.1111111111111107,-0.7777777777777778,0.02629958238582201
0.011111111111111113,-30.0,3.333333333333334,-0.7777777777777778,0.02629958238582201
0.011111111111111113,-30.0,5.555555555555557,-0.7777777777777778,0.02629958238582201
0.011111111111111113,-30.0,7.777777777777779,-0.7777777777777778,0.02629958238582201
0.011111111111111113,-30.0,10.0,-0.7777777777777778,0.02629958238582201
0.011111111111111113,-23.333333333333332,-10.0,-0.7777777777777778,-0.02629958238582201
0.011111111111111113,-23.333333333333332,-7.777777777777778,-0.7777777777777778,-0.02629958238582201
0.011111111111111113,-23.333333333333332,-5.555555555555555,-0.7777777777777778,-0.02629958238582201
0.011111111111111113,-23.333333333333332,-3.333333333333333,-0.7777777777777778,-0.02629958238582201
0.011111111111111113,-23.333333333333332,-1.1111111111111107,-0.7777777777777778,-0.02629958238582201
0.011111111111111113,-23.333333333333332,1.1111111111111107,-0.7777777777777778,0.02629958238582201
0.011111111111111113,-23.333333333333332,3.333333333333334,-0.7777777777777778,0.02629958238582201
0.011111111111111113,-23.333333333333332,5.555555555555557,-0.7777777777777778,0.02629958238582201
0.011111111111111113,-23.333333333333332,7.777777777777779,-0.7777777777777778,0.02629958238582201
0.011111111111111113,-23.333333333333332,10.0,-0.7777777777777778,0.02629958238582201
0.011111111111111113,-16.666666666666664,-10.0,-0.7777777777777778,-0.02629958238582201
0.011111111111111113,-16.666666666666664,-7.777777777777778,-0.7777777777777778,-0.02629958238582201
0.011111111111111113,-16.666666666666664,-5.555555555555555,-0.7777777777777778,-0.02629958238582201
0.011111111111111113,-16.666666666666664,-3.333333333333333,-0.7777777777777778,-0.02629958238582201
0.011111111111111113,-16.666666666666664,-1.1111111111111107,-0.7777777777777778,-0.02629958238582201
0.011111111111111113,-16.666666666666664,1.1111111111111107,-0.7777777777777778,0.02629958238582201
0.011111111111111113,-16.666666666666664,3.333333333333334,-0.7777777777777778,0.02629958238582201
0.011111111111111113,-16.666666666666664,5.555555555555557,-0.7777777777777778,0.02629958238582201
0.011111111111111113,-16.666666666666664,7.777777777777779,-0.7777777777777778,0.02629958238582201
0.011111111111111113,-16.666666666666664,10.0,-0.7777777777777778,0.02629958238582201
0.011111111111111113,-10.0,-10.0,-0.7777777777777778,-0.02629958238582201
0.011111111111111113,-10.0,-7.777777777777778,-0.7777777777777778,-0.02629958238582201
0.011111111111111113,-10.0,-5.555555555555555,-0.7777777777777778,-0.02629958238582201
0.011111111111111113,-10.0,-3.333333333333333,-0.7777777777777778,-0.02629958238582201
0.011111111111111113,-10.0,-1.1111111111111107,-0.7777777777777778,-0.02629958238582201
0.011111111111111113,-10.0,1.1111111111111107,-0.7777777777777778,0.02629958238582201
0.011111111111111113,-10.0,3.333333333333334,-0.7777777777777778,0.02629958238582201
0.011111111111111113,-10.0,5.555555555555557,-0.7777777777777778,0.02629958238582201
0.011111111111111113,-10.0,7.777777777777779,-0.7777777777777778,0.02629958238582201
0.011111111111111113,-10.0,10.0,-0.7777777777777778,0.02629958238582201
0.011111111111111113,-3.333333333333332,-10.0,-0.7777777777777778,-0.02629958238582201
0.011111111111111113,-3.333333333333332,-7.777777777777778,-0.7777777777777778,-0.02629958238582201
0.011111111111111113,-3.333333333333332,-5.555555555555555,-0.7777777777777778,-0.02629958238582201
0.011111111111111113,-3.333333333333332,-3.333333333333333,-0.7777777777777778,-0.02629958238582201
0.011111111111111113,-3.333333333333332,-1.1111111111111107,-0.7777777777777778,-0.02629958238582201
0.011111111111111113,-3.333333333333332,1.1111111111111107,-0.7777777777777778,0.02629958238582201
0.011111111111111113,-3.333333333333332,3.333333333333334,-0.7777777777777778,0.02629958238582201
0.011111111111111113,-3.333333333333332,5.555555555555557,-0.7777777777777778,0.02629958238582201
0.011111111111111113,-3.333333333333332,7.777777777777779,-0.7777777777777778,0.02629958238582201
0.011111111111111113,-3.333333333333332,10.0,-0.7777777777777778,0.02629958238582201
0.011111111111111113,3.3333333333333357,-10.0,-0.7777777777777778,-0.02629958238582201
0.011111111111111113,3.3333333333333357,-7.777777777777778,-0.7777777777777778,-0.02629958238582201
0.011111111111111113,3.3333333333333357,-5.555555555555555,-0.7777777777777778,-0.02629958238582201
0.011111111111111113,3.3333333333333357,-3.333333333333333,-0.7777777777777778,-0.02629958238582201
0.011111111111111113,3.3333333333333357,-1.1111111111111107,-0.7777777777777778,-0.02629958238582201
0.011111111111111113,3.3333333333333357,1.1111111111111107,-0.7777777777777778,0.02629958238582201
0.011111111111111113,3.3333333333333357,3.333333333333334,-0.7777777777777778,0.02629958238582201
0.011111111111111113,3.3333333333333357,5.555555555555557,-0.7777777777777778,0.02629958238582201
0.011111111111111113,3.3333333333333357,7.777777777777779,-0.7777777777777778,0.02629958238582201
0.011111111111111113,3.3333333333333357,10.0,-0.7777777777777778,0.02629958238582201
0.011111111111111113,10.0,-10.0,-0.7777777777777778,-0.02629958238582201
0.011111111111111113,10.0,-7.777777777777778,-0.7777777777777778,-0.02629958238582201
0.011111111111111113,10.0,-5.555555555555555,-0.7777777777777778,-0.02629958238582201
0.011111111111111113,10.0,-3.333333333333333,-0.7777777777777778,-0.02629958238582201
0.011111111111111113,10.0,-1.1111111111111107,-0.7777777777777778,-0.02629958238582201
0.011111111111111113,10.0,1.1111111111111107,-0.7777777777777778,0.02629958238582201
0.011111111111111113,10.0,3.333333333333334,-0.7777777777777778,0.02629958238582201
0.011111111111111113,10.0,5.555555555555557,-0.7777777777777778,0.02629958238582201
0.011111111111111113,10.0,7.777777777777779,-0.7777777777777778,0.02629958238582201
0.011111111111111113,10.0,10.0,-0.7777777777777778,0.02629958238582201
0.011111111111111113,16.66666666666667,-10.0,-0.7777777777777778,-0.02629958238582201
0.011111111111111113,16.66666666666667,-7.777777777777778,-0.7777777777777778,-0.02629958238582201
0.011111111111111113,16.66666666666667,-5.555555555555555,-0.7777777777777778,-0.02629958238582201
0.011111111111111113,16.66666666666667,-3.333333333333333,-0.7777777777777778,-0.02629958238582201
0.011111111111111113,16.66666666666667,-1.1111111111111107,-0.7777777777777778,-0.02629958238582201
0.011111111111111113,16.66666666666667,1.1111111111111107,-0.7777777777777778,0.02629958238582201
0.011111111111111113,16.66666666666667,3.333333333333334,-0.7777777777777778,0.02629958238582201
0.011111111111111113,16.66666666666667,5.555555555555557,-0.7777777777777778,0.02629958238582201
0.011111111111111113,16.66666666666667,7.777777777777779,-0.7777777777777778,0.02629958238582201
0.011111111111111113,16.66666666666667,10.0,-0.7777777777777778,0.02629958238582201
0.011111111111111113,23.333333333333336,-10.0,-0.7777777777777778,-0.02629958238582201
0.011111111111111113,23.333333333333336,-7.777777777777778,-0.7777777777777778,-0.02629958238582201
0.011111111111111113,23.333333333333336,-5.555555555555555,-0.7777777777777778,-0.02629958238582201
0.011111111111111113,23.333333333333336,-3.333333333333333,-0.7777777777777778,-0.02629958238582201
0.011111111111111113,23.333333333333336,-1.1111111111111107,-0.7777777777777778,-0.02629958238582201
0.011111111111111113,23.333333333333336,1.1111111111111107,-0.7777777777777778,0.02629958238582201
0.011111111111111113,23.333333333333336,3.333333333333334,-0.7777777777777778,0.02629958238582201
0.011111111111111113,23.333333333333336,5.555555555555557,-0.7777777777777778,0.02629958238582201
0.011111111111111113,23.333333333333336,7.777777777777779,-0.7777777777777778,0.02629958238582201
0.011111111111111113,23.333333333333336,10.0,-0.7777777777777778,0.02629958238582201
0.011111111111111113,30.0,-10.0,-0.7777777777777778,-0.02629958238582201
0.011111111111111113,30.0,-7.777777777777778,-0.7777777777777778,-0.02629958238582201
0.011111111111111113,30.0,-5.555555555555555,-0.7777777777777778,-0.02629958238582201
0.011111111111111113,30.0,-3.333333333333333,-0.7777777777777778,-0.02629958238582201
0.011111111111111113,30.0,-1.1111111111111107,-0.7777777777777778,-0.02629958238582201
0.011111111111111113,30.0,1.1111111111111107,-0.7777777777777778,0.02629958238582201
0.011111111111111113,30.0,3.333333333333334,-0.7777777777777778,0.02629958238582201
0.011111111111111113,30.0,5.555555555555557,-0.7777777777777778,0.02629958238582201
0.011111111111111113,30.0,7.777777777777779,-0.7777777777777778,0.02629958238582201
0.011111111111111113,30.0,10.0,-0.7777777777777778,0.02629958238582201
0.033333333333333326,-30.0,-10.0,-0.7777777777777778,-0.001656206613092744
0.033333333333333326,-30.0,-7.777777777777778,-0.7777777777777778,-0.001656206613092744
0.033333333333333326,-30.0,-5.555555555555555,-0.7777777777777778,-0.001656206613092744
0.033333333333333326,-30.0,-3.333333333333333,-0.7777777777777778,-0.001656206613092744
0.033333333333333326,-30.0,-1.1111111111111107,-0.7777777777777778,-0.001656206613092744
0.033333333333333326,-30.0,1.1111111111111107,-0.7777777777777778,0.001656206613092744
0.033333333333333326,-30.0,3.333333333333334,-0.7777777777777778,0.001656206613092744
0.033333333333333326,-30.0,5.555555555555557,-0.7777777777777778,0.001656206613092744
0.033333333333333326,-30.0,7.777777777777779,-0.7777777777777778,0.001656206613092744
0.033333333333333326,-30.0,10.0,-0.7777777777777778,0.001656206613092744
0.033333333333333326,-23.333333333333332,-10.0,-0.7777777777777778,-0.001656206613092744
0.033333333333333326,-23.333333333333332,-7.777777777777778,-0.7777777777777778,-0.001656206613092744
0.033333333333333326,-23.333333333333332,-5.555555555555555,-0.7777777777777778,-0.001656206613092744
0.033333333333333326,-23.333333333333332,-3.333333333333333,-0.7777777777777778,-0.001656206613092744
0.033333333333333326,-23.333333333333332,-1.1111111111111107,-0.7777777777777778,-0.001656206613092744
0.033333333333333326,-23.333333333333332,1.1111111111111107,-0.7777777777777778,0.001656206613092744
0.033333333333333326,-23.333333333333332,3.333333333333334,-0.7777777777777778,0.001656206613092744
0.033333333333333326,-23.333333333333332,5.555555555555557,-0.7777777777777778,0.001656206613092744
0.033333333333333326,-23.333333333333332,7.777777777777779,-0.7777777777777778,0.001656206613092744
0.033333333333333326,-23.333333333333332,10.0,-0.7777777777777778,0.001656206613092744
0.033333333333333326,-16.666666666666664,-10.0,-0.7777777777777778,-0.001656206613092744
0.033333333333333326,-16.666666666666664,-7.777777777777778,-0.7777777777777778,-0.001656206613092744
0.033333333333333326,-16.666666666666664,-5.555555555555555,-0.7777777777777778,-0.001656206613092744
0.033333333333333326,-16.666666666666664,-3.333333333333333,-0.7777777777777778,-0.001656206613092744
0.033333333333333326,-16.666666666666664,-1.1111111111111107,-0.7777777777777778,-0.001656206613092744
0.033333333333333326,-16.666666666666664,1.1111111111111107,-0.7777777777777778,0.001656206613092744
0.033333333333333326,-16.666666666666664,3.333333333333334,-0.7777777777777778,0.001656206613092744
0.033333333333333326,-16.666666666666664,5.555555555555557,-0.7777777777777778,0.001656206613092744
0.033333333333333326,-16.666666666666664,7.777777777777779,-0.7777777777777778,0.001656206613092744
0.033333333333333326,-16.666666666666664,10.0,-0.7777777777777778,0.001656206613092744
0.033333333333333326,-10.0,-10.0,-0.7777777777777778,-0.001656206613092744
0.033333333333333326,-10.0,-7.777777777777778,-0.7777777777777778,-0.001656206613092744
0.033333333333333326,-10.0,-5.555555555555555,-0.7777777777777778,-0.001656206613092744
0.033333333333333326,-10.0,-3.333333333333333,-0.7777777777777778,-0.001656206613092744
0.033333333333333326,-10.0,-1.1111111111111107,-0.7777777777777778,-0.001656206613092744
0.033333333333333326,-10.0,1.1111111111111107,-0.7777777777777778,0.001656206613092744
0.033333333333333326,-10.0,3.333333333333334,-0.7777777777777778,0.001656206613092744
0.033333333333333326,-10.0,5.555555555555557,-0.7777777777777778,0.001656206613092744
0.033333333333333326,-10.0,7.777777777777779,-0.7777777777777778,0.001656206613092744
0.033333333333333326,-10.0,10.0,-0.7777777777777778,0.001656206613092744
0.033333333333333326,-3.333333333333332,-10.0,-0.7777777777777778,-0.001656206613092744
0.033333333333333326,-3.333333333333332,-7.777777777777778,-0.7777777777777778,-0.001656206613092744
0.033333333333333326,-3.333333333333332,-5.555555555555555,-0.7777777777777778,-0.001656206613092744
0.033333333333333326,-3.333333333333332,-3.333333333333333,-0.7777777777777778,-0.001656206613092744
0.033333333333333326,-3.333333333333332,-1.1111111111111107,-0.7777777777777778,-0.001656206613092744
0.033333333333333326,-3.333333333333332,1.1111111111111107,-0.7777777777777778,0.001656206613092744
0.033333333333333326,-3.333333333333332,3.333333333333334,-0.7777777777777778,0.001656206613092744
0.033333333333333326,-3.333333333333332,5.555555555555557,-0.7777777777777778,0.001656206613092744
0.033333333333333326,-3.333333333333332,7.777777777777779,-0.7777777777777778,0.001656206613092744
0.033333333333333326,-3.333333333333332,10.0,-0.7777777777777778,0.001656206613092744
0.033333333333333326,3.3333333333333357,-10.0,-0.7777777777777778,-0.001656206613092744
0.033333333333333326,3.3333333333333357,-7.777777777777778,-0.7777777777777778,-0.001656206613092744
0.033333333333333326,3.3333333333333357,-5.555555555555555,-0.7777777777777778,-0.001656206613092744
0.033333333333333326,3.3333333333333357,-3.333333333333333,-0.7777777777777778,-0.001656206613092744
0.033333333333333326,3.3333333333333357,-1.1111111111111107,-0.7777777777777778,-0.001656206613092744
0.033333333333333326,3.3333333333333357,1.1111111111111107,-0.7777777777777778,0.001656206613092744
0.033333333333333326,3.3333333333333357,3.333333333333334,-0.7777777777777778,0.001656206613092744
0.033333333333333326,3.3333333333333357,5.555555555555557,-0.7777777777777778,0.001656206613092744
0.033333333333333326,3.3333333333333357,7.777777777777779,-0.7777777777777778,0.001656206613092744
0.033333333333333326,3.3333333333333357,10.0,-0.7777777777777778,0.001656206613092744
0.033333333333333326,10.0,-10.0,-0.7777777777777778,-0.001656206613092744
0.033333333333333326,10.0,-7.777777777777778,-0.7777777777777778,-0.001656206613092744
0.033333333333333326,10.0,-5.555555555555555,-0.7777777777777778,-0.001656206613092744
0.033333333333333326,10.0,-3.333333333333333,-0.7777777777777778,-0.001656206613092744
0.033333333333333326,10.0,-1.1111111111111107,-0.7777777777777778,-0.001656206613092744
0.033333333333333326,10.0,1.1111111111111107,-0.7777777777777778,0.001656206613092744
0.033333333333333326,10.0,3.333333333333334,-0.7777777777777778,0.001656206613092744
0.033333333333333326,10.0,5.555555555555557,-0.7777777777777778,0.001656206613092744
0.033333333333333326,10.0,7.777777777777779,-0.7777777777777778,0.001656206613092744
0.033333333333333326,10.0,10.0,-0.7777777777777778,0.001656206613092744
0.033333333333333326,16.66666666666667,-10.0,-0.7777777777777778,-0.001656206613092744
0.033333333333333326,16.66666666666667,-7.777777777777778,-0.7777777777777778,-0.001656206613092744
0.033333333333333326,16.66666666666667,-5.555555555555555,-0.7777777777777778,-0.001656206613092744
0.033333333333333326,16.66666666666667,-3.333333333333333,-0.7777777777777778,-0.001656206613092744
0.033333333333333326,16.66666666666667,-1.1111111111111107,-0.7777777777777778,-0.001656206613092744
0.033333333333333326,16.66666666666667,1.1111111111111107,-0.7777777777777778,0.001656206613092744
0.033333333333333326,16.66666666666667,3.333333333333334,-0.7777777777777778,0.001656206613092744
0.033333333333333326,16.66666666666667,5.555555555555557,-0.7777777777777778,0.001656206613092744
0.033333333333333326,16.66666666666667,7.777777777777779,-0.7777777777777778,0.001656206613092744
0.033333333333333326,16.66666666666667,10.0,-0.7777777777777778,0.001656206613092744
0.033333333333333326,23.333333333333336,-10.0,-0.7777777777777778,-0.001656206613092744
0.033333333333333326,23.333333333333336,-7.777777777777778,-0.7777777777777778,-0.001656206613092744
0.033333333333333326,23.333333333333336,-5.555555555555555,-0.7777777777777778,-0.001656206613092744
0.033333333333333326,23.333333333333336,-3.333333333333333,-0.7777777777777778,-0.001656206613092744
0.033333333333333326,23.333333333333336,-1.1111111111111107,-0.7777777777777778,-0.001656206613092744
0.033333333333333326,23.333333333333336,1.1111111111111107,-0.7777777777777778,0.001656206613092744
0.033333333333333326,23.333333333333336,3.333333333333334,-0.7777777777777778,0.001656206613092744
0.033333333333333326,23.333333333333336,5.555555555555557,-0.7777777777777778,0.001656206613092744
0.033333333333333326,23.333333333333336,7.777777777777779,-0.7777777777777778,0.001656206613092744
0.033333333333333326,23.333333333333336,10.0,-0.7777777777777778,0.001656206613092744
0.033333333333333326,30.0,-10.0,-0.7777777777777778,-0.001656206613092744
0.033333333333333326,30.0,-7.777777777777778,-0.7777777777777778,-0.001656206613092744
0.033333333333333326,30.0,-5.555555555555555,-0.7777777777777778,-0.001656206613092744
0.033333333333333326,30.0,-3.333333333333333,-0.7777777777777778,-0.001656206613092744
0.033333333333333326,30.0,-1.1111111111111107,-0.7777777777777778,-0.001656206613092744
0.033333333333333326,30.0,1.1111111111111107,-0.7777777777777778,0.001656206613092744
0.033333333333333326,30.0,3.333333333333334,-0.7777777777777778,0.001656206613092744
0.033333333333333326,30.0,5.555555555555557,-0.7777777777777778,0.001656206613092744
0.033333333333333326,30.0,7.777777777777779,-0.7777777777777778,0.001656206613092744
0.033333333333333326,30.0,10.0,-0.7777777777777778,0.001656206613092744
0.05555555555555555,-30.0,-10.0,-0.7777777777777778,-7.946083251302022e-05
0.05555555555555555,-30.0,-7.777777777777778,-0.7777777777777778,-7.946083251302022e-05
0.05555555555555555,-30.0,-5.555555555555555,-0.7777777777777778,-7.946083251302022e-05
0.05555555555555555,-30.0,-3.333333333333333,-0.7777777777777778,-7.946083251302022e-05
0.05555555555555555,-30.0,-1.1111111111111107,-0.7777777777777778,-7.946083251302022e-05
0.05555555555555555,-30.0,1.1111111111111107,-0.7777777777777778,7.946083251302022e-05
0.05555555555555555,-30.0,3.333333333333334,-0.7777777777777778,7.946083251302022e-05
0.05555555555555555,-30.0,5.555555555555557,-0.7777777777777778,7.946083251302022e-05
0.05555555555555555,-30.0,7.777777777777779,-0.7777777777777778,7.946083251302022e-05
0.05555555555555555,-30.0,10.0,-0.7777777777777778,7.946083251302022e-05
0.05555555555555555,-23.333333333333332,-10.0,-0.7777777777777778,-7.946083251302022e-05
0.05555555555555555,-23.333333333333332,-7.777777777777778,-0.7777777777777778,-7.946083251302022e-05
0.05555555555555555,-23.333333333333332,-5.555555555555555,-0.7777777777777778,-7.946083251302022e-05
0.05555555555555555,-23.333333333333332,-3.333333333333333,-0.7777777777777778,-7.946083251302022e-05
0.05555555555555555,-23.333333333333332,-1.1111111111111107,-0.7777777777777778,-7.946083251302022e-05
0.05555555555555555,-23.333333333333332,1.1111111111111107,-0.7777777777777778,7.946083251302022e-05
0.05555555555555555,-23.333333333333332,3.333333333333334,-0.7777777777777778,7.946083251302022e-05
0.05555555555555555,-23.333333333333332,5.555555555555557,-0.7777777777777778,7.946083251302022e-05
0.05555555555555555,-23.333333333333332,7.777777777777779,-0.7777777777777778,7.946083251302022e-05
0.05555555555555555,-23.333333333333332,10.0,-0.7777777777777778,7.946083251302022e-05
0.05555555555555555,-16.666666666666664,-10.0,-0.7777777777777778,-7.946083251302022e-05
0.05555555555555555,-16.666666666666664,-7.777777777777778,-0.7777777777777778,-7.946083251302022e-05
0.05555555555555555,-16.666666666666664,-5.555555555555555,-0.7777777777777778,-7.946083251302022e-05
0.05555555555555555,-16.666666666666664,-3.333333333333333,-0.7777777777777778,-7.946083251302022e-05
0.05555555555555555,-16.666666666666664,-1.1111111111111107,-0.7777777777777778,-7.946083251302022e-05
0.05555555555555555,-16.666666666666664,1.1111111111111107,-0.7777777777777778,7.946083251302022e-05
0.05555555555555555,-16.666666666666664,3.333333333333334,-0.7777777777777778,7.946083251302022e-05
0.05555555555555555,-16.666666666666664,5.555555555555557,-0.7777777777777778,7.946083251302022e-05
0.05555555555555555,-16.666666666666664,7.777777777777779,-0.7777777777777778,7.946083251302022e-05
0.05555555555555555,-16.666666666666664,10.0,-0.7777777777777778,7.946083251302022e-05
0.05555555555555555,-10.0,-10.0,-0.7777777777777778,-7.946083251302022e-05
0.05555555555555555,-10.0,-7.777777777777778,-0.7777777777777778,-7.946083251302022e-05
0.05555555555555555,-10.0,-5.555555555555555,-0.7777777777777778,-7.946083251302022e-05
0.05555555555555555,-10.0,-3.333333333333333,-0.7777777777777778,-7.946083251302022e-05
0.05555555555555555,-10.0,-1.1111111111111107,-0.7777777777777778,-7.946083251302022e-05
0.05555555555555555,-10.0,1.1111111111111107,-0.7777777777777778,7.946083251302022e-05
0.05555555555555555,-10.0,3.333333333333334,-0.7777777777777778,7.946083251302022e-05
0.05555555555555555,-10.0,5.555555555555557,-0.7777777777777778,7.946083251302022e-05
0.05555555555555555,-10.0,7.777777777777779,-0.7777777777777778,7.946083251302022e-05
0.05555555555555555,-10.0,10.0,-0.7777777777777778,7.946083251302022e-05
0.05555555555555555,-3.333333333333332,-10.0,-0.7777777777777778,-7.946083251302022e-05
0.05555555555555555,-3.333333333333332,-7.777777777777778,-0.7777777777777778,-7.946083251302022e-05
0.05555555555555555,-3.333333333333332,-5.555555555555555,-0.7777777777777778,-7.946083251302022e-05
0.05555555555555555,-3.333333333333332,-3.333333333333333,-0.7777777777777778,-7.946083251302022e-05
0.05555555555555555,-3.333333333333332,-1.1111111111111107,-0.7777777777777778,-7.946083251302022e-05
0.05555555555555555,-3.333333333333332,1.1111111111111107,-0.7777777777777778,7.946083251302022e-05
0.05555555555555555,-3.333333333333332,3.333333333333334,-0.7777777777777778,7.946083251302022e-05
0.05555555555555555,-3.333333333333332,5.555555555555557,-0.7777777777777778,7.946083251302022e-05
0.05555555555555555,-3.333333333333332,7.777777777777779,-0.7777777777777778,7.946083251302022e-05
0.05555555555555555,-3.333333333333332,10.0,-0.7777777777777778,7.946083251302022e-05
0.05555555555555555,3.3333333333333357,-10.0,-0.7777777777777778,-7.946083251302022e-05
0.05555555555555555,3.3333333333333357,-7.777777777777778,-0.7777777777777778,-7.946083251302022e-05
0.05555555555555555,3.3333333333333357,-5.555555555555555,-0.7777777777777778,-7.946083251302022e-05
0.05555555555555555,3.3333333333333357,-3.333333333333333,-0.7777777777777778,-7.946083251302022e-05
0.05555555555555555,3.3333333333333357,-1.1111111111111107,-0.7777777777777778,-7.946083251302022e-05
0.05555555555555555,3.3333333333333357,1.1111111111111107,-0.7777777777777778,7.946083251302022e-05
0.05555555555555555,3.3333333333333357,3.333333333333334,-0.7777777777777778,7.946083251302022e-05
0.05555555555555555,3.3333333333333357,5.555555555555557,-0.7777777777777778,7.946083251302022e-05
0.05555555555555555,3.3333333333333357,7.777777777777779,-0.7777777777777778,7.946083251302022e-05
0.05555555555555555,3.3333333333333357,10.0,-0.7777777777777778,7.946083251302022e-05
0.05555555555555555,10.0,-10.0,-0.7777777777777778,-7.946083251302022e-05
0.05555555555555555,10.0,-7.777777777777778,-0.7777777777777778,-7.946083251302022e-05
0.05555555555555555,10.0,-5.555555555555555,-0.7777777777777778,-7.946083251302022e-05
0.05555555555555555,10.0,-3.333333333333333,-0.7777777777777778,-7.946083251302022e-05
0.05555555555555555,10.0,-1.1111111111111107,-0.7777777777777778,-7.946083251302022e-05
0.05555555555555555,10.0,1.1111111111111107,-0.7777777777777778,7.946083251302022e-05
0.05555555555555555,10.0,3.333333333333334,-0.7777777777777778,7.946083251302022e-05
0.05555555555555555,10.0,5.555555555555557,-0.7777777777777778,7.946083251302022e-05
0.05555555555555555,10.0,7.777777777777779,-0.7777777777777778,7.946083251302022e-05
0.05555555555555555,10.0,10.0,-0.7777777777777778,7.946083251302022e-05
0.05555555555555555,16.66666666666667,-10.0,-0.7777777777777778,-7.946083251302022e-05
0.05555555555555555,16.66666666666667,-7.777777777777778,-0.7777777777777778,-7.946083251302022e-05
0.05555555555555555,16.66666666666667,-5.555555555555555,-0.7777777777777778,-7.946083251302022e-05
0.05555555555555555,16.66666666666667,-3.333333333333333,-0.7777777777777778,-7.946083251302022e-05
0.05555555555555555,16.66666666666667,-1.1111111111111107,-0.7777777777777778,-7.946083251302022e-05
0.05555555555555555,16.66666666666667,1.1111111111111107,-0.7777777777777778,7.946083251302022e-05
0.05555555555555555,16.66666666666667,3.333333333333334,-0.7777777777777778,7.946083251302022e-05
0.05555555555555555,16.66666666666667,5.555555555555557,-0.7777777777777778,7.946083251302022e-05
0.05555555555555555,16.66666666666667,7.777777777777779,-0.7777777777777778,7.946083251302022e-05
0.05555555555555555,16.66666666666667,10.0,-0.7777777777777778,7.946083251302022e-05
0.05555555555555555,23.333333333333336,-10.0,-0.7777777777777778,-7.946083251302022e-05
0.05555555555555555,23.333333333333336,-7.777777777777778,-0.7777777777777778,-7.946083251302022e-05
0.05555555555555555,23.333333333333336,-5.555555555555555,-0.7777777777777778,-7.946083251302022e-05
0.05555555555555555,23.333333333333336,-3.333333333333333,-0.7777777777777778,-7.946083251302022e-05
0.05555555555555555,23.333333333333336,-1.1111111111111107,-0.7777777777777778,-7.946083251302022e-05
0.05555555555555555,23.333333333333336,1.1111111111111107,-0.7777777777777778,7.946083251302022e-05
0.05555555555555555,23.333333333333336,3.333333333333334,-0.7777777777777778,7.946083251302022e-05
0.05555555555555555,23.333333333333336,5.555555555555557,-0.7777777777777778,7.946083251302022e-05
0.05555555555555555,23.333333333333336,7.777777777777779,-0.7777777777777778,7.946083251302022e-05
0.05555555555555555,23.333333333333336,10.0,-0.7777777777777778,7.946083251302022e-05
0.05555555555555555,30.0,-10.0,-0.7777777777777778,-7.946083251302022e-05
0.05555555555555555,30.0,-7.777777777777778,-0.7777777777777778,-7.946083251302022e-05
0.05555555555555555,30.0,-5.555555555555555,-0.7777777777777778,-7.946083251302022e-05
0.05555555555555555,30.0,-3.333333333333333,-0.7777777777777778,-7.946083251302022e-05
0.05555555555555555,30.0,-1.1111111111111107,-0.7777777777777778,-7.946083251302022e-05
0.05555555555555555,30.0,1.1111111111111107,-0.7777777777777778,7.946083251302022e-05
0.05555555555555555,30.0,3.333333333333334,-0.7777777777777778,7.946083251302022e-05
0.05555555555555555,30.0,5.555555555555557,-0.7777777777777778,7.946083251302022e-05
0.05555555555555555,30.0,7.777777777777779,-0.7777777777777778,7.946083251302022e-05
0.05555555555555555,30.0,10.0,-0.7777777777777778,7.946083251302022e-05
0.07777777777777778,-30.0,-10.0,-0.7777777777777778,-0.0
0.07777777777777778,-30.0,-7.777777777777778,-0.7777777777777778,-0.0
0.07777777777777778,-30.0,-5.555555555555555,-0.7777777777777778,-0.0
0.07777777777777778,-30.0,-3.333333333333333,-0.7777777777777778,-0.0
0.07777777777777778,-30.0,-1.1111111111111107,-0.7777777777777778,-0.0
0.07777777777777778,-30.0,1.1111111111111107,-0.7777777777777778,0.0
0.07777777777777778,-30.0,3.333333333333334,-0.7777777777777778,0.0
0.07777777777777778,-30.0,5.555555555555557,-0.7777777777777778,0.0
0.07777777777777778,-30.0,7.777777777777779,-0.7777777777777778,0.0
0.07777777777777778,-30.0,10.0,-0.7777777777777778,0.0
0.07777777777777778,-23.333333333333332,-10.0,-0.7777777777777778,-0.0
0.07777777777777778,-23.333333333333332,-7.777777777777778,-0.7777777777777778,-0.0
0.07777777777777778,-23.333333333333332,-5.555555555555555,-0.7777777777777778,-0.0
0.07777777777777778,-23.333333333333332,-3.333333333333333,-0.7777777777777778,-0.0
0.07777777777777778,-23.333333333333332,-1.1111111111111107,-0.7777777777777778,-0.0
0.07777777777777778,-23.333333333333332,1.1111111111111107,-0.7777777777777778,0.0
0.07777777777777778,-23.333333333333332,3.333333333333334,-0.7777777777777778,0.0
0.07777777777777778,-23.333333333333332,5.555555555555557,-0.7777777777777778,0.0
0.07777777777777778,-23.333333333333332,7.777777777777779,-0.7777777777777778,0.0
0.07777777777777778,-23.333333333333332,10.0,-0.7777777777777778,0.0
0.07777777777777778,-16.666666666666664,-10.0,-0.7777777777777778,-0.0
0.07777777777777778,-16.666666666666664,-7.777777777777778,-0.7777777777777778,-0.0
0.07777777777777778,-16.666666666666664,-5.555555555555555,-0.7777777777777778,-0.0
0.07777777777777778,-16.666666666666664,-3.333333333333333,-0.7777777777777778,-0.0
0.07777777777777778,-16.666666666666664,-1.1111111111111107,-0.7777777777777778,-0.0
0.07777777777777778,-16.666666666666664,1.1111111111111107,-0.7777777777777778,0.0
0.07777777777777778,-16.666666666666664,3.333333333333334,-0.7777777777777778,0.0
0.07777777777777778,-16.666666666666664,5.555555555555557,-0.7777777777777778,0.0
0.07777777777777778,-16.666666666666664,7.777777777777779,-0.7777777777777778,0.0
0.07777777777777778,-16.666666666666664,10.0,-0.7777777777777778,0.0
0.07777777777777778,-10.0,-10.0,-0.7777777777777778,-0.0
0.07777777777777778,-10.0,-7.777777777777778,-0.7777777777777778,-0.0
0.07777777777777778,-10.0,-5.555555555555555,-0.7777777777777778,-0.0
0.07777777777777778,-10.0,-3.333333333333333,-0.7777777777777778,-0.0
0.07777777777777778,-10.0,-1.1111111111111107,-0.7777777777777778,-0.0
0.07777777777777778,-10.0,1.1111111111111107,-0.7777777777777778,0.0
0.07777777777777778,-10.0,3.333333333333334,-0.7777777777777778,0.0
0.07777777777777778,-10.0,5.555555555555557,-0.7777777777777778,0.0
0.07777777777777778,-10.0,7.777777777777779,-0.7777777777777778,0.0
0.07777777777777778,-10.0,10.0,-0.7777777777777778,0.0
0.07777777777777778,-3.333333333333332,-10.0,-0.7777777777777778,-0.0
0.07777777777777778,-3.333333333333332,-7.777777777777778,-0.7777777777777778,-0.0
0.07777777777777778,-3.333333333333332,-5.555555555555555,-0.7777777777777778,-0.0
0.07777777777777778,-3.333333333333332,-3.333333333333333,-0.7777777777777778,-0.0
0.07777777777777778,-3.333333333333332,-1.1111111111111107,-0.7777777777777778,-0.0
0.07777777777777778,-3.333333333333332,1.1111111111111107,-0.7777777777777778,0.0
0.07777777777777778,-3.333333333333332,3.333333333333334,-0.7777777777777778,0.0
0.07777777777777778,-3.333333333333332,5.555555555555557,-0.7777777777777778,0.0
0.07777777777777778,-3.333333333333332,7.777777777777779,-0.7777777777777778,0.0
0.07777777777777778,-3.333333333333332,10.0,-0.7777777777777778,0.0
0.07777777777777778,3.3333333333333357,-10.0,-0.7777777777777778,-0.0
0.07777777777777778,3.3333333333333357,-7.777777777777778,-0.7777777777777778,-0.0
0.07777777777777778,3.3333333333333357,-5.555555555555555,-0.7777777777777778,-0.0
0.07777777777777778,3.3333333333333357,-3.333333333333333,-0.7777777777777778,-0.0
0.07777777777777778,3.3333333333333357,-1.1111111111111107,-0.7777777777777778,-0.0
0.07777777777777778,3.3333333333333357,1.1111111111111107,-0.7777777777777778,0.0
0.07777777777777778,3.3333333333333357,3.333333333333334,-0.7777777777777778,0.0
0.07777777777777778,3.3333333333333357,5.555555555555557,-0.7777777777777778,0.0
0.07777777777777778,3.3333333333333357,7.777777777777779,-0.7777777777777778,0.0
0.07777777777777778,3.3333333333333357,10.0,-0.7777777777777778,0.0
0.07777777777777778,10.0,-10.0,-0.7777777777777778,-0.0
0.07777777777777778,10.0,-7.777777777777778,-0.7777777777777778,-0.0
0.07777777777777778,10.0,-5.555555555555555,-0.7777777777777778,-0.0
0.07777777777777778,10.0,-3.333333333333333,-0.7777777777777778,-0.0
0.07777777777777778,10.0,-1.1111111111111107,-0.7777777777777778,-0.0
0.07777777777777778,10.0,1.1111111111111107,-0.7777777777777778,0.0
0.07777777777777778,10.0,3.333333333333334,-0.7777777777777778,0.0
0.07777777777777778,10.0,5.555555555555557,-0.7777777777777778,0.0
0.07777777777777778,10.0,7.777777777777779,-0.7777777777777778,0.0
0.07777777777777778,10.0,10.0,-0.7777777777777778,0.0
0.07777777777777778,16.66666666666667,-10.0,-0.7777777777777778,-0.0
0.07777777777777778,16.66666666666667,-7.777777777777778,-0.7777777777777778,-0.0
0.07777777777777778,16.66666666666667,-5.555555555555555,-0.7777777777777778,-0.0
0.07777777777777778,16.66666666666667,-3.333333333333333,-0.7777777777777778,-0.0
0.07777777777777778,16.66666666666667,-1.1111111111111107,-0.7777777777777778,-0.0
0.07777777777777778,16.66666666666667,1.1111111111111107,-0.7777777777777778,0.0
0.07777777777777778,16.66666666666667,3.333333333333334,-0.7777777777777778,0.0
0.07777777777777778,16.66666666666667,5.555555555555557,-0.7777777777777778,0.0
0.07777777777777778,16.66666666666667,7.777777777777779,-0.7777777777777778,0.0
0.07777777777777778,16.66666666666667,10.0,-0.7777777777777778,0.0
0.07777777777777778,23.333333333333336,-10.0,-0.7777777777777778,-0.0
0.07777777777777778,23.333333333333336,-7.777777777777778,-0.7777777777777778,-0.0
0.07777777777777778,23.333333333333336,-5.555555555555555,-0.7777777777777778,-0.0
0.07777777777777778,23.333333333333336,-3.333333333333333,-0.7777777777777778,-0.0
0.07777777777777778,23.333333333333336,-1.1111111111111107,-0.7777777777777778,-0.0
0.07777777777777778,23.333333333333336,1.1111111111111107,-0.7777777777777778,0.0
0.07777777777777778,23.333333333333336,3.333333333333334,-0.7777777777777778,0.0
0.07777777777777778,23.333333333333336,5.555555555555557,-0.7777777777777778,0.0
0.07777777777777778,23.333333333333336,7.777777777777779,-0.7777777777777778,0.0
0.07777777777777778,23.333333333333336,10.0,-0.7777777777777778,0.0
0.07777777777777778,30.0,-10.0,-0.7777777777777778,-0.0
0.07777777777777778,30.0,-7.777777777777778,-0.7777777777777778,-0.0
0.07777777777777778,30.0,-5.555555555555555,-0.7777777777777778,-0.0
0.07777777777777778,30.0,-3.333333333333333,-0.7777777777777778,-0.0
0.07777777777777778,30.0,-1.1111111111111107,-0.7777777777777778,-0.0
0.07777777777777778,30.0,1.1111111111111107,-0.7777777777777778,0.0
0.07777777777777778,30.0,3.333333333333334,-0.7777777777777778,0.0
0.07777777777777778,30.0,5.555555555555557,-0.7777777777777778,0.0
0.07777777777777778,30.0,7.777777777777779,-0.7777777777777778,0.0
0.07777777777777778,30.0,10.0,-0.7777777777777778,0.0
0.1,-30.0,-10.0,-0.7777777777777778,-0.0
0.1,-30.0,-7.777777777777778,-0.7777777777777778,-0.0
0.1,-30.0,-5.555555555555555,-0.7777777777777778,-0.0
0.1,-30.0,-3.333333333333333,-0.7777777777777778,-0.0
0.1,-30.0,-1.1111111111111107,-0.7777777777777778,-0.0
0.1,-30.0,1.1111111111111107,-0.7777777777777778,0.0
0.1,-30.0,3.333333333333334,-0.7777777777777778,0.0
0.1,-30.0,5.555555555555557,-0.7777777777777778,0.0
0.1,-30.0,7.777777777777779,-0.7777777777777778,0.0
0.1,-30.0,10.0,-0.7777777777777778,0.0
0.1,-23.333333333333332,-10.0,-0.7777777777777778,-0.0
0.1,-23.333333333333332,-7.777777777777778,-0.7777777777777778,-0.0
0.1,-23.333333333333332,-5.555555555555555,-0.7777777777777778,-0.0
0.1,-23.333333333333332,-3.333333333333333,-0.7777777777777778,-0.0
0.1,-23.333333333333332,-1.1111111111111107,-0.7777777777777778,-0.0
0.1,-23.333333333333332,1.1111111111111107,-0.7777777777777778,0.0
0.1,-23.333333333333332,3.333333333333334,-0.7777777777777778,0.0
0.1,-23.333333333333332,5.555555555555557,-0.7777777777777778,0.0
0.1,-23.333333333333332,7.777777777777779,-0.7777777777777778,0.0
0.1,-23.333333333333332,10.0,-0.7777777777777778,0.0
0.1,-16.666666666666664,-10.0,-0.7777777777777778,-0.0
0.1,-16.666666666666664,-7.777777777777778,-0.7777777777777778,-0.0
0.1,-16.666666666666664,-5.555555555555555,-0.7777777777777778,-0.0
0.1,-16.666666666666664,-3.333333333333333,-0.7777777777777778,-0.0
0.1,-16.666666666666664,-1.1111111111111107,-0.7777777777777778,-0.0
0.1,-16.666666666666664,1.1111111111111107,-0.7777777777777778,0.0
0.1,-16.666666666666664,3.333333333333334,-0.7777777777777778,0.0
0.1,-16.666666666666664,5.555555555555557,-0.7777777777777778,0.0
0.1,-16.666666666666664,7.777777777777779,-0.7777777777777778,0.0
0.1,-16.666666666666664,10.0,-0.7777777777777778,0.0
0.1,-10.0,-10.0,-0.7777777777777778,-0.0
0.1,-10.0,-7.777777777777778,-0.7777777777777778,-0.0
0.1,-10.0,-5.555555555555555,-0.7777777777777778,-0.0
0.1,-10.0,-3.333333333333333,-0.7777777777777778,-0.0
0.1,-10.0,-1.1111111111111107,-0.7777777777777778,-0.0
0.1,-10.0,1.1111111111111107,-0.7777777777777778,0.0
0.1,-10.0,3.333333333333334,-0.7777777777777778,0.0
0.1,-10.0,5.555555555555557,-0.7777777777777778,0.0
0.1,-10.0,7.777777777777779,-0.7777777777777778,0.0
0.1,-10.0,10.0,-0.7777777777777778,0.0
0.1,-3.333333333333332,-10.0,-0.7777777777777778,-0.0
0.1,-3.333333333333332,-7.777777777777778,-0.7777777777777778,-0.0
0.1,-3.333333333333332,-5.555555555555555,-0.7777777777777778,-0.0
0.1,-3.333333333333332,-3.333333333333333,-0.7777777777777778,-0.0
0.1,-3.333333333333332,-1.1111111111111107,-0.7777777777777778,-0.0
0.1,-3.333333333333332,1.1111111111111107,-0.7777777777777778,0.0
0.1,-3.333333333333332,3.333333333333334,-0.7777777777777778,0.0
0.1,-3.333333333333332,5.555555555555557,-0.7777777777777778,0.0
0.1,-3.333333333333332,7.777777777777779,-0.7777777777777778,0.0
0.1,-3.333333333333332,10.0,-0.7777777777777778,0.0
0.1,3.3333333333333357,-10.0,-0.7777777777777778,-0.0
0.1,3.3333333333333357,-7.777777777777778,-0.7777777777777778,-0.0
0.1,3.3333333333333357,-5.555555555555555,-0.7777777777777778,-0.0
0.1,3.3333333333333357,-3.333333333333333,-0.7777777777777778,-0.0
0.1,3.3333333333333357,-1.1111111111111107,-0.7777777777777778,-0.0
0.1,3.3333333333333357,1.1111111111111107,-0.7777777777777778,0.0
0.1,3.3333333333333357,3.333333333333334,-0.7777777777777778,0.0
0.1,3.3333333333333357,5.555555555555557,-0.7777777777777778,0.0
0.1,3.3333333333333357,7.777777777777779,-0.7777777777777778,0.0
0.1,3.3333333333333357,10.0,-0.7777777777777778,0.0
0.1,10.0,-10.0,-0.7777777777777778,-0.0
0.1,10.0,-7.777777777777778,-0.7777777777777778,-0.0
0.1,10.0,-5.555555555555555,-0.7777777777777778,-0.0
0.1,10.0,-3.333333333333333,-0.7777777777777778,-0.0
0.1,10.0,-1.1111111111111107,-0.7777777777777778,-0.0
0.1,10.0,1.1111111111111107,-0.7777777777777778,0.0
0.1,10.0,3.333333333333334,-0.7777777777777778,0.0
0.1,10.0,5.555555555555557,-0.7777777777777778,0.0
0.1,10.0,7.777777777777779,-0.7777777777777778,0.0
0.1,10.0,10.0,-0.7777777777777778,0.0
0.1,16.66666666666667,-10.0,-0.7777777777777778,-0.0
0.1,16.66666666666667,-7.777777777777778,-0.7777777777777778,-0.0
0.1,16.66666666666667,-5.555555555555555,-0.7777777777777778,-0.0
0.1,16.66666666666667,-3.333333333333333,-0.7777777777777778,-0.0
0.1,16.66666666666667,-1.1111111111111107,-0.7777777777777778,-0.0
0.1,16.66666666666667,1.1111111111111107,-0.7777777777777778,0.0
0.1,16.66666666666667,3.333333333333334,-0.7777777777777778,0.0
0.1,16.66666666666667,5.555555555555557,-0.7777777777777778,0.0
0.1,16.66666666666667,7.777777777777779,-0.7777777777777778,0.0
0.1,16.66666666666667,10.0,-0.7777777777777778,0.0
0.1,23.333333333333336,-10.0,-0.7777777777777778,-0.0
0.1,23.333333333333336,-7.777777777777778,-0.7777777777777778,-0.0
0.1,23.333333333333336,-5.555555555555555,-0.7777777777777778,-0.0
0.1,23.333333333333336,-3.333333333333333,-0.7777777777777778,-0.0
0.1,23.333333333333336,-1.1111111111111107,-0.7777777777777778,-0.0
0.1,23.333333333333336,1.1111111111111107,-0.7777777777777778,0.0
0.1,23.333333333333336,3.333333333333334,-0.7777777777777778,0.0
0.1,23.333333333333336,5.555555555555557,-0.7777777777777778,0.0
0.1,23.333333333333336,7.777777777777779,-0.7777777777777778,0.0
0.1,23.333333333333336,10.0,-0.7777777777777778,0.0
0.1,30.0,-10.0,-0.7777777777777778,-0.0
0.1,30.0,-7.777777777777778,-0.7777777777777778,-0.0
0.1,30.0,-5.555555555555555,-0.7777777777777778,-0.0
0.1,30.0,-3.333333333333333,-0.7777777777777778,-0.0
0.1,30.0,-1.1111111111111107,-0.7777777777777778,-0.0
0.1,30.0,1.1111111111111107,-0.7777777777777778,0.0
0.1,30.0,3.333333333333334,-0.7777777777777778,0.0
0.1,30.0,5.555555555555557,-0.7777777777777778,0.0
0.1,30.0,7.777777777777779,-0.7777777777777778,0.0
0.1,30.0,10.0,-0.7777777777777778,0.0
-0.1,-30.0,-10.0,-0.5555555555555556,-0.0
-0.1,-30.0,-7.777777777777778,-0.5555555555555556,-0.0
-0.1,-30.0,-5.555555555555555,-0.5555555555555556,-0.0
-0.1,-30.0,-3.333333333333333,-0.5555555555555556,-0.0
-0.1,-30.0,-1.1111111111111107,-0.5555555555555556,-0.0
-0.1,-30.0,1.1111111111111107,-0.5555555555555556,0.0
-0.1,-30.0,3.333333333333334,-0.5555555555555556,0.0
-0.1,-30.0,5.555555555555557,-0.5555555555555556,0.0
-0.1,-30.0,7.777777777777779,-0.5555555555555556,0.0
-0.1,-30.0,10.0,-0.5555555555555556,0.0
-0.1,-23.333333333333332,-10.0,-0.5555555555555556,-0.0
-0.1,-23.333333333333332,-7.777777777777778,-0.5555555555555556,-0.0
-0.1,-23.333333333333332,-5.555555555555555,-0.5555555555555556,-0.0
-0.1,-23.333333333333332,-3.333333333333333,-0.5555555555555556,-0.0
-0.1,-23.333333333333332,-1.1111111111111107,-0.5555555555555556,-0.0
-0.1,-23.333333333333332,1.1111111111111107,-0.5555555555555556,0.0
-0.1,-23.333333333333332,3.333333333333334,-0.5555555555555556,0.0
-0.1,-23.333333333333332,5.555555555555557,-0.5555555555555556,0.0
-0.1,-23.333333333333332,7.777777777777779,-0.5555555555555556,0.0
-0.1,-23.333333333333332,10.0,-0.5555555555555556,0.0
-0.1,-16.666666666666664,-10.0,-0.5555555555555556,-0.0
-0.1,-16.666666666666664,-7.777777777777778,-0.5555555555555556,-0.0
-0.1,-16.666666666666664,-5.555555555555555,-0.5555555555555556,-0.0
-0.1,-16.666666666666664,-3.333333333333333,-0.5555555555555556,-0.0
-0.1,-16.666666666666664,-1.1111111111111107,-0.5555555555555556,-0.0
-0.1,-16.666666666666664,1.1111111111111107,-0.5555555555555556,0.0
-0.1,-16.666666666666664,3.333333333333334,-0.5555555555555556,0.0
-0.1,-16.666666666666664,5.555555555555557,-0.5555555555555556,0.0
-0.1,-16.666666666666664,7.777777777777779,-0.5555555555555556,0.0
-0.1,-16.666666666666664,10.0,-0.5555555555555556,0.0
-0.1,-10.0,-10.0,-0.5555555555555556,-0.0
-0.1,-10.0,-7.777777777777778,-0.5555555555555556,-0.0
-0.1,-10.0,-5.555555555555555,-0.5555555555555556,-0.0
-0.1,-10.0,-3.333333333333333,-0.5555555555555556,-0.0
-0.1,-10.0,-1.1111111111111107,-0.5555555555555556,-0.0
-0.1,-10.0,1.1111111111111107,-0.5555555555555556,0.0
-0.1,-10.0,3.333333333333334,-0.5555555555555556,0.0
-0.1,-10.0,5.555555555555557,-0.5555555555555556,0.0
-0.1,-10.0,7.777777777777779,-0.5555555555555556,0.0
-0.1,-10.0,10.0,-0.5555555555555556,0.0
-0.1,-3.333333333333332,-10.0,-0.5555555555555556,-0.0
-0.1,-3.333333333333332,-7.777777777777778,-0.5555555555555556,-0.0
-0.1,-3.333333333333332,-5.555555555555555,-0.5555555555555556,-0.0
-0.1,-3.333333333333332,-3.333333333333333,-0.5555555555555556,-0.0
-0.1,-3.333333333333332,-1.1111111111111107,-0.5555555555555556,-0.0
-0.1,-3.333333333333332,1.1111111111111107,-0.5555555555555556,0.0
-0.1,-3.333333333333332,3.333333333333334,-0.5555555555555556,0.0
-0.1,-3.333333333333332,5.555555555555557,-0.5555555555555556,0.0
-0.1,-3.333333333333332,7.777777777777779,-0.5555555555555556,0.0
-0.1,-3.333333333333332,10.0,-0.5555555555555556,0.0
-0.1,3.3333333333333357,-10.0,-0.5555555555555556,-0.0
-0.1,3.3333333333333357,-7.777777777777778,-0.5555555555555556,-0.0
-0.1,3.3333333333333357,-5.555555555555555,-0.5555555555555556,-0.0
-0.1,3.3333333333333357,-3.333333333333333,-0.5555555555555556,-0.0
-0.1,3.3333333333333357,-1.1111111111111107,-0.5555555555555556,-0.0
-0.1,3.3333333333333357,1.1111111111111107,-0.5555555555555556,0.0
-0.1,3.3333333333333357,3.333333333333334,-0.5555555555555556,0.0
-0.1,3.3333333333333357,5.555555555555557,-0.5555555555555556,0.0
-0.1,3.3333333333333357,7.777777777777779,-0.5555555555555556,0.0
-0.1,3.3333333333333357,10.0,-0.5555555555555556,0.0
-0.1,10.0,-10.0,-0.5555555555555556,-0.0
-0.1,10.0,-7.777777777777778,-0.5555555555555556,-0.0
-0.1,10.0,-5.555555555555555,-0.5555555555555556,-0.0
-0.1,10.0,-3.333333333333333,-0.5555555555555556,-0.0
-0.1,10.0,-1.1111111111111107,-0.5555555555555556,-0.0
-0.1,10.0,1.1111111111111107,-0.5555555555555556,0.0
-0.1,10.0,3.333333333333334,-0.5555555555555556,0.0
-0.1,10.0,5.555555555555557,-0.5555555555555556,0.0
-0.1,10.0,7.777777777777779,-0.5555555555555556,0.0
-0.1,10.0,10.0,-0.5555555555555556,0.0
-0.1,16.66666666666667,-10.0,-0.5555555555555556,-0.0
-0.1,16.66666666666667,-7.777777777777778,-0.5555555555555556,-0.0
-0.1,16.66666666666667,-5.555555555555555,-0.5555555555555556,-0.0
-0.1,16.66666666666667,-3.333333333333333,-0.5555555555555556,-0.0
-0.1,16.66666666666667,-1.1111111111111107,-0.5555555555555556,-0.0
-0.1,16.66666666666667,1.1111111111111107,-0.5555555555555556,0.0
-0.1,16.66666666666667,3.333333333333334,-0.5555555555555556,0.0
-0.1,16.66666666666667,5.555555555555557,-0.5555555555555556,0.0
-0.1,16.66666666666667,7.777777777777779,-0.5555555555555556,0.0
-0.1,16.66666666666667,10.0,-0.5555555555555556,0.0
-0.1,23.333333333333336,-10.0,-0.5555555555555556,-0.0
-0.1,23.333333333333336,-7.777777777777778,-0.5555555555555556,-0.0
-0.1,23.333333333333336,-5.555555555555555,-0.5555555555555556,-0.0
-0.1,23.333333333333336,-3.333333333333333,-0.5555555555555556,-0.0
-0.1,23.333333333333336,-1.1111111111111107,-0.5555555555555556,-0.0
-0.1,23.333333333333336,1.1111111111111107,-0.5555555555555556,0.0
-0.1,23.333333333333336,3.333333333333334,-0.5555555555555556,0.0
-0.1,23.333333333333336,5.555555555555557,-0.5555555555555556,0.0
-0.1,23.333333333333336,7.777777777777779,-0.5555555555555556,0.0
-0.1,23.333333333333336,10.0,-0.5555555555555556,0.0
-0.1,30.0,-10.0,-0.5555555555555556,-0.0
-0.1,30.0,-7.777777777777778,-0.5555555555555556,-0.0
-0.1,30.0,-5.555555555555555,-0.5555555555555556,-0.0
-0.1,30.0,-3.333333333333333,-0.5555555555555556,-0.0
-0.1,30.0,-1.1111111111111107,-0.5555555555555556,-0.0
-0.1,30.0,1.1111111111111107,-0.5555555555555556,0.0
-0.1,30.0,3.333333333333334,-0.5555555555555556,0.0
-0.1,30.0,5.555555555555557,-0.5555555555555556,0.0
-0.1,30.0,7.777777777777779,-0.5555555555555556,0.0
-0.1,30.0,10.0,-0.5555555555555556,0.0
-0.07777777777777778,-30.0,-10.0,-0.5555555555555556,-0.0
-0.07777777777777778,-30.0,-7.777777777777778,-0.5555555555555556,-0.0
-0.07777777777777778,-30.0,-5.555555555555555,-0.5555555555555556,-0.0
-0.07777777777777778,-30.0,-3.333333333333333,-0.5555555555555556,-0.0
-0.07777777777777778,-30.0,-1.1111111111111107,-0.5555555555555556,-0.0
-0.07777777777777778,-30.0,1.1111111111111107,-0.5555555555555556,0.0
-0.07777777777777778,-30.0,3.333333333333334,-0.5555555555555556,0.0
-0.07777777777777778,-30.0,5.555555555555557,-0.5555555555555556,0.0
-0.07777777777777778,-30.0,7.777777777777779,-0.5555555555555556,0.0
-0.07777777777777778,-30.0,10.0,-0.5555555555555556,0.0
-0.07777777777777778,-23.333333333333332,-10.0,-0.5555555555555556,-0.0
-0.07777777777777778,-23.333333333333332,-7.777777777777778,-0.5555555555555556,-0.0
-0.07777777777777778,-23.333333333333332,-5.555555555555555,-0.5555555555555556,-0.0
-0.07777777777777778,-23.333333333333332,-3.333333333333333,-0.5555555555555556,-0.0
-0.07777777777777778,-23.333333333333332,-1.1111111111111107,-0.5555555555555556,-0.0
-0.07777777777777778,-23.333333333333332,1.1111111111111107,-0.5555555555555556,0.0
-0.07777777777777778,-23.333333333333332,3.333333333333334,-0.5555555555555556,0.0
-0.07777777777777778,-23.333333333333332,5.555555555555557,-0.5555555555555556,0.0
-0.07777777777777778,-23.333333333333332,7.777777777777779,-0.5555555555555556,0.0
-0.07777777777777778,-23.333333333333332,10.0,-0.5555555555555556,0.0
-0.07777777777777778,-16.666666666666664,-10.0,-0.5555555555555556,-0.0
-0.07777777777777778,-16.666666666666664,-7.777777777777778,-0.5555555555555556,-0.0
-0.07777777777777778,-16.666666666666664,-5.555555555555555,-0.5555555555555556,-0.0
-0.07777777777777778,-16.666666666666664,-3.333333333333333,-0.5555555555555556,-0.0
-0.07777777777777778,-16.666666666666664,-1.1111111111111107,-0.5555555555555556,-0.0
-0.07777777777777778,-16.666666666666664,1.1111111111111107,-0.5555555555555556,0.0
-0.07777777777777778,-16.666666666666664,3.333333333333334,-0.5555555555555556,0.0
-0.07777777777777778,-16.666666666666664,5.555555555555557,-0.5555555555555556,0.0
-0.07777777777777778,-16.666666666666664,7.777777777777779,-0.5555555555555556,0.0
-0.07777777777777778,-16.666666666666664,10.0,-0.5555555555555556,0.0
-0.07777777777777778,-10.0,-10.0,-0.5555555555555556,-0.0
-0.07777777777777778,-10.0,-7.777777777777778,-0.5555555555555556,-0.0
-0.07777777777777778,-10.0,-5.555555555555555,-0.5555555555555556,-0.0
-0.07777777777777778,-10.0,-3.333333333333333,-0.5555555555555556,-0.0
-0.07777777777777778,-10.0,-1.1111111111111107,-0.5555555555555556,-0.0
-0.07777777777777778,-10.0,1.1111111111111107,-0.5555555555555556,0.0
-0.07777777777777778,-10.0,3.333333333333334,-0.5555555555555556,0.0
-0.07777777777777778,-10.0,5.555555555555557,-0.5555555555555556,0.0
-0.07777777777777778,-10.0,7.777777777777779,-0.5555555555555556,0.0
-0.07777777777777778,-10.0,10.0,-0.5555555555555556,0.0
-0.07777777777777778,-3.333333333333332,-10.0,-0.5555555555555556,-0.0
-0.07777777777777778,-3.333333333333332,-7.777777777777778,-0.5555555555555556,-0.0
-0.07777777777777778,-3.333333333333332,-5.555555555555555,-0.5555555555555556,-0.0
-0.07777777777777778,-3.333333333333332,-3.333333333333333,-0.5555555555555556,-0.0
-0.07777777777777778,-3.333333333333332,-1.1111111111111107,-0.5555555555555556,-0.0
-0.07777777777777778,-3.333333333333332,1.1111111111111107,-0.5555555555555556,0.0
-0.07777777777777778,-3.333333333333332,3.333333333333334,-0.5555555555555556,0.0
-0.07777777777777778,-3.333333333333332,5.555555555555557,-0.5555555555555556,0.0
-0.07777777777777778,-3.333333333333332,7.777777777777779,-0.5555555555555556,0.0
-0.07777777777777778,-3.333333333333332,10.0,-0.5555555555555556,0.0
-0.07777777777777778,3.3333333333333357,-10.0,-0.5555555555555556,-0.0
-0.07777777777777778,3.3333333333333357,-7.777777777777778,-0.5555555555555556,-0.0
-0.07777777777777778,3.3333333333333357,-5.555555555555555,-0.5555555555555556,-0.0
-0.07777777777777778,3.3333333333333357,-3.333333333333333,-0.5555555555555556,-0.0
-0.07777777777777778,3.3333333333333357,-1.1111111111111107,-0.5555555555555556,-0.0
-0.07777777777777778,3.3333333333333357,1.1111111111111107,-0.5555555555555556,0.0
-0.07777777777777778,3.3333333333333357,3.333333333333334,-0.5555555555555556,0.0
-0.07777777777777778,3.3333333333333357,5.555555555555557,-0.5555555555555556,0.0
-0.07777777777777778,3.3333333333333357,7.777777777777779,-0.5555555555555556,0.0
-0.07777777777777778,3.3333333333333357,10.0,-0.5555555555555556,0.0
-0.07777777777777778,10.0,-10.0,-0.5555555555555556,-0.0
-0.07777777777777778,10.0,-7.777777777777778,-0.5555555555555556,-0.0
-0.07777777777777778,10.0,-5.555555555555555,-0.5555555555555556,-0.0
-0.07777777777777778,10.0,-3.333333333333333,-0.5555555555555556,-0.0
-0.07777777777777778,10.0,-1.1111111111111107,-0.5555555555555556,-0.0
-0.07777777777777778,10.0,1.1111111111111107,-0.5555555555555556,0.0
-0.07777777777777778,10.0,3.333333333333334,-0.5555555555555556,0.0
-0.07777777777777778,10.0,5.555555555555557,-0.5555555555555556,0.0
-0.07777777777777778,10.0,7.777777777777779,-0.5555555555555556,0.0
-0.07777777777777778,10.0,10.0,-0.5555555555555556,0.0
-0.07777777777777778,16.66666666666667,-10.0,-0.5555555555555556,-0.0
-0.07777777777777778,16.66666666666667,-7.777777777777778,-0.5555555555555556,-0.0
-0.07777777777777778,16.66666666666667,-5.555555555555555,-0.5555555555555556,-0.0
-0.07777777777777778,16.66666666666667,-3.333333333333333,-0.5555555555555556,-0.0
-0.07777777777777778,16.66666666666667,-1.1111111111111107,-0.5555555555555556,-0.0
-0.07777777777777778,16.66666666666667,1.1111111111111107,-0.5555555555555556,0.0
-0.07777777777777778,16.66666666666667,3.333333333333334,-0.5555555555555556,0.0
-0.07777777777777778,16.66666666666667,5.555555555555557,-0.5555555555555556,0.0
-0.07777777777777778,16.66666666666667,7.777777777777779,-0.5555555555555556,0.0
-0.07777777777777778,16.66666666666667,10.0,-0.5555555555555556,0.0
-0.07777777777777778,23.333333333333336,-10.0,-0.5555555555555556,-0.0
-0.07777777777777778,23.333333333333336,-7.777777777777778,-0.5555555555555556,-0.0
-0.07777777777777778,23.333333333333336,-5.555555555555555,-0.5555555555555556,-0.0
-0.07777777777777778,23.333333333333336,-3.333333333333333,-0.5555555555555556,-0.0
-0.07777777777777778,23.333333333333336,-1.1111111111111107,-0.5555555555555556,-0.0
-0.07777777777777778,23.333333333333336,1.1111111111111107,-0.5555555555555556,0.0
-0.07777777777777778,23.333333333333336,3.333333333333334,-0.5555555555555556,0.0
-0.07777777777777778,23.333333333333336,5.555555555555557,-0.5555555555555556,0.0
-0.07777777777777778,23.333333333333336,7.777777777777779,-0.5555555555555556,0.0
-0.07777777777777778,23.333333333333336,10.0,-0.5555555555555556,0.0
-0.07777777777777778,30.0,-10.0,-0.5555555555555556,-0.0
-0.07777777777777778,30.0,-7.777777777777778,-0.5555555555555556,-0.0
-0.07777777777777778,30.0,-5.555555555555555,-0.5555555555555556,-0.0
-0.07777777777777778,30.0,-3.333333333333333,-0.5555555555555556,-0.0
-0.07777777777777778,30.0,-1.1111111111111107,-0.5555555555555556,-0.0
-0.07777777777777778,30.0,1.1111111111111107,-0.5555555555555556,0.0
-0.07777777777777778,30.0,3.333333333333334,-0.5555555555555556,0.0
-0.07777777777777778,30.0,5.555555555555557,-0.5555555555555556,0.0
-0.07777777777777778,30.0,7.777777777777779,-0.5555555555555556,0.0
-0.07777777777777778,30.0,10.0,-0.5555555555555556,0.0
-0.05555555555555556,-30.0,-10.0,-0.5555555555555556,-8.26042119125466e-05
-0.05555555555555556,-30.0,-7.777777777777778,-0.5555555555555556,-8.26042119125466e-05
-0.05555555555555556,-30.0,-5.555555555555555,-0.5555555555555556,-8.26042119125466e-05
-0.05555555555555556,-30.0,-3.333333333333333,-0.5555555555555556,-8.26042119125466e-05
-0.05555555555555556,-30.0,-1.1111111111111107,-0.5555555555555556,-8.26042119125466e-05
-0.05555555555555556,-30.0,1.1111111111111107,-0.5555555555555556,8.26042119125466e-05
-0.05555555555555556,-30.0,3.333333333333334,-0.5555555555555556,8.26042119125466e-05
-0.05555555555555556,-30.0,5.555555555555557,-0.5555555555555556,8.26042119125466e-05
-0.05555555555555556,-30.0,7.777777777777779,-0.5555555555555556,8.26042119125466e-05
-0.05555555555555556,-30.0,10.0,-0.5555555555555556,8.26042119125466e-05
-0.05555555555555556,-23.333333333333332,-10.0,-0.5555555555555556,-8.26042119125466e-05
-0.05555555555555556,-23.333333333333332,-7.777777777777778,-0.5555555555555556,-8.26042119125466e-05
-0.05555555555555556,-23.333333333333332,-5.555555555555555,-0.5555555555555556,-8.26042119125466e-05
-0.05555555555555556,-23.333333333333332,-3.333333333333333,-0.5555555555555556,-8.26042119125466e-05
-0.05555555555555556,-23.333333333333332,-1.1111111111111107,-0.5555555555555556,-8.26042119125466e-05
-0.05555555555555556,-23.333333333333332,1.1111111111111107,-0.5555555555555556,8.26042119125466e-05
-0.05555555555555556,-23.333333333333332,3.333333333333334,-0.5555555555555556,8.26042119125466e-05
-0.05555555555555556,-23.333333333333332,5.555555555555557,-0.5555555555555556,8.26042119125466e-05
-0.05555555555555556,-23.333333333333332,7.777777777777779,-0.5555555555555556,8.26042119125466e-05
-0.05555555555555556,-23.333333333333332,10.0,-0.5555555555555556,8.26042119125466e-05
-0.05555555555555556,-16.666666666666664,-10.0,-0.5555555555555556,-8.26042119125466e-05
-0.05555555555555556,-16.666666666666664,-7.777777777777778,-0.5555555555555556,-8.26042119125466e-05
-0.05555555555555556,-16.666666666666664,-5.555555555555555,-0.5555555555555556,-8.26042119125466e-05
-0.05555555555555556,-16.666666666666664,-3.333333333333333,-0.5555555555555556,-8.26042119125466e-05
-0.05555555555555556,-16.666666666666664,-1.1111111111111107,-0.5555555555555556,-8.26042119125466e-05
-0.05555555555555556,-16.666666666666664,1.1111111111111107,-0.5555555555555556,8.26042119125466e-05
-0.05555555555555556,-16.666666666666664,3.333333333333334,-0.5555555555555556,8.26042119125466e-05
-0.05555555555555556,-16.666666666666664,5.555555555555557,-0.5555555555555556,8.26042119125466e-05
-0.05555555555555556,-16.666666666666664,7.777777777777779,-0.5555555555555556,8.26042119125466e-05
-0.05555555555555556,-16.666666666666664,10.0,-0.5555555555555556,8.26042119125466e-05
-0.05555555555555556,-10.0,-10.0,-0.5555555555555556,-8.26042119125466e-05
-0.05555555555555556,-10.0,-7.777777777777778,-0.5555555555555556,-8.26042119125466e-05
-0.05555555555555556,-10.0,-5.555555555555555,-0.5555555555555556,-8.26042119125466e-05
-0.05555555555555556,-10.0,-3.333333333333333,-0.5555555555555556,-8.26042119125466e-05
-0.05555555555555556,-10.0,-1.1111111111111107,-0.5555555555555556,-8.26042119125466e-05
-0.05555555555555556,-10.0,1.1111111111111107,-0.5555555555555556,8.26042119125466e-05
-0.05555555555555556,-10.0,3.333333333333334,-0.5555555555555556,8.26042119125466e-05
-0.05555555555555556,-10.0,5.555555555555557,-0.5555555555555556,8.26042119125466e-05
-0.05555555555555556,-10.0,7.777777777777779,-0.5555555555555556,8.26042119125466e-05
-0.05555555555555556,-10.0,10.0,-0.5555555555555556,8.26042119125466e-05
-0.05555555555555556,-3.333333333333332,-10.0,-0.5555555555555556,-8.26042119125466e-05
-0.05555555555555556,-3.333333333333332,-7.777777777777778,-0.5555555555555556,-8.26042119125466e-05
-0.05555555555555556,-3.333333333333332,-5.555555555555555,-0.5555555555555556,-8.26042119125466e-05
-0.05555555555555556,-3.333333333333332,-3.333333333333333,-0.5555555555555556,-8.26042119125466e-05
-0.05555555555555556,-3.333333333333332,-1.1111111111111107,-0.5555555555555556,-8.26042119125466e-05
-0.05555555555555556,-3.333333333333332,1.1111111111111107,-0.5555555555555556,8.26042119125466e-05
-0.05555555555555556,-3.333333333333332,3.333333333333334,-0.5555555555555556,8.26042119125466e-05
-0.05555555555555556,-3.333333333333332,5.555555555555557,-0.5555555555555556,8.26042119125466e-05
-0.05555555555555556,-3.333333333333332,7.777777777777779,-0.5555555555555556,8.26042119125466e-05
-0.05555555555555556,-3.333333333333332,10.0,-0.5555555555555556,8.26042119125466e-05
-0.05555555555555556,3.3333333333333357,-10.0,-0.5555555555555556,-8.26042119125466e-05
-0.05555555555555556,3.3333333333333357,-7.777777777777778,-0.5555555555555556,-8.26042119125466e-05
-0.05555555555555556,3.3333333333333357,-5.555555555555555,-0.5555555555555556,-8.26042119125466e-05
-0.05555555555555556,3.3333333333333357,-3.333333333333333,-0.5555555555555556,-8.26042119125466e-05
-0.05555555555555556,3.3333333333333357,-1.1111111111111107,-0.5555555555555556,-8.26042119125466e-05
-0.05555555555555556,3.3333333333333357,1.1111111111111107,-0.5555555555555556,8.26042119125466e-05
-0.05555555555555556,3.3333333333333357,3.333333333333334,-0.5555555555555556,8.26042119125466e-05
-0.05555555555555556,3.3333333333333357,5.555555555555557,-0.5555555555555556,8.26042119125466e-05
-0.05555555555555556,3.3333333333333357,7.777777777777779,-0.5555555555555556,8.26042119125466e-05
-0.05555555555555556,3.3333333333333357,10.0,-0.5555555555555556,8.26042119125466e-05
-0.05555555555555556,10.0,-10.0,-0.5555555555555556,-8.26042119125466e-05
-0.05555555555555556,10.0,-7.777777777777778,-0.5555555555555556,-8.26042119125466e-05
-0.05555555555555556,10.0,-5.555555555555555,-0.5555555555555556,-8.26042119125466e-05
-0.05555555555555556,10.0,-3.333333333333333,-0.5555555555555556,-8.26042119125466e-05
-0.05555555555555556,10.0,-1.1111111111111107,-0.5555555555555556,-8.26042119125466e-05
-0.05555555555555556,10.0,1.1111111111111107,-0.5555555555555556,8.26042119125466e-05
-0.05555555555555556,10.0,3.333333333333334,-0.5555555555555556,8.26042119125466e-05
-0.05555555555555556,10.0,5.555555555555557,-0.5555555555555556,8.26042119125466e-05
-0.05555555555555556,10.0,7.777777777777779,-0.5555555555555556,8.26042119125466e-05
-0.05555555555555556,10.0,10.0,-0.5555555555555556,8.26042119125466e-05
-0.05555555555555556,16.66666666666667,-10.0,-0.5555555555555556,-8.26042119125466e-05
-0.05555555555555556,16.66666666666667,-7.777777777777778,-0.5555555555555556,-8.26042119125466e-05
-0.05555555555555556,16.66666666666667,-5.555555555555555,-0.5555555555555556,-8.26042119125466e-05
-0.05555555555555556,16.66666666666667,-3.333333333333333,-0.5555555555555556,-8.26042119125466e-05
-0.05555555555555556,16.66666666666667,-1.1111111111111107,-0.5555555555555556,-8.26042119125466e-05
-0.05555555555555556,16.66666666666667,1.1111111111111107,-0.5555555555555556,8.26042119125466e-05
-0.05555555555555556,16.66666666666667,3.333333333333334,-0.5555555555555556,8.26042119125466e-05
-0.05555555555555556,16.66666666666667,5.555555555555557,-0.5555555555555556,8.26042119125466e-05
-0.05555555555555556,16.66666666666667,7.777777777777779,-0.5555555555555556,8.26042119125466e-05
-0.05555555555555556,16.66666666666667,10.0,-0.5555555555555556,8.26042119125466e-05
-0.05555555555555556,23.333333333333336,-10.0,-0.5555555555555556,-8.26042119125466e-05
-0.05555555555555556,23.333333333333336,-7.777777777777778,-0.5555555555555556,-8.26042119125466e-05
-0.05555555555555556,23.333333333333336,-5.555555555555555,-0.5555555555555556,-8.26042119125466e-05
-0.05555555555555556,23.333333333333336,-3.333333333333333,-0.5555555555555556,-8.26042119125466e-05
-0.05555555555555556,23.333333333333336,-1.1111111111111107,-0.5555555555555556,-8.26042119125466e-05
-0.05555555555555556,23.333333333333336,1.1111111111111107,-0.5555555555555556,8.26042119125466e-05
-0.05555555555555556,23.333333333333336,3.333333333333334,-0.5555555555555556,8.26042119125466e-05
-0.05555555555555556,23.333333333333336,5.555555555555557,-0.5555555555555556,8.26042119125466e-05
-0.05555555555555556,23.333333333333336,7.777777777777779,-0.5555555555555556,8.26042119125466e-05
-0.05555555555555556,23.333333333333336,10.0,-0.5555555555555556,8.26042119125466e-05
-0.05555555555555556,30.0,-10.0,-0.5555555555555556,-8.26042119125466e-05
-0.05555555555555556,30.0,-7.777777777777778,-0.5555555555555556,-8.26042119125466e-05
-0.05555555555555556,30.0,-5.555555555555555,-0.5555555555555556,-8.26042119125466e-05
-0.05555555555555556,30.0,-3.333333333333333,-0.5555555555555556,-8.26042119125466e-05
-0.05555555555555556,30.0,-1.1111111111111107,-0.5555555555555556,-8.26042119125466e-05
-0.05555555555555556,30.0,1.1111111111111107,-0.5555555555555556,8.26042119125466e-05
-0.05555555555555556,30.0,3.333333333333334,-0.5555555555555556,8.26042119125466e-05
-0.05555555555555556,30.0,5.555555555555557,-0.5555555555555556,8.26042119125466e-05
-0.05555555555555556,30.0,7.777777777777779,-0.5555555555555556,8.26042119125466e-05
-0.05555555555555556,30.0,10.0,-0.5555555555555556,8.26042119125466e-05
-0.03333333333333334,-30.0,-10.0,-0.5555555555555556,-0.0017896110169497977
-0.03333333333333334,-30.0,-7.777777777777778,-0.5555555555555556,-0.0017896110169497977
-0.03333333333333334,-30.0,-5.555555555555555,-0.5555555555555556,-0.0017896110169497977
-0.03333333333333334,-30.0,-3.333333333333333,-0.5555555555555556,-0.0017896110169497977
-0.03333333333333334,-30.0,-1.1111111111111107,-0.5555555555555556,-0.0017896110169497977
-0.03333333333333334,-30.0,1.1111111111111107,-0.5555555555555556,0.0017896110169497977
-0.03333333333333334,-30.0,3.333333333333334,-0.5555555555555556,0.0017896110169497977
-0.03333333333333334,-30.0,5.555555555555557,-0.5555555555555556,0.0017896110169497977
-0.03333333333333334,-30.0,7.777777777777779,-0.5555555555555556,0.0017896110169497977
-0.03333333333333334,-30.0,10.0,-0.5555555555555556,0.0017896110169497977
-0.03333333333333334,-23.333333333333332,-10.0,-0.5555555555555556,-0.0017896110169497977
-0.03333333333333334,-23.333333333333332,-7.777777777777778,-0.5555555555555556,-0.0017896110169497977
-0.03333333333333334,-23.333333333333332,-5.555555555555555,-0.5555555555555556,-0.0017896110169497977
-0.03333333333333334,-23.333333333333332,-3.333333333333333,-0.5555555555555556,-0.0017896110169497977
-0.03333333333333334,-23.333333333333332,-1.1111111111111107,-0.5555555555555556,-0.0017896110169497977
-0.03333333333333334,-23.333333333333332,1.1111111111111107,-0.5555555555555556,0.0017896110169497977
-0.03333333333333334,-23.333333333333332,3.333333333333334,-0.5555555555555556,0.0017896110169497977
-0.03333333333333334,-23.333333333333332,5.555555555555557,-0.5555555555555556,0.0017896110169497977
-0.03333333333333334,-23.333333333333332,7.777777777777779,-0.5555555555555556,0.0017896110169497977
-0.03333333333333334,-23.333333333333332,10.0,-0.5555555555555556,0.0017896110169497977
-0.03333333333333334,-16.666666666666664,-10.0,-0.5555555555555556,-0.0017896110169497977
-0.03333333333333334,-16.666666666666664,-7.777777777777778,-0.5555555555555556,-0.0017896110169497977
-0.03333333333333334,-16.666666666666664,-5.555555555555555,-0.5555555555555556,-0.0017896110169497977
-0.03333333333333334,-16.666666666666664,-3.333333333333333,-0.5555555555555556,-0.0017896110169497977
-0.03333333333333334,-16.666666666666664,-1.1111111111111107,-0.5555555555555556,-0.0017896110169497977
-0.03333333333333334,-16.666666666666664,1.1111111111111107,-0.5555555555555556,0.0017896110169497977
-0.03333333333333334,-16.666666666666664,3.333333333333334,-0.5555555555555556,0.0017896110169497977
-0.03333333333333334,-16.666666666666664,5.555555555555557,-0.5555555555555556,0.0017896110169497977
-0.03333333333333334,-16.666666666666664,7.777777777777779,-0.5555555555555556,0.0017896110169497977
-0.03333333333333334,-16.666666666666664,10.0,-0.5555555555555556,0.0017896110169497977
-0.03333333333333334,-10.0,-10.0,-0.5555555555555556,-0.0017896110169497977
-0.03333333333333334,-10.0,-7.777777777777778,-0.5555555555555556,-0.0017896110169497977
-0.03333333333333334,-10.0,-5.555555555555555,-0.5555555555555556,-0.0017896110169497977
-0.03333333333333334,-10.0,-3.333333333333333,-0.5555555555555556,-0.0017896110169497977
-0.03333333333333334,-10.0,-1.1111111111111107,-0.5555555555555556,-0.0017896110169497977
-0.03333333333333334,-10.0,1.1111111111111107,-0.5555555555555556,0.0017896110169497977
-0.03333333333333334,-10.0,3.333333333333334,-0.5555555555555556,0.0017896110169497977
-0.03333333333333334,-10.0,5.555555555555557,-0.5555555555555556,0.0017896110169497977
-0.03333333333333334,-10.0,7.777777777777779,-0.5555555555555556,0.0017896110169497977
-0.03333333333333334,-10.0,10.0,-0.5555555555555556,0.0017896110169497977
-0.03333333333333334,-3.333333333333332,-10.0,-0.5555555555555556,-0.0017896110169497977
-0.03333333333333334,-3.333333333333332,-7.777777777777778,-0.5555555555555556,-0.0017896110169497977
-0.03333333333333334,-3.333333333333332,-5.555555555555555,-0.5555555555555556,-0.0017896110169497977
-0.03333333333333334,-3.333333333333332,-3.333333333333333,-0.5555555555555556,-0.0017896110169497977
-0.03333333333333334,-3.333333333333332,-1.1111111111111107,-0.5555555555555556,-0.0017896110169497977
-0.03333333333333334,-3.333333333333332,1.1111111111111107,-0.5555555555555556,0.0017896110169497977
-0.03333333333333334,-3.333333333333332,3.333333333333334,-0.5555555555555556,0.0017896110169497977
-0.03333333333333334,-3.333333333333332,5.555555555555557,-0.5555555555555556,0.0017896110169497977
-0.03333333333333334,-3.333333333333332,7.777777777777779,-0.5555555555555556,0.0017896110169497977
-0.03333333333333334,-3.333333333333332,10.0,-0.5555555555555556,0.0017896110169497977
-0.03333333333333334,3.3333333333333357,-10.0,-0.5555555555555556,-0.0017896110169497977
-0.03333333333333334,3.3333333333333357,-7.777777777777778,-0.5555555555555556,-0.0017896110169497977
-0.03333333333333334,3.3333333333333357,-5.555555555555555,-0.5555555555555556,-0.0017896110169497977
-0.03333333333333334,3.3333333333333357,-3.333333333333333,-0.5555555555555556,-0.0017896110169497977
-0.03333333333333334,3.3333333333333357,-1.1111111111111107,-0.5555555555555556,-0.0017896110169497977
-0.03333333333333334,3.3333333333333357,1.1111111111111107,-0.5555555555555556,0.0017896110169497977
-0.03333333333333334,3.3333333333333357,3.333333333333334,-0.5555555555555556,0.0017896110169497977
-0.03333333333333334,3.3333333333333357,5.555555555555557,-0.5555555555555556,0.0017896110169497977
-0.03333333333333334,3.3333333333333357,7.777777777777779,-0.5555555555555556,0.0017896110169497977
-0.03333333333333334,3.3333333333333357,10.0,-0.5555555555555556,0.0017896110169497977
-0.03333333333333334,10.0,-10.0,-0.5555555555555556,-0.0017896110169497977
-0.03333333333333334,10.0,-7.777777777777778,-0.5555555555555556,-0.0017896110169497977
-0.03333333333333334,10.0,-5.555555555555555,-0.5555555555555556,-0.0017896110169497977
-0.03333333333333334,10.0,-3.333333333333333,-0.5555555555555556,-0.0017896110169497977
-0.03333333333333334,10.0,-1.1111111111111107,-0.5555555555555556,-0.0017896110169497977
-0.03333333333333334,10.0,1.1111111111111107,-0.5555555555555556,0.0017896110169497977
-0.03333333333333334,10.0,3.333333333333334,-0.5555555555555556,0.0017896110169497977
-0.03333333333333334,10.0,5.555555555555557,-0.5555555555555556,0.0017896110169497977
-0.03333333333333334,10.0,7.777777777777779,-0.5555555555555556,0.0017896110169497977
-0.03333333333333334,10.0,10.0,-0.5555555555555556,0.0017896110169497977
-0.03333333333333334,16.66666666666667,-10.0,-0.5555555555555556,-0.0017896110169497977
-0.03333333333333334,16.66666666666667,-7.777777777777778,-0.5555555555555556,-0.0017896110169497977
-0.03333333333333334,16.66666666666667,-5.555555555555555,-0.5555555555555556,-0.0017896110169497977
-0.03333333333333334,16.66666666666667,-3.333333333333333,-0.5555555555555556,-0.0017896110169497977
-0.03333333333333334,16.66666666666667,-1.1111111111111107,-0.5555555555555556,-0.0017896110169497977
-0.03333333333333334,16.66666666666667,1.1111111111111107,-0.5555555555555556,0.0017896110169497977
-0.03333333333333334,16.66666666666667,3.333333333333334,-0.5555555555555556,0.0017896110169497977
-0.03333333333333334,16.66666666666667,5.555555555555557,-0.5555555555555556,0.0017896110169497977
-0.03333333333333334,16.66666666666667,7.777777777777779,-0.5555555555555556,0.0017896110169497977
-0.03333333333333334,16.66666666666667,10.0,-0.5555555555555556,0.0017896110169497977
-0.03333333333333334,23.333333333333336,-10.0,-0.5555555555555556,-0.0017896110169497977
-0.03333333333333334,23.333333333333336,-7.777777777777778,-0.5555555555555556,-0.0017896110169497977
-0.03333333333333334,23.333333333333336,-5.555555555555555,-0.5555555555555556,-0.0017896110169497977
-0.03333333333333334,23.333333333333336,-3.333333333333333,-0.5555555555555556,-0.0017896110169497977
-0.03333333333333334,23.333333333333336,-1.1111111111111107,-0.5555555555555556,-0.0017896110169497977
-0.03333333333333334,23.333333333333336,1.1111111111111107,-0.5555555555555556,0.0017896110169497977
-0.03333333333333334,23.333333333333336,3.333333333333334,-0.5555555555555556,0.0017896110169497977
-0.03333333333333334,23.333333333333336,5.555555555555557,-0.5555555555555556,0.0017896110169497977
-0.03333333333333334,23.333333333333336,7.777777777777779,-0.5555555555555556,0.0017896110169497977
-0.03333333333333334,23.333333333333336,10.0,-0.5555555555555556,0.0017896110169497977
-0.03333333333333334,30.0,-10.0,-0.5555555555555556,-0.0017896110169497977
-0.03333333333333334,30.0,-7.777777777777778,-0.5555555555555556,-0.0017896110169497977
-0.03333333333333334,30.0,-5.555555555555555,-0.5555555555555556,-0.0017896110169497977
-0.03333333333333334,30.0,-3.333333333333333,-0.5555555555555556,-0.0017896110169497977
-0.03333333333333334,30.0,-1.1111111111111107,-0.5555555555555556,-0.0017896110169497977
-0.03333333333333334,30.0,1.1111111111111107,-0.5555555555555556,0.0017896110169497977
-0.03333333333333334,30.0,3.333333333333334,-0.5555555555555556,0.0017896110169497977
-0.03333333333333334,30.0,5.555555555555557,-0.5555555555555556,0.0017896110169497977
-0.03333333333333334,30.0,7.777777777777779,-0.5555555555555556,0.0017896110169497977
-0.03333333333333334,30.0,10.0,-0.5555555555555556,0.0017896110169497977
-0.011111111111111113,-30.0,-10.0,-0.5555555555555556,-0.028441108341436788
-0.011111111111111113,-30.0,-7.777777777777778,-0.5555555555555556,-0.028441108341436788
-0.011111111111111113,-30.0,-5.555555555555555,-0.5555555555555556,-0.028441108341436788
-0.011111111111111113,-30.0,-3.333333333333333,-0.5555555555555556,-0.028441108341436788
-0.011111111111111113,-30.0,-1.1111111111111107,-0.5555555555555556,-0.028441108341436788
-0.011111111111111113,-30.0,1.1111111111111107,-0.5555555555555556,0.028441108341436788
-0.011111111111111113,-30.0,3.333333333333334,-0.5555555555555556,0.028441108341436788
-0.011111111111111113,-30.0,5.555555555555557,-0.5555555555555556,0.028441108341436788
-0.011111111111111113,-30.0,7.777777777777779,-0.5555555555555556,0.028441108341436788
-0.011111111111111113,-30.0,10.0,-0.5555555555555556,0.028441108341436788
-0.011111111111111113,-23.333333333333332,-10.0,-0.5555555555555556,-0.028441108341436788
-0.011111111111111113,-23.333333333333332,-7.777777777777778,-0.5555555555555556,-0.028441108341436788
-0.011111111111111113,-23.333333333333332,-5.555555555555555,-0.5555555555555556,-0.028441108341436788
-0.011111111111111113,-23.333333333333332,-3.333333333333333,-0.5555555555555556,-0.028441108341436788
-0.011111111111111113,-23.333333333333332,-1.1111111111111107,-0.5555555555555556,-0.028441108341436788
-0.011111111111111113,-23.333333333333332,1.1111111111111107,-0.5555555555555556,0.028441108341436788
-0.011111111111111113,-23.333333333333332,3.333333333333334,-0.5555555555555556,0.028441108341436788
-0.011111111111111113,-23.333333333333332,5.555555555555557,-0.5555555555555556,0.028441108341436788
-0.011111111111111113,-23.333333333333332,7.777777777777779,-0.5555555555555556,0.028441108341436788
-0.011111111111111113,-23.333333333333332,10.0,-0.5555555555555556,0.028441108341436788
-0.011111111111111113,-16.666666666666664,-10.0,-0.5555555555555556,-0.028441108341436788
-0.011111111111111113,-16.666666666666664,-7.777777777777778,-0.5555555555555556,-0.028441108341436788
-0.011111111111111113,-16.666666666666664,-5.555555555555555,-0.5555555555555556,-0.028441108341436788
-0.011111111111111113,-16.666666666666664,-3.333333333333333,-0.5555555555555556,-0.028441108341436788
-0.011111111111111113,-16.666666666666664,-1.1111111111111107,-0.5555555555555556,-0.028441108341436788
-0.011111111111111113,-16.666666666666664,1.1111111111111107,-0.5555555555555556,0.028441108341436788
-0.011111111111111113,-16.666666666666664,3.333333333333334,-0.5555555555555556,0.028441108341436788
-0.011111111111111113,-16.666666666666664,5.555555555555557,-0.5555555555555556,0.028441108341436788
-0.011111111111111113,-16.666666666666664,7.777777777777779,-0.5555555555555556,0.028441108341436788
-0.011111111111111113,-16.666666666666664,10.0,-0.5555555555555556,0.028441108341436788
-0.011111111111111113,-10.0,-10.0,-0.5555555555555556,-0.028441108341436788
-0.011111111111111113,-10.0,-7.777777777777778,-0.5555555555555556,-0.028441108341436788
-0.011111111111111113,-10.0,-5.555555555555555,-0.5555555555555556,-0.028441108341436788
-0.011111111111111113,-10.0,-3.333333333333333,-0.5555555555555556,-0.028441108341436788
-0.011111111111111113,-10.0,-1.1111111111111107,-0.5555555555555556,-0.028441108341436788
-0.011111111111111113,-10.0,1.1111111111111107,-0.5555555555555556,0.028441108341436788
-0.011111111111111113,-10.0,3.333333333333334,-0.5555555555555556,0.028441108341436788
-0.011111111111111113,-10.0,5.555555555555557,-0.5555555555555556,0.028441108341436788
-0.011111111111111113,-10.0,7.777777777777779,-0.5555555555555556,0.028441108341436788
-0.011111111111111113,-10.0,10.0,-0.5555555555555556,0.028441108341436788
-0.011111111111111113,-3.333333333333332,-10.0,-0.5555555555555556,-0.028441108341436788
-0.011111111111111113,-3.333333333333332,-7.777777777777778,-0.5555555555555556,-0.028441108341436788
-0.011111111111111113,-3.333333333333332,-5.555555555555555,-0.5555555555555556,-0.028441108341436788
-0.011111111111111113,-3.333333333333332,-3.333333333333333,-0.5555555555555556,-0.028441108341436788
-0.011111111111111113,-3.333333333333332,-1.1111111111111107,-0.5555555555555556,-0.028441108341436788
-0.011111111111111113,-3.333333333333332,1.1111111111111107,-0.5555555555555556,0.028441108341436788
-0.011111111111111113,-3.333333333333332,3.333333333333334,-0.5555555555555556,0.028441108341436788
-0.011111111111111113,-3.333333333333332,5.555555555555557,-0.5555555555555556,0.028441108341436788
-0.011111111111111113,-3.333333333333332,7.777777777777779,-0.5555555555555556,0.028441108341436788
-0.011111111111111113,-3.333333333333332,10.0,-0.5555555555555556,0.028441108341436788
-0.011111111111111113,3.3333333333333357,-10.0,-0.5555555555555556,-0.028441108341436788
-0.011111111111111113,3.3333333333333357,-7.777777777777778,-0.5555555555555556,-0.028441108341436788
-0.011111111111111113,3.3333333333333357,-5.555555555555555,-0.5555555555555556,-0.028441108341436788
-0.011111111111111113,3.3333333333333357,-3.333333333333333,-0.5555555555555556,-0.028441108341436788
-0.011111111111111113,3.3333333333333357,-1.1111111111111107,-0.5555555555555556,-0.028441108341436788
-0.011111111111111113,3.3333333333333357,1.1111111111111107,-0.5555555555555556,0.028441108341436788
-0.011111111111111113,3.3333333333333357,3.333333333333334,-0.5555555555555556,0.028441108341436788
-0.011111111111111113,3.3333333333333357,5.555555555555557,-0.5555555555555556,0.028441108341436788
-0.011111111111111113,3.3333333333333357,7.777777777777779,-0.5555555555555556,0.028441108341436788
-0.011111111111111113,3.3333333333333357,10.0,-0.5555555555555556,0.028441108341436788
-0.011111111111111113,10.0,-10.0,-0.5555555555555556,-0.028441108341436788
-0.011111111111111113,10.0,-7.777777777777778,-0.5555555555555556,-0.028441108341436788
-0.011111111111111113,10.0,-5.555555555555555,-0.5555555555555556,-0.028441108341436788
-0.011111111111111113,10.0,-3.333333333333333,-0.5555555555555556,-0.028441108341436788
-0.011111111111111113,10.0,-1.1111111111111107,-0.5555555555555556,-0.028441108341436788
-0.011111111111111113,10.0,1.1111111111111107,-0.5555555555555556,0.028441108341436788
-0.011111111111111113,10.0,3.333333333333334,-0.5555555555555556,0.028441108341436788
-0.011111111111111113,10.0,5.555555555555557,-0.5555555555555556,0.028441108341436788
-0.011111111111111113,10.0,7.777777777777779,-0.5555555555555556,0.028441108341436788
-0.011111111111111113,10.0,10.0,-0.5555555555555556,0.028441108341436788
-0.011111111111111113,16.66666666666667,-10.0,-0.5555555555555556,-0.028441108341436788
-0.011111111111111113,16.66666666666667,-7.777777777777778,-0.5555555555555556,-0.028441108341436788
-0.011111111111111113,16.66666666666667,-5.555555555555555,-0.5555555555555556,-0.028441108341436788
-0.011111111111111113,16.66666666666667,-3.333333333333333,-0.5555555555555556,-0.028441108341436788
-0.011111111111111113,16.66666666666667,-1.1111111111111107,-0.5555555555555556,-0.028441108341436788
-0.011111111111111113,16.66666666666667,1.1111111111111107,-0.5555555555555556,0.028441108341436788
-0.011111111111111113,16.66666666666667,3.333333333333334,-0.5555555555555556,0.028441108341436788
-0.011111111111111113,16.66666666666667,5.555555555555557,-0.5555555555555556,0.028441108341436788
-0.011111111111111113,16.66666666666667,7.777777777777779,-0.5555555555555556,0.028441108341436788
-0.011111111111111113,16.66666666666667,10.0,-0.5555555555555556,0.028441108341436788
-0.011111111111111113,23.333333333333336,-10.0,-0.5555555555555556,-0.028441108341436788
-0.011111111111111113,23.333333333333336,-7.777777777777778,-0.5555555555555556,-0.028441108341436788
-0.011111111111111113,23.333333333333336,-5.555555555555555,-0.5555555555555556,-0.028441108341436788
-0.011111111111111113,23.333333333333336,-3.333333333333333,-0.5555555555555556,-0.028441108341436788
-0.011111111111111113,23.333333333333336,-1.1111111111111107,-0.5555555555555556,-0.028441108341436788
-0.011111111111111113,23.333333333333336,1.1111111111111107,-0.5555555555555556,0.028441108341436788
-0.011111111111111113,23.333333333333336,3.333333333333334,-0.5555555555555556,0.028441108341436788
-0.011111111111111113,23.333333333333336,5.555555555555557,-0.5555555555555556,0.028441108341436788
-0.011111111111111113,23.333333333333336,7.777777777777779,-0.5555555555555556,0.028441108341436788
-0.011111111111111113,23.333333333333336,10.0,-0.5555555555555556,0.028441108341436788
-0.011111111111111113,30.0,-10.0,-0.5555555555555556,-0.028441108341436788
-0.011111111111111113,30.0,-7.777777777777778,-0.5555555555555556,-0.028441108341436788
-0.011111111111111113,30.0,-5.555555555555555,-0.5555555555555556,-0.028441108341436788
-0.011111111111111113,30.0,-3.333333333333333,-0.5555555555555556,-0.028441108341436788
-0.011111111111111113,30.0,-1.1111111111111107,-0.5555555555555556,-0.028441108341436788
-0.011111111111111113,30.0,1.1111111111111107,-0.5555555555555556,0.028441108341436788
-0.011111111111111113,30.0,3.333333333333334,-0.5555555555555556,0.028441108341436788
-0.011111111111111113,30.0,5.555555555555557,-0.5555555555555556,0.028441108341436788
-0.011111111111111113,30.0,7.777777777777779,-0.5555555555555556,0.028441108341436788
-0.011111111111111113,30.0,10.0,-0.5555555555555556,0.028441108341436788
0.011111111111111113,-30.0,-10.0,-0.5555555555555556,-0.028441108341436788
0.011111111111111113,-30.0,-7.777777777777778,-0.5555555555555556,-0.028441108341436788
0.011111111111111113,-30.0,-5.555555555555555,-0.5555555555555556,-0.028441108341436788
0.011111111111111113,-30.0,-3.333333333333333,-0.5555555555555556,-0.028441108341436788
0.011111111111111113,-30.0,-1.1111111111111107,-0.5555555555555556,-0.028441108341436788
0.011111111111111113,-30.0,1.1111111111111107,-0.5555555555555556,0.028441108341436788
0.011111111111111113,-30.0,3.333333333333334,-0.5555555555555556,0.028441108341436788
0.011111111111111113,-30.0,5.555555555555557,-0.5555555555555556,0.028441108341436788
0.011111111111111113,-30.0,7.777777777777779,-0.5555555555555556,0.028441108341436788
0.011111111111111113,-30.0,10.0,-0.5555555555555556,0.028441108341436788
0.011111111111111113,-23.333333333333332,-10.0,-0.5555555555555556,-0.028441108341436788
0.011111111111111113,-23.333333333333332,-7.777777777777778,-0.5555555555555556,-0.028441108341436788
0.011111111111111113,-23.333333333333332,-5.555555555555555,-0.5555555555555556,-0.028441108341436788
0.011111111111111113,-23.333333333333332,-3.333333333333333,-0.5555555555555556,-0.028441108341436788
0.011111111111111113,-23.333333333333332,-1.1111111111111107,-0.5555555555555556,-0.028441108341436788
0.011111111111111113,-23.333333333333332,1.1111111111111107,-0.5555555555555556,0.028441108341436788
0.011111111111111113,-23.333333333333332,3.333333333333334,-0.5555555555555556,0.028441108341436788
0.011111111111111113,-23.333333333333332,5.555555555555557,-0.5555555555555556,0.028441108341436788
0.011111111111111113,-23.333333333333332,7.777777777777779,-0.5555555555555556,0.028441108341436788
0.011111111111111113,-23.333333333333332,10.0,-0.5555555555555556,0.028441108341436788
0.011111111111111113,-16.666666666666664,-10.0,-0.5555555555555556,-0.028441108341436788
0.011111111111111113,-16.666666666666664,-7.777777777777778,-0.5555555555555556,-0.028441108341436788
0.011111111111111113,-16.666666666666664,-5.555555555555555,-0.5555555555555556,-0.028441108341436788
0.011111111111111113,-16.666666666666664,-3.333333333333333,-0.5555555555555556,-0.028441108341436788
0.011111111111111113,-16.666666666666664,-1.1111111111111107,-0.5555555555555556,-0.028441108341436788
0.011111111111111113,-16.666666666666664,1.1111111111111107,-0.5555555555555556,0.028441108341436788
0.011111111111111113,-16.666666666666664,3.333333333333334,-0.5555555555555556,0.028441108341436788
0.011111111111111113,-16.666666666666664,5.555555555555557,-0.5555555555555556,0.028441108341436788
0.011111111111111113,-16.666666666666664,7.777777777777779,-0.5555555555555556,0.028441108341436788
0.011111111111111113,-16.666666666666664,10.0,-0.5555555555555556,0.028441108341436788
0.011111111111111113,-10.0,-10.0,-0.5555555555555556,-0.028441108341436788
0.011111111111111113,-10.0,-7.777777777777778,-0.5555555555555556,-0.028441108341436788
0.011111111111111113,-10.0,-5.555555555555555,-0.5555555555555556,-0.028441108341436788
0.011111111111111113,-10.0,-3.333333333333333,-0.5555555555555556,-0.028441108341436788
0.011111111111111113,-10.0,-1.1111111111111107,-0.5555555555555556,-0.028441108341436788
0.011111111111111113,-10.0,1.1111111111111107,-0.5555555555555556,0.028441108341436788
0.011111111111111113,-10.0,3.333333333333334,-0.5555555555555556,0.028441108341436788
0.011111111111111113,-10.0,5.555555555555557,-0.5555555555555556,0.028441108341436788
0.011111111111111113,-10.0,7.777777777777779,-0.5555555555555556,0.028441108341436788
0.011111111111111113,-10.0,10.0,-0.5555555555555556,0.028441108341436788
0.011111111111111113,-3.333333333333332,-10.0,-0.5555555555555556,-0.028441108341436788
0.011111111111111113,-3.333333333333332,-7.777777777777778,-0.5555555555555556,-0.028441108341436788
0.011111111111111113,-3.333333333333332,-5.555555555555555,-0.5555555555555556,-0.028441108341436788
0.011111111111111113,-3.333333333333332,-3.333333333333333,-0.5555555555555556,-0.028441108341436788
0.011111111111111113,-3.333333333333332,-1.1111111111111107,-0.5555555555555556,-0.028441108341436788
0.011111111111111113,-3.333333333333332,1.1111111111111107,-0.5555555555555556,0.028441108341436788
0.011111111111111113,-3.333333333333332,3.333333333333334,-0.5555555555555556,0.028441108341436788
0.011111111111111113,-3.333333333333332,5.555555555555557,-0.5555555555555556,0.028441108341436788
0.011111111111111113,-3.333333333333332,7.777777777777779,-0.5555555555555556,0.028441108341436788
0.011111111111111113,-3.333333333333332,10.0,-0.5555555555555556,0.028441108341436788
0.011111111111111113,3.3333333333333357,-10.0,-0.5555555555555556,-0.028441108341436788
0.011111111111111113,3.3333333333333357,-7.777777777777778,-0.5555555555555556,-0.028441108341436788
0.011111111111111113,3.3333333333333357,-5.555555555555555,-0.5555555555555556,-0.028441108341436788
0.011111111111111113,3.3333333333333357,-3.333333333333333,-0.5555555555555556,-0.028441108341436788
0.011111111111111113,3.3333333333333357,-1.1111111111111107,-0.5555555555555556,-0.028441108341436788
0.011111111111111113,3.3333333333333357,1.1111111111111107,-0.5555555555555556,0.028441108341436788
0.011111111111111113,3.3333333333333357,3.333333333333334,-0.5555555555555556,0.028441108341436788
0.011111111111111113,3.3333333333333357,5.555555555555557,-0.5555555555555556,0.028441108341436788
0.011111111111111113,3.3333333333333357,7.777777777777779,-0.5555555555555556,0.028441108341436788
0.011111111111111113,3.3333333333333357,10.0,-0.5555555555555556,0.028441108341436788
0.011111111111111113,10.0,-10.0,-0.5555555555555556,-0.028441108341436788
0.011111111111111113,10.0,-7.777777777777778,-0.5555555555555556,-0.028441108341436788
0.011111111111111113,10.0,-5.555555555555555,-0.5555555555555556,-0.028441108341436788
0.011111111111111113,10.0,-3.333333333333333,-0.5555555555555556,-0.028441108341436788
0.011111111111111113,10.0,-1.1111111111111107,-0.5555555555555556,-0.028441108341436788
0.011111111111111113,10.0,1.1111111111111107,-0.5555555555555556,0.028441108341436788
0.011111111111111113,10.0,3.333333333333334,-0.5555555555555556,0.028441108341436788
0.011111111111111113,10.0,5.555555555555557,-0.5555555555555556,0.028441108341436788
0.011111111111111113,10.0,7.777777777777779,-0.5555555555555556,0.028441108341436788
0.011111111111111113,10.0,10.0,-0.5555555555555556,0.028441108341436788
0.011111111111111113,16.66666666666667,-10.0,-0.5555555555555556,-0.028441108341436788
0.011111111111111113,16.66666666666667,-7.777777777777778,-0.5555555555555556,-0.028441108341436788
0.011111111111111113,16.66666666666667,-5.555555555555555,-0.5555555555555556,-0.028441108341436788
0.011111111111111113,16.66666666666667,-3.333333333333333,-0.5555555555555556,-0.028441108341436788
0.011111111111111113,16.66666666666667,-1.1111111111111107,-0.5555555555555556,-0.028441108341436788
0.011111111111111113,16.66666666666667,1.1111111111111107,-0.5555555555555556,0.028441108341436788
0.011111111111111113,16.66666666666667,3.333333333333334,-0.5555555555555556,0.028441108341436788
0.011111111111111113,16.66666666666667,5.555555555555557,-0.5555555555555556,0.028441108341436788
0.011111111111111113,16.66666666666667,7.777777777777779,-0.5555555555555556,0.028441108341436788
0.011111111111111113,16.66666666666667,10.0,-0.5555555555555556,0.028441108341436788
0.011111111111111113,23.333333333333336,-10.0,-0.5555555555555556,-0.028441108341436788
0.011111111111111113,23.333333333333336,-7.777777777777778,-0.5555555555555556,-0.028441108341436788
0.011111111111111113,23.333333333333336,-5.555555555555555,-0.5555555555555556,-0.028441108341436788
0.011111111111111113,23.333333333333336,-3.333333333333333,-0.5555555555555556,-0.028441108341436788
0.011111111111111113,23.333333333333336,-1.1111111111111107,-0.5555555555555556,-0.028441108341436788
0.011111111111111113,23.333333333333336,1.1111111111111107,-0.5555555555555556,0.028441108341436788
0.011111111111111113,23.333333333333336,3.333333333333334,-0.5555555555555556,0.028441108341436788
0.011111111111111113,23.333333333333336,5.555555555555557,-0.5555555555555556,0.028441108341436788
0.011111111111111113,23.333333333333336,7.777777777777779,-0.5555555555555556,0.028441108341436788
0.011111111111111113,23.333333333333336,10.0,-0.5555555555555556,0.028441108341436788
0.011111111111111113,30.0,-10.0,-0.5555555555555556,-0.028441108341436788
0.011111111111111113,30.0,-7.777777777777778,-0.5555555555555556,-0.028441108341436788
0.011111111111111113,30.0,-5.555555555555555,-0.5555555555555556,-0.028441108341436788
0.011111111111111113,30.0,-3.333333333333333,-0.5555555555555556,-0.028441108341436788
0.011111111111111113,30.0,-1.1111111111111107,-0.5555555555555556,-0.028441108341436788
0.011111111111111113,30.0,1.1111111111111107,-0.5555555555555556,0.028441108341436788
0.011111111111111113,30.0,3.333333333333334,-0.5555555555555556,0.028441108341436788
0.011111111111111113,30.0,5.555555555555557,-0.5555555555555556,0.028441108341436788
0.011111111111111113,30.0,7.777777777777779,-0.5555555555555556,0.028441108341436788
0.011111111111111113,30.0,10.0,-0.5555555555555556,0.028441108341436788
0.033333333333333326,-30.0,-10.0,-0.5555555555555556,-0.001789611016949822
0.033333333333333326,-30.0,-7.777777777777778,-0.5555555555555556,-0.001789611016949822
0.033333333333333326,-30.0,-5.555555555555555,-0.5555555555555556,-0.001789611016949822
0.033333333333333326,-30.0,-3.333333333333333,-0.5555555555555556,-0.001789611016949822
0.033333333333333326,-30.0,-1.1111111111111107,-0.5555555555555556,-0.001789611016949822
0.033333333333333326,-30.0,1.1111111111111107,-0.5555555555555556,0.001789611016949822
0.033333333333333326,-30.0,3.333333333333334,-0.5555555555555556,0.001789611016949822
0.033333333333333326,-30.0,5.555555555555557,-0.5555555555555556,0.001789611016949822
0.033333333333333326,-30.0,7.777777777777779,-0.5555555555555556,0.001789611016949822
0.033333333333333326,-30.0,10.0,-0.5555555555555556,0.001789611016949822
0.033333333333333326,-23.333333333333332,-10.0,-0.5555555555555556,-0.001789611016949822
0.033333333333333326,-23.333333333333332,-7.777777777777778,-0.5555555555555556,-0.001789611016949822
0.033333333333333326,-23.333333333333332,-5.555555555555555,-0.5555555555555556,-0.001789611016949822
0.033333333333333326,-23.333333333333332,-3.333333333333333,-0.5555555555555556,-0.001789611016949822
0.033333333333333326,-23.333333333333332,-1.1111111111111107,-0.5555555555555556,-0.001789611016949822
0.033333333333333326,-23.333333333333332,1.1111111111111107,-0.5555555555555556,0.001789611016949822
0.033333333333333326,-23.333333333333332,3.333333333333334,-0.5555555555555556,0.001789611016949822
0.033333333333333326,-23.333333333333332,5.555555555555557,-0.5555555555555556,0.001789611016949822
0.033333333333333326,-23.333333333333332,7.777777777777779,-0.5555555555555556,0.001789611016949822
0.033333333333333326,-23.333333333333332,10.0,-0.5555555555555556,0.001789611016949822
0.033333333333333326,-16.666666666666664,-10.0,-0.5555555555555556,-0.001789611016949822
0.033333333333333326,-16.666666666666664,-7.777777777777778,-0.5555555555555556,-0.001789611016949822
0.033333333333333326,-16.666666666666664,-5.555555555555555,-0.5555555555555556,-0.001789611016949822
0.033333333333333326,-16.666666666666664,-3.333333333333333,-0.5555555555555556,-0.001789611016949822
0.033333333333333326,-16.666666666666664,-1.1111111111111107,-0.5555555555555556,-0.001789611016949822
0.033333333333333326,-16.666666666666664,1.1111111111111107,-0.5555555555555556,0.001789611016949822
0.033333333333333326,-16.666666666666664,3.333333333333334,-0.5555555555555556,0.001789611016949822
0.033333333333333326,-16.666666666666664,5.555555555555557,-0.5555555555555556,0.001789611016949822
0.033333333333333326,-16.666666666666664,7.777777777777779,-0.5555555555555556,0.001789611016949822
0.033333333333333326,-16.666666666666664,10.0,-0.5555555555555556,0.001789611016949822
0.033333333333333326,-10.0,-10.0,-0.5555555555555556,-0.001789611016949822
0.033333333333333326,-10.0,-7.777777777777778,-0.5555555555555556,-0.001789611016949822
0.033333333333333326,-10.0,-5.555555555555555,-0.5555555555555556,-0.001789611016949822
0.033333333333333326,-10.0,-3.333333333333333,-0.5555555555555556,-0.001789611016949822
0.033333333333333326,-10.0,-1.1111111111111107,-0.5555555555555556,-0.001789611016949822
0.033333333333333326,-10.0,1.1111111111111107,-0.5555555555555556,0.001789611016949822
0.033333333333333326,-10.0,3.333333333333334,-0.5555555555555556,0.001789611016949822
0.033333333333333326,-10.0,5.555555555555557,-0.5555555555555556,0.001789611016949822
0.033333333333333326,-10.0,7.777777777777779,-0.5555555555555556,0.001789611016949822
0.033333333333333326,-10.0,10.0,-0.5555555555555556,0.001789611016949822
0.033333333333333326,-3.333333333333332,-10.0,-0.5555555555555556,-0.001789611016949822
0.033333333333333326,-3.333333333333332,-7.777777777777778,-0.5555555555555556,-0.001789611016949822
0.033333333333333326,-3.333333333333332,-5.555555555555555,-0.5555555555555556,-0.001789611016949822
0.033333333333333326,-3.333333333333332,-3.333333333333333,-0.5555555555555556,-0.001789611016949822
0.033333333333333326,-3.333333333333332,-1.1111111111111107,-0.5555555555555556,-0.001789611016949822
0.033333333333333326,-3.333333333333332,1.1111111111111107,-0.5555555555555556,0.001789611016949822
0.033333333333333326,-3.333333333333332,3.333333333333334,-0.5555555555555556,0.001789611016949822
0.033333333333333326,-3.333333333333332,5.555555555555557,-0.5555555555555556,0.001789611016949822
0.033333333333333326,-3.333333333333332,7.777777777777779,-0.5555555555555556,0.001789611016949822
0.033333333333333326,-3.333333333333332,10.0,-0.5555555555555556,0.001789611016949822
0.033333333333333326,3.3333333333333357,-10.0,-0.5555555555555556,-0.001789611016949822
0.033333333333333326,3.3333333333333357,-7.777777777777778,-0.5555555555555556,-0.001789611016949822
0.033333333333333326,3.3333333333333357,-5.555555555555555,-0.5555555555555556,-0.001789611016949822
0.033333333333333326,3.3333333333333357,-3.333333333333333,-0.5555555555555556,-0.001789611016949822
0.033333333333333326,3.3333333333333357,-1.1111111111111107,-0.5555555555555556,-0.001789611016949822
0.033333333333333326,3.3333333333333357,1.1111111111111107,-0.5555555555555556,0.001789611016949822
0.033333333333333326,3.3333333333333357,3.333333333333334,-0.5555555555555556,0.001789611016949822
0.033333333333333326,3.3333333333333357,5.555555555555557,-0.5555555555555556,0.001789611016949822
0.033333333333333326,3.3333333333333357,7.777777777777779,-0.5555555555555556,0.001789611016949822
0.033333333333333326,3.3333333333333357,10.0,-0.5555555555555556,0.001789611016949822
0.033333333333333326,10.0,-10.0,-0.5555555555555556,-0.001789611016949822
0.033333333333333326,10.0,-7.777777777777778,-0.5555555555555556,-0.001789611016949822
0.033333333333333326,10.0,-5.555555555555555,-0.5555555555555556,-0.001789611016949822
0.033333333333333326,10.0,-3.333333333333333,-0.5555555555555556,-0.001789611016949822
0.033333333333333326,10.0,-1.1111111111111107,-0.5555555555555556,-0.001789611016949822
0.033333333333333326,10.0,1.1111111111111107,-0.5555555555555556,0.001789611016949822
0.033333333333333326,10.0,3.333333333333334,-0.5555555555555556,0.001789611016949822
0.033333333333333326,10.0,5.555555555555557,-0.5555555555555556,0.001789611016949822
0.033333333333333326,10.0,7.777777777777779,-0.5555555555555556,0.001789611016949822
0.033333333333333326,10.0,10.0,-0.5555555555555556,0.001789611016949822
0.033333333333333326,16.66666666666667,-10.0,-0.5555555555555556,-0.001789611016949822
0.033333333333333326,16.66666666666667,-7.777777777777778,-0.5555555555555556,-0.001789611016949822
0.033333333333333326,16.66666666666667,-5.555555555555555,-0.5555555555555556,-0.001789611016949822
0.033333333333333326,16.66666666666667,-3.333333333333333,-0.5555555555555556,-0.001789611016949822
0.033333333333333326,16.66666666666667,-1.1111111111111107,-0.5555555555555556,-0.001789611016949822
0.033333333333333326,16.66666666666667,1.1111111111111107,-0.5555555555555556,0.001789611016949822
0.033333333333333326,16.66666666666667,3.333333333333334,-0.5555555555555556,0.001789611016949822
0.033333333333333326,16.66666666666667,5.555555555555557,-0.5555555555555556,0.001789611016949822
0.033333333333333326,16.66666666666667,7.777777777777779,-0.5555555555555556,0.001789611016949822
0.033333333333333326,16.66666666666667,10.0,-0.5555555555555556,0.001789611016949822
0.033333333333333326,23.333333333333336,-10.0,-0.5555555555555556,-0.001789611016949822
0.033333333333333326,23.333333333333336,-7.777777777777778,-0.5555555555555556,-0.001789611016949822
0.033333333333333326,23.333333333333336,-5.555555555555555,-0.5555555555555556,-0.001789611016949822
0.033333333333333326,23.333333333333336,-3.333333333333333,-0.5555555555555556,-0.001789611016949822
0.033333333333333326,23.333333333333336,-1.1111111111111107,-0.5555555555555556,-0.001789611016949822
0.033333333333333326,23.333333333333336,1.1111111111111107,-0.5555555555555556,0.001789611016949822
0.033333333333333326,23.333333333333336,3.333333333333334,-0.5555555555555556,0.001789611016949822
0.033333333333333326,23.333333333333336,5.555555555555557,-0.5555555555555556,0.001789611016949822
0.033333333333333326,23.333333333333336,7.777777777777779,-0.5555555555555556,0.001789611016949822
0.033333333333333326,23.333333333333336,10.0,-0.5555555555555556,0.001789611016949822
0.033333333333333326,30.0,-10.0,-0.5555555555555556,-0.001789611016949822
0.033333333333333326,30.0,-7.777777777777778,-0.5555555555555556,-0.001789611016949822
0.033333333333333326,30.0,-5.555555555555555,-0.5555555555555556,-0.001789611016949822
0.033333333333333326,30.0,-3.333333333333333,-0.5555555555555556,-0.001789611016949822
0.033333333333333326,30.0,-1.1111111111111107,-0.5555555555555556,-0.001789611016949822
0.033333333333333326,30.0,1.1111111111111107,-0.5555555555555556,0.001789611016949822
0.033333333333333326,30.0,3.333333333333334,-0.5555555555555556,0.001789611016949822
0.033333333333333326,30.0,5.555555555555557,-0.5555555555555556,0.001789611016949822
0.033333333333333326,30.0,7.777777777777779,-0.5555555555555556,0.001789611016949822
0.033333333333333326,30.0,10.0,-0.5555555555555556,0.001789611016949822
0.05555555555555555,-30.0,-10.0,-0.5555555555555556,-8.260421191254472e-05
0.05555555555555555,-30.0,-7.777777777777778,-0.5555555555555556,-8.260421191254472e-05
0.05555555555555555,-30.0,-5.555555555555555,-0.5555555555555556,-8.260421191254472e-05
0.05555555555555555,-30.0,-3.333333333333333,-0.5555555555555556,-8.260421191254472e-05
0.05555555555555555,-30.0,-1.1111111111111107,-0.5555555555555556,-8.260421191254472e-05
0.05555555555555555,-30.0,1.1111111111111107,-0.5555555555555556,8.260421191254472e-05
0.05555555555555555,-30.0,3.333333333333334,-0.5555555555555556,8.260421191254472e-05
0.05555555555555555,-30.0,5.555555555555557,-0.5555555555555556,8.260421191254472e-05
0.05555555555555555,-30.0,7.777777777777779,-0.5555555555555556,8.260421191254472e-05
0.05555555555555555,-30.0,10.0,-0.5555555555555556,8.260421191254472e-05
0.05555555555555555,-23.333333333333332,-10.0,-0.5555555555555556,-8.260421191254472e-05
0.05555555555555555,-23.333333333333332,-7.777777777777778,-0.5555555555555556,-8.260421191254472e-05
0.05555555555555555,-23.333333333333332,-5.555555555555555,-0.5555555555555556,-8.260421191254472e-05
0.05555555555555555,-23.333333333333332,-3.333333333333333,-0.5555555555555556,-8.260421191254472e-05
0.05555555555555555,-23.333333333333332,-1.1111111111111107,-0.5555555555555556,-8.260421191254472e-05
0.05555555555555555,-23.333333333333332,1.1111111111111107,-0.5555555555555556,8.260421191254472e-05
0.05555555555555555,-23.333333333333332,3.333333333333334,-0.5555555555555556,8.260421191254472e-05
0.05555555555555555,-23.333333333333332,5.555555555555557,-0.5555555555555556,8.260421191254472e-05
0.05555555555555555,-23.333333333333332,7.777777777777779,-0.5555555555555556,8.260421191254472e-05
0.05555555555555555,-23.333333333333332,10.0,-0.5555555555555556,8.260421191254472e-05
0.05555555555555555,-16.666666666666664,-10.0,-0.5555555555555556,-8.260421191254472e-05
0.05555555555555555,-16.666666666666664,-7.777777777777778,-0.5555555555555556,-8.260421191254472e-05
0.05555555555555555,-16.666666666666664,-5.555555555555555,-0.5555555555555556,-8.260421191254472e-05
0.05555555555555555,-16.666666666666664,-3.333333333333333,-0.5555555555555556,-8.260421191254472e-05
0.05555555555555555,-16.666666666666664,-1.1111111111111107,-0.5555555555555556,-8.260421191254472e-05
0.05555555555555555,-16.666666666666664,1.1111111111111107,-0.5555555555555556,8.260421191254472e-05
0.05555555555555555,-16.666666666666664,3.333333333333334,-0.5555555555555556,8.260421191254472e-05
0.05555555555555555,-16.666666666666664,5.555555555555557,-0.5555555555555556,8.260421191254472e-05
0.05555555555555555,-16.666666666666664,7.777777777777779,-0.5555555555555556,8.260421191254472e-05
0.05555555555555555,-16.666666666666664,10.0,-0.5555555555555556,8.260421191254472e-05
0.05555555555555555,-10.0,-10.0,-0.5555555555555556,-8.260421191254472e-05
0.05555555555555555,-10.0,-7.777777777777778,-0.5555555555555556,-8.260421191254472e-05
0.05555555555555555,-10.0,-5.555555555555555,-0.5555555555555556,-8.260421191254472e-05
0.05555555555555555,-10.0,-3.333333333333333,-0.5555555555555556,-8.260421191254472e-05
0.05555555555555555,-10.0,-1.1111111111111107,-0.5555555555555556,-8.260421191254472e-05
0.05555555555555555,-10.0,1.1111111111111107,-0.5555555555555556,8.260421191254472e-05
0.05555555555555555,-10.0,3.333333333333334,-0.5555555555555556,8.260421191254472e-05
0.05555555555555555,-10.0,5.555555555555557,-0.5555555555555556,8.260421191254472e-05
0.05555555555555555,-10.0,7.777777777777779,-0.5555555555555556,8.260421191254472e-05
0.05555555555555555,-10.0,10.0,-0.5555555555555556,8.260421191254472e-05
0.05555555555555555,-3.333333333333332,-10.0,-0.5555555555555556,-8.260421191254472e-05
0.05555555555555555,-3.333333333333332,-7.777777777777778,-0.5555555555555556,-8.260421191254472e-05
0.05555555555555555,-3.333333333333332,-5.555555555555555,-0.5555555555555556,-8.260421191254472e-05
0.05555555555555555,-3.333333333333332,-3.333333333333333,-0.5555555555555556,-8.260421191254472e-05
0.05555555555555555,-3.333333333333332,-1.1111111111111107,-0.5555555555555556,-8.260421191254472e-05
0.05555555555555555,-3.333333333333332,1.1111111111111107,-0.5555555555555556,8.260421191254472e-05
0.05555555555555555,-3.333333333333332,3.333333333333334,-0.5555555555555556,8.260421191254472e-05
0.05555555555555555,-3.333333333333332,5.555555555555557,-0.5555555555555556,8.260421191254472e-05
0.05555555555555555,-3.333333333333332,7.777777777777779,-0.5555555555555556,8.260421191254472e-05
0.05555555555555555,-3.333333333333332,10.0,-0.5555555555555556,8.260421191254472e-05
0.05555555555555555,3.3333333333333357,-10.0,-0.5555555555555556,-8.260421191254472e-05
0.05555555555555555,3.3333333333333357,-7.777777777777778,-0.5555555555555556,-8.260421191254472e-05
0.05555555555555555,3.3333333333333357,-5.555555555555555,-0.5555555555555556,-8.260421191254472e-05
0.05555555555555555,3.3333333333333357,-3.333333333333333,-0.5555555555555556,-8.260421191254472e-05
0.05555555555555555,3.3333333333333357,-1.1111111111111107,-0.5555555555555556,-8.260421191254472e-05
0.05555555555555555,3.3333333333333357,1.1111111111111107,-0.5555555555555556,8.260421191254472e-05
0.05555555555555555,3.3333333333333357,3.333333333333334,-0.5555555555555556,8.260421191254472e-05
0.05555555555555555,3.3333333333333357,5.555555555555557,-0.5555555555555556,8.260421191254472e-05
0.05555555555555555,3.3333333333333357,7.777777777777779,-0.5555555555555556,8.260421191254472e-05
0.05555555555555555,3.3333333333333357,10.0,-0.5555555555555556,8.260421191254472e-05
0.05555555555555555,10.0,-10.0,-0.5555555555555556,-8.260421191254472e-05
0.05555555555555555,10.0,-7.777777777777778,-0.5555555555555556,-8.260421191254472e-05
0.05555555555555555,10.0,-5.555555555555555,-0.5555555555555556,-8.260421191254472e-05
0.05555555555555555,10.0,-3.333333333333333,-0.5555555555555556,-8.260421191254472e-05
0.05555555555555555,10.0,-1.1111111111111107,-0.5555555555555556,-8.260421191254472e-05
0.05555555555555555,10.0,1.1111111111111107,-0.5555555555555556,8.260421191254472e-05
0.05555555555555555,10.0,3.333333333333334,-0.5555555555555556,8.260421191254472e-05
0.05555555555555555,10.0,5.555555555555557,-0.5555555555555556,8.260421191254472e-05
0.05555555555555555,10.0,7.777777777777779,-0.5555555555555556,8.260421191254472e-05
0.05555555555555555,10.0,10.0,-0.5555555555555556,8.260421191254472e-05
0.05555555555555555,16.66666666666667,-10.0,-0.5555555555555556,-8.260421191254472e-05
0.05555555555555555,16.66666666666667,-7.777777777777778,-0.5555555555555556,-8.260421191254472e-05
0.05555555555555555,16.66666666666667,-5.555555555555555,-0.5555555555555556,-8.260421191254472e-05
0.05555555555555555,16.66666666666667,-3.333333333333333,-0.5555555555555556,-8.260421191254472e-05
0.05555555555555555,16.66666666666667,-1.1111111111111107,-0.5555555555555556,-8.260421191254472e-05
0.05555555555555555,16.66666666666667,1.1111111111111107,-0.5555555555555556,8.260421191254472e-05
0.05555555555555555,16.66666666666667,3.333333333333334,-0.5555555555555556,8.260421191254472e-05
0.05555555555555555,16.66666666666667,5.555555555555557,-0.5555555555555556,8.260421191254472e-05
0.05555555555555555,16.66666666666667,7.777777777777779,-0.5555555555555556,8.260421191254472e-05
0.05555555555555555,16.66666666666667,10.0,-0.5555555555555556,8.260421191254472e-05
0.05555555555555555,23.333333333333336,-10.0,-0.5555555555555556,-8.260421191254472e-05
0.05555555555555555,23.333333333333336,-7.777777777777778,-0.5555555555555556,-8.260421191254472e-05
0.05555555555555555,23.333333333333336,-5.555555555555555,-0.5555555555555556,-8.260421191254472e-05
0.05555555555555555,23.333333333333336,-3.333333333333333,-0.5555555555555556,-8.260421191254472e-05
0.05555555555555555,23.333333333333336,-1.1111111111111107,-0.5555555555555556,-8.260421191254472e-05
0.05555555555555555,23.333333333333336,1.1111111111111107,-0.5555555555555556,8.260421191254472e-05
0.05555555555555555,23.333333333333336,3.333333333333334,-0.5555555555555556,8.260421191254472e-05
0.05555555555555555,23.333333333333336,5.555555555555557,-0.5555555555555556,8.260421191254472e-05
0.05555555555555555,23.333333333333336,7.777777777777779,-0.5555555555555556,8.260421191254472e-05
0.05555555555555555,23.333333333333336,10.0,-0.5555555555555556,8.260421191254472e-05
0.05555555555555555,30.0,-10.0,-0.5555555555555556,-8.260421191254472e-05
0.05555555555555555,30.0,-7.777777777777778,-0.5555555555555556,-8.260421191254472e-05
0.05555555555555555,30.0,-5.555555555555555,-0.5555555555555556,-8.260421191254472e-05
0.05555555555555555,30.0,-3.333333333333333,-0.5555555555555556,-8.260421191254472e-05
0.05555555555555555,30.0,-1.1111111111111107,-0.5555555555555556,-8.260421191254472e-05
0.05555555555555555,30.0,1.1111111111111107,-0.5555555555555556,8.260421191254472e-05
0.05555555555555555,30.0,3.333333333333334,-0.5555555555555556,8.260421191254472e-05
0.05555555555555555,30.0,5.555555555555557,-0.5555555555555556,8.260421191254472e-05
0.05555555555555555,30.0,7.777777777777779,-0.5555555555555556,8.260421191254472e-05
0.05555555555555555,30.0,10.0,-0.5555555555555556,8.260421191254472e-05
0.07777777777777778,-30.0,-10.0,-0.5555555555555556,-0.0
0.07777777777777778,-30.0,-7.777777777777778,-0.5555555555555556,-0.0
0.07777777777777778,-30.0,-5.555555555555555,-0.5555555555555556,-0.0
0.07777777777777778,-30.0,-3.333333333333333,-0.5555555555555556,-0.0
0.07777777777777778,-30.0,-1.1111111111111107,-0.5555555555555556,-0.0
0.07777777777777778,-30.0,1.1111111111111107,-0.5555555555555556,0.0
0.07777777777777778,-30.0,3.333333333333334,-0.5555555555555556,0.0
0.07777777777777778,-30.0,5.555555555555557,-0.5555555555555556,0.0
0.07777777777777778,-30.0,7.777777777777779,-0.5555555555555556,0.0
0.07777777777777778,-30.0,10.0,-0.5555555555555556,0.0
0.07777777777777778,-23.333333333333332,-10.0,-0.5555555555555556,-0.0
0.07777777777777778,-23.333333333333332,-7.777777777777778,-0.5555555555555556,-0.0
0.07777777777777778,-23.333333333333332,-5.555555555555555,-0.5555555555555556,-0.0
0.07777777777777778,-23.333333333333332,-3.333333333333333,-0.5555555555555556,-0.0
0.07777777777777778,-23.333333333333332,-1.1111111111111107,-0.5555555555555556,-0.0
0.07777777777777778,-23.333333333333332,1.1111111111111107,-0.5555555555555556,0.0
0.07777777777777778,-23.333333333333332,3.333333333333334,-0.5555555555555556,0.0
0.07777777777777778,-23.333333333333332,5.555555555555557,-0.5555555555555556,0.0
0.07777777777777778,-23.333333333333332,7.777777777777779,-0.5555555555555556,0.0
0.07777777777777778,-23.333333333333332,10.0,-0.5555555555555556,0.0
0.07777777777777778,-16.666666666666664,-10.0,-0.5555555555555556,-0.0
0.07777777777777778,-16.666666666666664,-7.777777777777778,-0.5555555555555556,-0.0
0.07777777777777778,-16.666666666666664,-5.555555555555555,-0.5555555555555556,-0.0
0.07777777777777778,-16.666666666666664,-3.333333333333333,-0.5555555555555556,-0.0
0.07777777777777778,-16.666666666666664,-1.1111111111111107,-0.5555555555555556,-0.0
0.07777777777777778,-16.666666666666664,1.1111111111111107,-0.5555555555555556,0.0
0.07777777777777778,-16.666666666666664,3.333333333333334,-0.5555555555555556,0.0
0.07777777777777778,-16.666666666666664,5.555555555555557,-0.5555555555555556,0.0
0.07777777777777778,-16.666666666666664,7.777777777777779,-0.5555555555555556,0.0
0.07777777777777778,-16.666666666666664,10.0,-0.5555555555555556,0.0
0.07777777777777778,-10.0,-10.0,-0.5555555555555556,-0.0
0.07777777777777778,-10.0,-7.777777777777778,-0.5555555555555556,-0.0
0.07777777777777778,-10.0,-5.555555555555555,-0.5555555555555556,-0.0
0.07777777777777778,-10.0,-3.333333333333333,-0.5555555555555556,-0.0
0.07777777777777778,-10.0,-1.1111111111111107,-0.5555555555555556,-0.0
0.07777777777777778,-10.0,1.1111111111111107,-0.5555555555555556,0.0
0.07777777777777778,-10.0,3.333333333333334,-0.5555555555555556,0.0
0.07777777777777778,-10.0,5.555555555555557,-0.5555555555555556,0.0
0.07777777777777778,-10.0,7.777777777777779,-0.5555555555555556,0.0
0.07777777777777778,-10.0,10.0,-0.5555555555555556,0.0
0.07777777777777778,-3.333333333333332,-10.0,-0.5555555555555556,-0.0
0.07777777777777778,-3.333333333333332,-7.777777777777778,-0.5555555555555556,-0.0
0.07777777777777778,-3.333333333333332,-5.555555555555555,-0.5555555555555556,-0.0
0.07777777777777778,-3.333333333333332,-3.333333333333333,-0.5555555555555556,-0.0
0.07777777777777778,-3.333333333333332,-1.1111111111111107,-0.5555555555555556,-0.0
0.07777777777777778,-3.333333333333332,1.1111111111111107,-0.5555555555555556,0.0
0.07777777777777778,-3.333333333333332,3.333333333333334,-0.5555555555555556,0.0
0.07777777777777778,-3.333333333333332,5.555555555555557,-0.5555555555555556,0.0
0.07777777777777778,-3.333333333333332,7.777777777777779,-0.5555555555555556,0.0
0.07777777777777778,-3.333333333333332,10.0,-0.5555555555555556,0.0
0.07777777777777778,3.3333333333333357,-10.0,-0.5555555555555556,-0.0
0.07777777777777778,3.3333333333333357,-7.777777777777778,-0.5555555555555556,-0.0
0.07777777777777778,3.3333333333333357,-5.555555555555555,-0.5555555555555556,-0.0
0.07777777777777778,3.3333333333333357,-3.333333333333333,-0.5555555555555556,-0.0
0.07777777777777778,3.3333333333333357,-1.1111111111111107,-0.5555555555555556,-0.0
0.07777777777777778,3.3333333333333357,1.1111111111111107,-0.5555555555555556,0.0
0.07777777777777778,3.3333333333333357,3.333333333333334,-0.5555555555555556,0.0
0.07777777777777778,3.3333333333333357,5.555555555555557,-0.5555555555555556,0.0
0.07777777777777778,3.3333333333333357,7.777777777777779,-0.5555555555555556,0.0
0.07777777777777778,3.3333333333333357,10.0,-0.5555555555555556,0.0
0.07777777777777778,10.0,-10.0,-0.5555555555555556,-0.0
0.07777777777777778,10.0,-7.777777777777778,-0.5555555555555556,-0.0
0.07777777777777778,10.0,-5.555555555555555,-0.5555555555555556,-0.0
0.07777777777777778,10.0,-3.333333333333333,-0.5555555555555556,-0.0
0.07777777777777778,10.0,-1.1111111111111107,-0.5555555555555556,-0.0
0.07777777777777778,10.0,1.1111111111111107,-0.5555555555555556,0.0
0.07777777777777778,10.0,3.333333333333334,-0.5555555555555556,0.0
0.07777777777777778,10.0,5.555555555555557,-0.5555555555555556,0.0
0.07777777777777778,10.0,7.777777777777779,-0.5555555555555556,0.0
0.07777777777777778,10.0,10.0,-0.5555555555555556,0.0
0.07777777777777778,16.66666666666667,-10.0,-0.5555555555555556,-0.0
0.07777777777777778,16.66666666666667,-7.777777777777778,-0.5555555555555556,-0.0
0.07777777777777778,16.66666666666667,-5.555555555555555,-0.5555555555555556,-0.0
0.07777777777777778,16.66666666666667,-3.333333333333333,-0.5555555555555556,-0.0
0.07777777777777778,16.66666666666667,-1.1111111111111107,-0.5555555555555556,-0.0
0.07777777777777778,16.66666666666667,1.1111111111111107,-0.5555555555555556,0.0
0.07777777777777778,16.66666666666667,3.333333333333334,-0.5555555555555556,0.0
0.07777777777777778,16.66666666666667,5.555555555555557,-0.5555555555555556,0.0
0.07777777777777778,16.66666666666667,7.777777777777779,-0.5555555555555556,0.0
0.07777777777777778,16.66666666666667,10.0,-0.5555555555555556,0.0
0.07777777777777778,23.333333333333336,-10.0,-0.5555555555555556,-0.0
0.07777777777777778,23.333333333333336,-7.777777777777778,-0.5555555555555556,-0.0
0.07777777777777778,23.333333333333336,-5.555555555555555,-0.5555555555555556,-0.0
0.07777777777777778,23.333333333333336,-3.333333333333333,-0.5555555555555556,-0.0
0.07777777777777778,23.333333333333336,-1.1111111111111107,-0.5555555555555556,-0.0
0.07777777777777778,23.333333333333336,1.1111111111111107,-0.5555555555555556,0.0
0.07777777777777778,23.333333333333336,3.333333333333334,-0.5555555555555556,0.0
0.07777777777777778,23.333333333333336,5.555555555555557,-0.5555555555555556,0.0
0.07777777777777778,23.333333333333336,7.777777777777779,-0.5555555555555556,0.0
0.07777777777777778,23.333333333333336,10.0,-0.5555555555555556,0.0
0.07777777777777778,30.0,-10.0,-0.5555555555555556,-0.0
0.07777777777777778,30.0,-7.777777777777778,-0.5555555555555556,-0.0
0.07777777777777778,30.0,-5.555555555555555,-0.5555555555555556,-0.0
0.07777777777777778,30.0,-3.333333333333333,-0.5555555555555556,-0.0
0.07777777777777778,30.0,-1.1111111111111107,-0.5555555555555556,-0.0
0.07777777777777778,30.0,1.1111111111111107,-0.5555555555555556,0.0
0.07777777777777778,30.0,3.333333333333334,-0.5555555555555556,0.0
0.07777777777777778,30.0,5.555555555555557,-0.5555555555555556,0.0
0.07777777777777778,30.0,7.777777777777779,-0.5555555555555556,0.0
0.07777777777777778,30.0,10.0,-0.5555555555555556,0.0
0.1,-30.0,-10.0,-0.5555555555555556,-0.0
0.1,-30.0,-7.777777777777778,-0.5555555555555556,-0.0
0.1,-30.0,-5.555555555555555,-0.5555555555555556,-0.0
0.1,-30.0,-3.333333333333333,-0.5555555555555556,-0.0
0.1,-30.0,-1.1111111111111107,-0.5555555555555556,-0.0
0.1,-30.0,1.1111111111111107,-0.5555555555555556,0.0
0.1,-30.0,3.333333333333334,-0.5555555555555556,0.0
0.1,-30.0,5.555555555555557,-0.5555555555555556,0.0
0.1,-30.0,7.777777777777779,-0.5555555555555556,0.0
0.1,-30.0,10.0,-0.5555555555555556,0.0
0.1,-23.333333333333332,-10.0,-0.5555555555555556,-0.0
0.1,-23.333333333333332,-7.777777777777778,-0.5555555555555556,-0.0
0.1,-23.333333333333332,-5.555555555555555,-0.5555555555555556,-0.0
0.1,-23.333333333333332,-3.333333333333333,-0.5555555555555556,-0.0
0.1,-23.333333333333332,-1.1111111111111107,-0.5555555555555556,-0.0
0.1,-23.333333333333332,1.1111111111111107,-0.5555555555555556,0.0
0.1,-23.333333333333332,3.333333333333334,-0.5555555555555556,0.0
0.1,-23.333333333333332,5.555555555555557,-0.5555555555555556,0.0
0.1,-23.333333333333332,7.777777777777779,-0.5555555555555556,0.0
0.1,-23.333333333333332,10.0,-0.5555555555555556,0.0
0.1,-16.666666666666664,-10.0,-0.5555555555555556,-0.0
0.1,-16.666666666666664,-7.777777777777778,-0.5555555555555556,-0.0
0.1,-16.666666666666664,-5.555555555555555,-0.5555555555555556,-0.0
0.1,-16.666666666666664,-3.333333333333333,-0.5555555555555556,-0.0
0.1,-16.666666666666664,-1.1111111111111107,-0.5555555555555556,-0.0
0.1,-16.666666666666664,1.1111111111111107,-0.5555555555555556,0.0
0.1,-16.666666666666664,3.333333333333334,-0.5555555555555556,0.0
0.1,-16.666666666666664,5.555555555555557,-0.5555555555555556,0.0
0.1,-16.666666666666664,7.777777777777779,-0.5555555555555556,0.0
0.1,-16.666666666666664,10.0,-0.5555555555555556,0.0
0.1,-10.0,-10.0,-0.5555555555555556,-0.0
0.1,-10.0,-7.777777777777778,-0.5555555555555556,-0.0
0.1,-10.0,-5.555555555555555,-0.5555555555555556,-0.0
0.1,-10.0,-3.333333333333333,-0.5555555555555556,-0.0
0.1,-10.0,-1.1111111111111107,-0.5555555555555556,-0.0
0.1,-10.0,1.1111111111111107,-0.5555555555555556,0.0
0.1,-10.0,3.333333333333334,-0.5555555555555556,0.0
0.1,-10.0,5.555555555555557,-0.5555555555555556,0.0
0.1,-10.0,7.777777777777779,-0.5555555555555556,0.0
0.1,-10.0,10.0,-0.5555555555555556,0.0
0.1,-3.333333333333332,-10.0,-0.5555555555555556,-0.0
0.1,-3.333333333333332,-7.777777777777778,-0.5555555555555556,-0.0
0.1,-3.333333333333332,-5.555555555555555,-0.5555555555555556,-0.0
0.1,-3.333333333333332,-3.333333333333333,-0.5555555555555556,-0.0
0.1,-3.333333333333332,-1.1111111111111107,-0.5555555555555556,-0.0
0.1,-3.333333333333332,1.1111111111111107,-0.5555555555555556,0.0
0.1,-3.333333333333332,3.333333333333334,-0.5555555555555556,0.0
0.1,-3.333333333333332,5.555555555555557,-0.5555555555555556,0.0
0.1,-3.333333333333332,7.777777777777779,-0.5555555555555556,0.0
0.1,-3.333333333333332,10.0,-0.5555555555555556,0.0
0.1,3.3333333333333357,-10.0,-0.5555555555555556,-0.0
0.1,3.3333333333333357,-7.777777777777778,-0.5555555555555556,-0.0
0.1,3.3333333333333357,-5.555555555555555,-0.5555555555555556,-0.0
0.1,3.3333333333333357,-3.333333333333333,-0.5555555555555556,-0.0
0.1,3.3333333333333357,-1.1111111111111107,-0.5555555555555556,-0.0
0.1,3.3333333333333357,1.1111111111111107,-0.5555555555555556,0.0
0.1,3.3333333333333357,3.333333333333334,-0.5555555555555556,0.0
0.1,3.3333333333333357,5.555555555555557,-0.5555555555555556,0.0
0.1,3.3333333333333357,7.777777777777779,-0.5555555555555556,0.0
0.1,3.3333333333333357,10.0,-0.5555555555555556,0.0
0.1,10.0,-10.0,-0.5555555555555556,-0.0
0.1,10.0,-7.777777777777778,-0.5555555555555556,-0.0
0.1,10.0,-5.555555555555555,-0.5555555555555556,-0.0
0.1,10.0,-3.333333333333333,-0.5555555555555556,-0.0
0.1,10.0,-1.1111111111111107,-0.5555555555555556,-0.0
0.1,10.0,1.1111111111111107,-0.5555555555555556,0.0
0.1,10.0,3.333333333333334,-0.5555555555555556,0.0
0.1,10.0,5.555555555555557,-0.5555555555555556,0.0
0.1,10.0,7.777777777777779,-0.5555555555555556,0.0
0.1,10.0,10.0,-0.5555555555555556,0.0
0.1,16.66666666666667,-10.0,-0.5555555555555556,-0.0
0.1,16.66666666666667,-7.777777777777778,-0.5555555555555556,-0.0
0.1,16.66666666666667,-5.555555555555555,-0.5555555555555556,-0.0
0.1,16.66666666666667,-3.333333333333333,-0.5555555555555556,-0.0
0.1,16.66666666666667,-1.1111111111111107,-0.5555555555555556,-0.0
0.1,16.66666666666667,1.1111111111111107,-0.5555555555555556,0.0
0.1,16.66666666666667,3.333333333333334,-0.5555555555555556,0.0
0.1,16.66666666666667,5.555555555555557,-0.5555555555555556,0.0
0.1,16.66666666666667,7.777777777777779,-0.5555555555555556,0.0
0.1,16.66666666666667,10.0,-0.5555555555555556,0.0
0.1,23.333333333333336,-10.0,-0.5555555555555556,-0.0
0.1,23.333333333333336,-7.777777777777778,-0.5555555555555556,-0.0
0.1,23.333333333333336,-5.555555555555555,-0.5555555555555556,-0.0
0.1,23.333333333333336,-3.333333333333333,-0.5555555555555556,-0.0
0.1,23.333333333333336,-1.1111111111111107,-0.5555555555555556,-0.0
0.1,23.333333333333336,1.1111111111111107,-0.5555555555555556,0.0
0.1,23.333333333333336,3.333333333333334,-0.5555555555555556,0.0
0.1,23.333333333333336,5.555555555555557,-0.5555555555555556,0.0
0.1,23.333333333333336,7.777777777777779,-0.5555555555555556,0.0
0.1,23.333333333333336,10.0,-0.5555555555555556,0.0
0.1,30.0,-10.0,-0.5555555555555556,-0.0
0.1,30.0,-7.777777777777778,-0.5555555555555556,-0.0
0.1,30.0,-5.555555555555555,-0.5555555555555556,-0.0
0.1,30.0,-3.333333333333333,-0.5555555555555556,-0.0
0.1,30.0,-1.1111111111111107,-0.5555555555555556,-0.0
0.1,30.0,1.1111111111111107,-0.5555555555555556,0.0
0.1,30.0,3.333333333333334,-0.5555555555555556,0.0
0.1,30.0,5.555555555555557,-0.5555555555555556,0.0
0.1,30.0,7.777777777777779,-0.5555555555555556,0.0
0.1,30.0,10.0,-0.5555555555555556,0.0
-0.1,-30.0,-10.0,-0.33333333333333337,-0.0
-0.1,-30.0,-7.777777777777778,-0.33333333333333337,-0.0
-0.1,-30.0,-5.555555555555555,-0.33333333333333337,-0.0
-0.1,-30.0,-3.333333333333333,-0.33333333333333337,-0.0
-0.1,-30.0,-1.1111111111111107,-0.33333333333333337,-0.0
-0.1,-30.0,1.1111111111111107,-0.33333333333333337,0.0
-0.1,-30.0,3.333333333333334,-0.33333333333333337,0.0
-0.1,-30.0,5.555555555555557,-0.33333333333333337,0.0
-0.1,-30.0,7.777777777777779,-0.33333333333333337,0.0
-0.1,-30.0,10.0,-0.33333333333333337,0.0
-0.1,-23.333333333333332,-10.0,-0.33333333333333337,-0.0
-0.1,-23.333333333333332,-7.777777777777778,-0.33333333333333337,-0.0
-0.1,-23.333333333333332,-5.555555555555555,-0.33333333333333337,-0.0
-0.1,-23.333333333333332,-3.333333333333333,-0.33333333333333337,-0.0
-0.1,-23.333333333333332,-1.1111111111111107,-0.33333333333333337,-0.0
-0.1,-23.333333333333332,1.1111111111111107,-0.33333333333333337,0.0
-0.1,-23.333333333333332,3.333333333333334,-0.33333333333333337,0.0
-0.1,-23.333333333333332,5.555555555555557,-0.33333333333333337,0.0
-0.1,-23.333333333333332,7.777777777777779,-0.33333333333333337,0.0
-0.1,-23.333333333333332,10.0,-0.33333333333333337,0.0
-0.1,-16.666666666666664,-10.0,-0.33333333333333337,-0.0
-0.1,-16.666666666666664,-7.777777777777778,-0.33333333333333337,-0.0
-0.1,-16.666666666666664,-5.555555555555555,-0.33333333333333337,-0.0
-0.1,-16.666666666666664,-3.333333333333333,-0.33333333333333337,-0.0
-0.1,-16.666666666666664,-1.1111111111111107,-0.33333333333333337,-0.0
-0.1,-16.666666666666664,1.1111111111111107,-0.33333333333333337,0.0
-0.1,-16.666666666666664,3.333333333333334,-0.33333333333333337,0.0
-0.1,-16.666666666666664,5.555555555555557,-0.33333333333333337,0.0
-0.1,-16.666666666666664,7.777777777777779,-0.33333333333333337,0.0
-0.1,-16.666666666666664,10.0,-0.33333333333333337,0.0
-0.1,-10.0,-10.0,-0.33333333333333337,-0.0
-0.1,-10.0,-7.777777777777778,-0.33333333333333337,-0.0
-0.1,-10.0,-5.555555555555555,-0.33333333333333337,-0.0
-0.1,-10.0,-3.333333333333333,-0.33333333333333337,-0.0
-0.1,-10.0,-1.1111111111111107,-0.33333333333333337,-0.0
-0.1,-10.0,1.1111111111111107,-0.33333333333333337,0.0
-0.1,-10.0,3.333333333333334,-0.33333333333333337,0.0
-0.1,-10.0,5.555555555555557,-0.33333333333333337,0.0
-0.1,-10.0,7.777777777777779,-0.33333333333333337,0.0
-0.1,-10.0,10.0,-0.33333333333333337,0.0
-0.1,-3.333333333333332,-10.0,-0.33333333333333337,-0.0
-0.1,-3.333333333333332,-7.777777777777778,-0.33333333333333337,-0.0
-0.1,-3.333333333333332,-5.555555555555555,-0.33333333333333337,-0.0
-0.1,-3.333333333333332,-3.333333333333333,-0.33333333333333337,-0.0
-0.1,-3.333333333333332,-1.1111111111111107,-0.33333333333333337,-0.0
-0.1,-3.333333333333332,1.1111111111111107,-0.33333333333333337,0.0
-0.1,-3.333333333333332,3.333333333333334,-0.33333333333333337,0.0
-0.1,-3.333333333333332,5.555555555555557,-0.33333333333333337,0.0
-0.1,-3.333333333333332,7.777777777777779,-0.33333333333333337,0.0
-0.1,-3.333333333333332,10.0,-0.33333333333333337,0.0
-0.1,3.3333333333333357,-10.0,-0.33333333333333337,-0.0
-0.1,3.3333333333333357,-7.777777777777778,-0.33333333333333337,-0.0
-0.1,3.3333333333333357,-5.555555555555555,-0.33333333333333337,-0.0
-0.1,3.3333333333333357,-3.333333333333333,-0.33333333333333337,-0.0
-0.1,3.3333333333333357,-1.1111111111111107,-0.33333333333333337,-0.0
-0.1,3.3333333333333357,1.1111111111111107,-0.33333333333333337,0.0
-0.1,3.3333333333333357,3.333333333333334,-0.33333333333333337,0.0
-0.1,3.3333333333333357,5.555555555555557,-0.33333333333333337,0.0
-0.1,3.3333333333333357,7.777777777777779,-0.33333333333333337,0.0
-0.1,3.3333333333333357,10.0,-0.33333333333333337,0.0
-0.1,10.0,-10.0,-0.33333333333333337,-0.0
-0.1,10.0,-7.777777777777778,-0.33333333333333337,-0.0
-0.1,10.0,-5.555555555555555,-0.33333333333333337,-0.0
-0.1,10.0,-3.333333333333333,-0.33333333333333337,-0.0
-0.1,10.0,-1.1111111111111107,-0.33333333333333337,-0.0
-0.1,10.0,1.1111111111111107,-0.33333333333333337,0.0
-0.1,10.0,3.333333333333334,-0.33333333333333337,0.0
-0.1,10.0,5.555555555555557,-0.33333333333333337,0.0
-0.1,10.0,7.777777777777779,-0.33333333333333337,0.0
-0.1,10.0,10.0,-0.33333333333333337,0.0
-0.1,16.66666666666667,-10.0,-0.33333333333333337,-0.0
-0.1,16.66666666666667,-7.777777777777778,-0.33333333333333337,-0.0
-0.1,16.66666666666667,-5.555555555555555,-0.33333333333333337,-0.0
-0.1,16.66666666666667,-3.333333333333333,-0.33333333333333337,-0.0
-0.1,16.66666666666667,-1.1111111111111107,-0.33333333333333337,-0.0
-0.1,16.66666666666667,1.1111111111111107,-0.33333333333333337,0.0
-0.1,16.66666666666667,3.333333333333334,-0.33333333333333337,0.0
-0.1,16.66666666666667,5.555555555555557,-0.33333333333333337,0.0
-0.1,16.66666666666667,7.777777777777779,-0.33333333333333337,0.0
-0.1,16.66666666666667,10.0,-0.33333333333333337,0.0
-0.1,23.333333333333336,-10.0,-0.33333333333333337,-0.0
-0.1,23.333333333333336,-7.777777777777778,-0.33333333333333337,-0.0
-0.1,23.333333333333336,-5.555555555555555,-0.33333333333333337,-0.0
-0.1,23.333333333333336,-3.333333333333333,-0.33333333333333337,-0.0
-0.1,23.333333333333336,-1.1111111111111107,-0.33333333333333337,-0.0
-0.1,23.333333333333336,1.1111111111111107,-0.33333333333333337,0.0
-0.1,23.333333333333336,3.333333333333334,-0.33333333333333337,0.0
-0.1,23.333333333333336,5.555555555555557,-0.33333333333333337,0.0
-0.1,23.333333333333336,7.777777777777779,-0.33333333333333337,0.0
-0.1,23.333333333333336,10.0,-0.33333333333333337,0.0
-0.1,30.0,-10.0,-0.33333333333333337,-0.0
-0.1,30.0,-7.777777777777778,-0.33333333333333337,-0.0
-0.1,30.0,-5.555555555555555,-0.33333333333333337,-0.0
-0.1,30.0,-3.333333333333333,-0.33333333333333337,-0.0
-0.1,30.0,-1.1111111111111107,-0.33333333333333337,-0.0
-0.1,30.0,1.1111111111111107,-0.33333333333333337,0.0
-0.1,30.0,3.333333333333334,-0.33333333333333337,0.0
-0.1,30.0,5.555555555555557,-0.33333333333333337,0.0
-0.1,30.0,7.777777777777779,-0.33333333333333337,0.0
-0.1,30.0,10.0,-0.33333333333333337,0.0
-0.07777777777777778,-30.0,-10.0,-0.33333333333333337,-0.0
-0.07777777777777778,-30.0,-7.777777777777778,-0.33333333333333337,-0.0
-0.07777777777777778,-30.0,-5.555555555555555,-0.33333333333333337,-0.0
-0.07777777777777778,-30.0,-3.333333333333333,-0.33333333333333337,-0.0
-0.07777777777777778,-30.0,-1.1111111111111107,-0.33333333333333337,-0.0
-0.07777777777777778,-30.0,1.1111111111111107,-0.33333333333333337,0.0
-0.07777777777777778,-30.0,3.333333333333334,-0.33333333333333337,0.0
-0.07777777777777778,-30.0,5.555555555555557,-0.33333333333333337,0.0
-0.07777777777777778,-30.0,7.777777777777779,-0.33333333333333337,0.0
-0.07777777777777778,-30.0,10.0,-0.33333333333333337,0.0
-0.07777777777777778,-23.333333333333332,-10.0,-0.33333333333333337,-0.0
-0.07777777777777778,-23.333333333333332,-7.777777777777778,-0.33333333333333337,-0.0
-0.07777777777777778,-23.333333333333332,-5.555555555555555,-0.33333333333333337,-0.0
-0.07777777777777778,-23.333333333333332,-3.333333333333333,-0.33333333333333337,-0.0
-0.07777777777777778,-23.333333333333332,-1.1111111111111107,-0.33333333333333337,-0.0
-0.07777777777777778,-23.333333333333332,1.1111111111111107,-0.33333333333333337,0.0
-0.07777777777777778,-23.333333333333332,3.333333333333334,-0.33333333333333337,0.0
-0.07777777777777778,-23.333333333333332,5.555555555555557,-0.33333333333333337,0.0
-0.07777777777777778,-23.333333333333332,7.777777777777779,-0.33333333333333337,0.0
-0.07777777777777778,-23.333333333333332,10.0,-0.33333333333333337,0.0
-0.07777777777777778,-16.666666666666664,-10.0,-0.33333333333333337,-0.0
-0.07777777777777778,-16.666666666666664,-7.777777777777778,-0.33333333333333337,-0.0
-0.07777777777777778,-16.666666666666664,-5.555555555555555,-0.33333333333333337,-0.0
-0.07777777777777778,-16.666666666666664,-3.333333333333333,-0.33333333333333337,-0.0
-0.07777777777777778,-16.666666666666664,-1.1111111111111107,-0.33333333333333337,-0.0
-0.07777777777777778,-16.666666666666664,1.1111111111111107,-0.33333333333333337,0.0
-0.07777777777777778,-16.666666666666664,3.333333333333334,-0.33333333333333337,0.0
-0.07777777777777778,-16.666666666666664,5.555555555555557,-0.33333333333333337,0.0
-0.07777777777777778,-16.666666666666664,7.777777777777779,-0.33333333333333337,0.0
-0.07777777777777778,-16.666666666666664,10.0,-0.33333333333333337,0.0
-0.07777777777777778,-10.0,-10.0,-0.33333333333333337,-0.0
-0.07777777777777778,-10.0,-7.777777777777778,-0.33333333333333337,-0.0
-0.07777777777777778,-10.0,-5.555555555555555,-0.33333333333333337,-0.0
-0.07777777777777778,-10.0,-3.333333333333333,-0.33333333333333337,-0.0
-0.07777777777777778,-10.0,-1.1111111111111107,-0.33333333333333337,-0.0
-0.07777777777777778,-10.0,1.1111111111111107,-0.33333333333333337,0.0
-0.07777777777777778,-10.0,3.333333333333334,-0.33333333333333337,0.0
-0.07777777777777778,-10.0,5.555555555555557,-0.33333333333333337,0.0
-0.07777777777777778,-10.0,7.777777777777779,-0.33333333333333337,0.0
-0.07777777777777778,-10.0,10.0,-0.33333333333333337,0.0
-0.07777777777777778,-3.333333333333332,-10.0,-0.33333333333333337,-0.0
-0.07777777777777778,-3.333333333333332,-7.777777777777778,-0.33333333333333337,-0.0
-0.07777777777777778,-3.333333333333332,-5.555555555555555,-0.33333333333333337,-0.0
-0.07777777777777778,-3.333333333333332,-3.333333333333333,-0.33333333333333337,-0.0
-0.07777777777777778,-3.333333333333332,-1.1111111111111107,-0.33333333333333337,-0.0
-0.07777777777777778,-3.333333333333332,1.1111111111111107,-0.33333333333333337,0.0
-0.07777777777777778,-3.333333333333332,3.333333333333334,-0.33333333333333337,0.0
-0.07777777777777778,-3.333333333333332,5.555555555555557,-0.33333333333333337,0.0
-0.07777777777777778,-3.333333333333332,7.777777777777779,-0.33333333333333337,0.0
-0.07777777777777778,-3.333333333333332,10.0,-0.33333333333333337,0.0
-0.07777777777777778,3.3333333333333357,-10.0,-0.33333333333333337,-0.0
-0.07777777777777778,3.3333333333333357,-7.777777777777778,-0.33333333333333337,-0.0
-0.07777777777777778,3.3333333333333357,-5.555555555555555,-0.33333333333333337,-0.0
-0.07777777777777778,3.3333333333333357,-3.333333333333333,-0.33333333333333337,-0.0
-0.07777777777777778,3.3333333333333357,-1.1111111111111107,-0.33333333333333337,-0.0
-0.07777777777777778,3.3333333333333357,1.1111111111111107,-0.33333333333333337,0.0
-0.07777777777777778,3.3333333333333357,3.333333333333334,-0.33333333333333337,0.0
-0.07777777777777778,3.3333333333333357,5.555555555555557,-0.33333333333333337,0.0
-0.07777777777777778,3.3333333333333357,7.777777777777779,-0.33333333333333337,0.0
-0.07777777777777778,3.3333333333333357,10.0,-0.33333333333333337,0.0
-0.07777777777777778,10.0,-10.0,-0.33333333333333337,-0.0
-0.07777777777777778,10.0,-7.777777777777778,-0.33333333333333337,-0.0
-0.07777777777777778,10.0,-5.555555555555555,-0.33333333333333337,-0.0
-0.07777777777777778,10.0,-3.333333333333333,-0.33333333333333337,-0.0
-0.07777777777777778,10.0,-1.1111111111111107,-0.33333333333333337,-0.0
-0.07777777777777778,10.0,1.1111111111111107,-0.33333333333333337,0.0
-0.07777777777777778,10.0,3.333333333333334,-0.33333333333333337,0.0
-0.07777777777777778,10.0,5.555555555555557,-0.33333333333333337,0.0
-0.07777777777777778,10.0,7.777777777777779,-0.33333333333333337,0.0
-0.07777777777777778,10.0,10.0,-0.33333333333333337,0.0
-0.07777777777777778,16.66666666666667,-10.0,-0.33333333333333337,-0.0
-0.07777777777777778,16.66666666666667,-7.777777777777778,-0.33333333333333337,-0.0
-0.07777777777777778,16.66666666666667,-5.555555555555555,-0.33333333333333337,-0.0
-0.07777777777777778,16.66666666666667,-3.333333333333333,-0.33333333333333337,-0.0
-0.07777777777777778,16.66666666666667,-1.1111111111111107,-0.33333333333333337,-0.0
-0.07777777777777778,16.66666666666667,1.1111111111111107,-0.33333333333333337,0.0
-0.07777777777777778,16.66666666666667,3.333333333333334,-0.33333333333333337,0.0
-0.07777777777777778,16.66666666666667,5.555555555555557,-0.33333333333333337,0.0
-0.07777777777777778,16.66666666666667,7.777777777777779,-0.33333333333333337,0.0
-0.07777777777777778,16.66666666666667,10.0,-0.33333333333333337,0.0
-0.07777777777777778,23.333333333333336,-10.0,-0.33333333333333337,-0.0
-0.07777777777777778,23.333333333333336,-7.777777777777778,-0.33333333333333337,-0.0
-0.07777777777777778,23.333333333333336,-5.555555555555555,-0.33333333333333337,-0.0
-0.07777777777777778,23.333333333333336,-3.333333333333333,-0.33333333333333337,-0.0
-0.07777777777777778,23.333333333333336,-1.1111111111111107,-0.33333333333333337,-0.0
-0.07777777777777778,23.333333333333336,1.1111111111111107,-0.33333333333333337,0.0
-0.07777777777777778,23.333333333333336,3.333333333333334,-0.33333333333333337,0.0
-0.07777777777777778,23.333333333333336,5.555555555555557,-0.33333333333333337,0.0
-0.07777777777777778,23.333333333333336,7.777777777777779,-0.33333333333333337,0.0
-0.07777777777777778,23.333333333333336,10.0,-0.33333333333333337,0.0
-0.07777777777777778,30.0,-10.0,-0.33333333333333337,-0.0
-0.07777777777777778,30.0,-7.777777777777778,-0.33333333333333337,-0.0
-0.07777777777777778,30.0,-5.555555555555555,-0.33333333333333337,-0.0
-0.07777777777777778,30.0,-3.333333333333333,-0.33333333333333337,-0.0
-0.07777777777777778,30.0,-1.1111111111111107,-0.33333333333333337,-0.0
-0.07777777777777778,30.0,1.1111111111111107,-0.33333333333333337,0.0
-0.07777777777777778,30.0,3.333333333333334,-0.33333333333333337,0.0
-0.07777777777777778,30.0,5.555555555555557,-0.33333333333333337,0.0
-0.07777777777777778,30.0,7.777777777777779,-0.33333333333333337,0.0
-0.07777777777777778,30.0,10.0,-0.33333333333333337,0.0
-0.05555555555555556,-30.0,-10.0,-0.33333333333333337,-9.610223811691128e-05
-0.05555555555555556,-30.0,-7.777777777777778,-0.33333333333333337,-9.610223811691128e-05
-0.05555555555555556,-30.0,-5.555555555555555,-0.33333333333333337,-9.610223811691128e-05
-0.05555555555555556,-30.0,-3.333333333333333,-0.33333333333333337,-9.610223811691128e-05
-0.05555555555555556,-30.0,-1.1111111111111107,-0.33333333333333337,-9.610223811691128e-05
-0.05555555555555556,-30.0,1.1111111111111107,-0.33333333333333337,9.610223811691128e-05
-0.05555555555555556,-30.0,3.333333333333334,-0.33333333333333337,9.610223811691128e-05
-0.05555555555555556,-30.0,5.555555555555557,-0.33333333333333337,9.610223811691128e-05
-0.05555555555555556,-30.0,7.777777777777779,-0.33333333333333337,9.610223811691128e-05
-0.05555555555555556,-30.0,10.0,-0.33333333333333337,9.610223811691128e-05
-0.05555555555555556,-23.333333333333332,-10.0,-0.33333333333333337,-9.610223811691128e-05
-0.05555555555555556,-23.333333333333332,-7.777777777777778,-0.33333333333333337,-9.610223811691128e-05
-0.05555555555555556,-23.333333333333332,-5.555555555555555,-0.33333333333333337,-9.610223811691128e-05
-0.05555555555555556,-23.333333333333332,-3.333333333333333,-0.33333333333333337,-9.610223811691128e-05
-0.05555555555555556,-23.333333333333332,-1.1111111111111107,-0.33333333333333337,-9.610223811691128e-05
-0.05555555555555556,-23.333333333333332,1.1111111111111107,-0.33333333333333337,9.610223811691128e-05
-0.05555555555555556,-23.333333333333332,3.333333333333334,-0.33333333333333337,9.610223811691128e-05
-0.05555555555555556,-23.333333333333332,5.555555555555557,-0.33333333333333337,9.610223811691128e-05
-0.05555555555555556,-23.333333333333332,7.777777777777779,-0.33333333333333337,9.610223811691128e-05
-0.05555555555555556,-23.333333333333332,10.0,-0.33333333333333337,9.610223811691128e-05
-0.05555555555555556,-16.666666666666664,-10.0,-0.33333333333333337,-9.610223811691128e-05
-0.05555555555555556,-16.666666666666664,-7.777777777777778,-0.33333333333333337,-9.610223811691128e-05
-0.05555555555555556,-16.666666666666664,-5.555555555555555,-0.33333333333333337,-9.610223811691128e-05
-0.05555555555555556,-16.666666666666664,-3.333333333333333,-0.33333333333333337,-9.610223811691128e-05
-0.05555555555555556,-16.666666666666664,-1.1111111111111107,-0.33333333333333337,-9.610223811691128e-05
-0.05555555555555556,-16.666666666666664,1.1111111111111107,-0.33333333333333337,9.610223811691128e-05
-0.05555555555555556,-16.666666666666664,3.333333333333334,-0.33333333333333337,9.610223811691128e-05
-0.05555555555555556,-16.666666666666664,5.555555555555557,-0.33333333333333337,9.610223811691128e-05
-0.05555555555555556,-16.666666666666664,7.777777777777779,-0.33333333333333337,9.610223811691128e-05
-0.05555555555555556,-16.666666666666664,10.0,-0.33333333333333337,9.610223811691128e-05
-0.05555555555555556,-10.0,-10.0,-0.33333333333333337,-9.610223811691128e-05
-0.05555555555555556,-10.0,-7.777777777777778,-0.33333333333333337,-9.610223811691128e-05
-0.05555555555555556,-10.0,-5.555555555555555,-0.33333333333333337,-9.610223811691128e-05
-0.05555555555555556,-10.0,-3.333333333333333,-0.33333333333333337,-9.610223811691128e-05
-0.05555555555555556,-10.0,-1.1111111111111107,-0.33333333333333337,-9.610223811691128e-05
-0.05555555555555556,-10.0,1.1111111111111107,-0.33333333333333337,9.610223811691128e-05
-0.05555555555555556,-10.0,3.333333333333334,-0.33333333333333337,9.610223811691128e-05
-0.05555555555555556,-10.0,5.555555555555557,-0.33333333333333337,9.610223811691128e-05
-0.05555555555555556,-10.0,7.777777777777779,-0.33333333333333337,9.610223811691128e-05
-0.05555555555555556,-10.0,10.0,-0.33333333333333337,9.610223811691128e-05
-0.05555555555555556,-3.333333333333332,-10.0,-0.33333333333333337,-9.610223811691128e-05
-0.05555555555555556,-3.333333333333332,-7.777777777777778,-0.33333333333333337,-9.610223811691128e-05
-0.05555555555555556,-3.333333333333332,-5.555555555555555,-0.33333333333333337,-9.610223811691128e-05
-0.05555555555555556,-3.333333333333332,-3.333333333333333,-0.33333333333333337,-9.610223811691128e-05
-0.05555555555555556,-3.333333333333332,-1.1111111111111107,-0.33333333333333337,-9.610223811691128e-05
-0.05555555555555556,-3.333333333333332,1.1111111111111107,-0.33333333333333337,9.610223811691128e-05
-0.05555555555555556,-3.333333333333332,3.333333333333334,-0.33333333333333337,9.610223811691128e-05
-0.05555555555555556,-3.333333333333332,5.555555555555557,-0.33333333333333337,9.610223811691128e-05
-0.05555555555555556,-3.333333333333332,7.777777777777779,-0.33333333333333337,9.610223811691128e-05
-0.05555555555555556,-3.333333333333332,10.0,-0.33333333333333337,9.610223811691128e-05
-0.05555555555555556,3.3333333333333357,-10.0,-0.33333333333333337,-9.610223811691128e-05
-0.05555555555555556,3.3333333333333357,-7.777777777777778,-0.33333333333333337,-9.610223811691128e-05
-0.05555555555555556,3.3333333333333357,-5.555555555555555,-0.33333333333333337,-9.610223811691128e-05
-0.05555555555555556,3.3333333333333357,-3.333333333333333,-0.33333333333333337,-9.610223811691128e-05
-0.05555555555555556,3.3333333333333357,-1.1111111111111107,-0.33333333333333337,-9.610223811691128e-05
-0.05555555555555556,3.3333333333333357,1.1111111111111107,-0.33333333333333337,9.610223811691128e-05
-0.05555555555555556,3.3333333333333357,3.333333333333334,-0.33333333333333337,9.610223811691128e-05
-0.05555555555555556,3.3333333333333357,5.555555555555557,-0.33333333333333337,9.610223811691128e-05
-0.05555555555555556,3.3333333333333357,7.777777777777779,-0.33333333333333337,9.610223811691128e-05
-0.05555555555555556,3.3333333333333357,10.0,-0.33333333333333337,9.610223811691128e-05
-0.05555555555555556,10.0,-10.0,-0.33333333333333337,-9.610223811691128e-05
-0.05555555555555556,10.0,-7.777777777777778,-0.33333333333333337,-9.610223811691128e-05
-0.05555555555555556,10.0,-5.555555555555555,-0.33333333333333337,-9.610223811691128e-05
-0.05555555555555556,10.0,-3.333333333333333,-0.33333333333333337,-9.610223811691128e-05
-0.05555555555555556,10.0,-1.1111111111111107,-0.33333333333333337,-9.610223811691128e-05
-0.05555555555555556,10.0,1.1111111111111107,-0.33333333333333337,9.610223811691128e-05
-0.05555555555555556,10.0,3.333333333333334,-0.33333333333333337,9.610223811691128e-05
-0.05555555555555556,10.0,5.555555555555557,-0.33333333333333337,9.610223811691128e-05
-0.05555555555555556,10.0,7.777777777777779,-0.33333333333333337,9.610223811691128e-05
-0.05555555555555556,10.0,10.0,-0.33333333333333337,9.610223811691128e-05
-0.05555555555555556,16.66666666666667,-10.0,-0.33333333333333337,-9.610223811691128e-05
-0.05555555555555556,16.66666666666667,-7.777777777777778,-0.33333333333333337,-9.610223811691128e-05
-0.05555555555555556,16.66666666666667,-5.555555555555555,-0.33333333333333337,-9.610223811691128e-05
-0.05555555555555556,16.66666666666667,-3.333333333333333,-0.33333333333333337,-9.610223811691128e-05
-0.05555555555555556,16.66666666666667,-1.1111111111111107,-0.33333333333333337,-9.610223811691128e-05
-0.05555555555555556,16.66666666666667,1.1111111111111107,-0.33333333333333337,9.610223811691128e-05
-0.05555555555555556,16.66666666666667,3.333333333333334,-0.33333333333333337,9.610223811691128e-05
-0.05555555555555556,16.66666666666667,5.555555555555557,-0.33333333333333337,9.610223811691128e-05
-0.05555555555555556,16.66666666666667,7.777777777777779,-0.33333333333333337,9.610223811691128e-05
-0.05555555555555556,16.66666666666667,10.0,-0.33333333333333337,9.610223811691128e-05
-0.05555555555555556,23.333333333333336,-10.0,-0.33333333333333337,-9.610223811691128e-05
-0.05555555555555556,23.333333333333336,-7.777777777777778,-0.33333333333333337,-9.610223811691128e-05
-0.05555555555555556,23.333333333333336,-5.555555555555555,-0.33333333333333337,-9.610223811691128e-05
-0.05555555555555556,23.333333333333336,-3.333333333333333,-0.33333333333333337,-9.610223811691128e-05
-0.05555555555555556,23.333333333333336,-1.1111111111111107,-0.33333333333333337,-9.610223811691128e-05
-0.05555555555555556,23.333333333333336,1.1111111111111107,-0.33333333333333337,9.610223811691128e-05
-0.05555555555555556,23.333333333333336,3.333333333333334,-0.33333333333333337,9.610223811691128e-05
-0.05555555555555556,23.333333333333336,5.555555555555557,-0.33333333333333337,9.610223811691128e-05
-0.05555555555555556,23.333333333333336,7.777777777777779,-0.33333333333333337,9.610223811691128e-05
-0.05555555555555556,23.333333333333336,10.0,-0.33333333333333337,9.610223811691128e-05
-0.05555555555555556,30.0,-10.0,-0.33333333333333337,-9.610223811691128e-05
-0.05555555555555556,30.0,-7.777777777777778,-0.33333333333333337,-9.610223811691128e-05
-0.05555555555555556,30.0,-5.555555555555555,-0.33333333333333337,-9.610223811691128e-05
-0.05555555555555556,30.0,-3.333333333333333,-0.33333333333333337,-9.610223811691128e-05
-0.05555555555555556,30.0,-1.1111111111111107,-0.33333333333333337,-9.610223811691128e-05
-0.05555555555555556,30.0,1.1111111111111107,-0.33333333333333337,9.610223811691128e-05
-0.05555555555555556,30.0,3.333333333333334,-0.33333333333333337,9.610223811691128e-05
-0.05555555555555556,30.0,5.555555555555557,-0.33333333333333337,9.610223811691128e-05
-0.05555555555555556,30.0,7.777777777777779,-0.33333333333333337,9.610223811691128e-05
-0.05555555555555556,30.0,10.0,-0.33333333333333337,9.610223811691128e-05
-0.03333333333333334,-30.0,-10.0,-0.33333333333333337,-0.0019312107155409581
-0.03333333333333334,-30.0,-7.777777777777778,-0.33333333333333337,-0.0019312107155409581
-0.03333333333333334,-30.0,-5.555555555555555,-0.33333333333333337,-0.0019312107155409581
-0.03333333333333334,-30.0,-3.333333333333333,-0.33333333333333337,-0.0019312107155409581
-0.03333333333333334,-30.0,-1.1111111111111107,-0.33333333333333337,-0.0019312107155409581
-0.03333333333333334,-30.0,1.1111111111111107,-0.33333333333333337,0.0019312107155409581
-0.03333333333333334,-30.0,3.333333333333334,-0.33333333333333337,0.0019312107155409581
-0.03333333333333334,-30.0,5.555555555555557,-0.33333333333333337,0.0019312107155409581
-0.03333333333333334,-30.0,7.777777777777779,-0.33333333333333337,0.0019312107155409581
-0.03333333333333334,-30.0,10.0,-0.33333333333333337,0.0019312107155409581
-0.03333333333333334,-23.333333333333332,-10.0,-0.33333333333333337,-0.0019312107155409581
-0.03333333333333334,-23.333333333333332,-7.777777777777778,-0.33333333333333337,-0.0019312107155409581
-0.03333333333333334,-23.333333333333332,-5.555555555555555,-0.33333333333333337,-0.0019312107155409581
-0.03333333333333334,-23.333333333333332,-3.333333333333333,-0.33333333333333337,-0.0019312107155409581
-0.03333333333333334,-23.333333333333332,-1.1111111111111107,-0.33333333333333337,-0.0019312107155409581
-0.03333333333333334,-23.333333333333332,1.1111111111111107,-0.33333333333333337,0.0019312107155409581
-0.03333333333333334,-23.333333333333332,3.333333333333334,-0.33333333333333337,0.0019312107155409581
-0.03333333333333334,-23.333333333333332,5.555555555555557,-0.33333333333333337,0.0019312107155409581
-0.03333333333333334,-23.333333333333332,7.777777777777779,-0.33333333333333337,0.0019312107155409581
-0.03333333333333334,-23.333333333333332,10.0,-0.33333333333333337,0.0019312107155409581
-0.03333333333333334,-16.666666666666664,-10.0,-0.33333333333333337,-0.0019312107155409581
-0.03333333333333334,-16.666666666666664,-7.777777777777778,-0.33333333333333337,-0.0019312107155409581
-0.03333333333333334,-16.666666666666664,-5.555555555555555,-0.33333333333333337,-0.0019312107155409581
-0.03333333333333334,-16.666666666666664,-3.333333333333333,-0.33333333333333337,-0.0019312107155409581
-0.03333333333333334,-16.666666666666664,-1.1111111111111107,-0.33333333333333337,-0.0019312107155409581
-0.03333333333333334,-16.666666666666664,1.1111111111111107,-0.33333333333333337,0.0019312107155409581
-0.03333333333333334,-16.666666666666664,3.333333333333334,-0.33333333333333337,0.0019312107155409581
-0.03333333333333334,-16.666666666666664,5.555555555555557,-0.33333333333333337,0.0019312107155409581
-0.03333333333333334,-16.666666666666664,7.777777777777779,-0.33333333333333337,0.0019312107155409581
-0.03333333333333334,-16.666666666666664,10.0,-0.33333333333333337,0.0019312107155409581
-0.03333333333333334,-10.0,-10.0,-0.33333333333333337,-0.0019312107155409581
-0.03333333333333334,-10.0,-7.777777777777778,-0.33333333333333337,-0.0019312107155409581
-0.03333333333333334,-10.0,-5.555555555555555,-0.33333333333333337,-0.0019312107155409581
-0.03333333333333334,-10.0,-3.333333333333333,-0.33333333333333337,-0.0019312107155409581
-0.03333333333333334,-10.0,-1.1111111111111107,-0.33333333333333337,-0.0019312107155409581
-0.03333333333333334,-10.0,1.1111111111111107,-0.33333333333333337,0.0019312107155409581
-0.03333333333333334,-10.0,3.333333333333334,-0.33333333333333337,0.0019312107155409581
-0.03333333333333334,-10.0,5.555555555555557,-0.33333333333333337,0.0019312107155409581
-0.03333333333333334,-10.0,7.777777777777779,-0.33333333333333337,0.0019312107155409581
-0.03333333333333334,-10.0,10.0,-0.33333333333333337,0.0019312107155409581
-0.03333333333333334,-3.333333333333332,-10.0,-0.33333333333333337,-0.0019312107155409581
-0.03333333333333334,-3.333333333333332,-7.777777777777778,-0.33333333333333337,-0.0019312107155409581
-0.03333333333333334,-3.333333333333332,-5.555555555555555,-0.33333333333333337,-0.0019312107155409581
-0.03333333333333334,-3.333333333333332,-3.333333333333333,-0.33333333333333337,-0.0019312107155409581
-0.03333333333333334,-3.333333333333332,-1.1111111111111107,-0.33333333333333337,-0.0019312107155409581
-0.03333333333333334,-3.333333333333332,1.1111111111111107,-0.33333333333333337,0.0019312107155409581
-0.03333333333333334,-3.333333333333332,3.333333333333334,-0.33333333333333337,0.0019312107155409581
-0.03333333333333334,-3.333333333333332,5.555555555555557,-0.33333333333333337,0.0019312107155409581
-0.03333333333333334,-3.333333333333332,7.777777777777779,-0.33333333333333337,0.0019312107155409581
-0.03333333333333334,-3.333333333333332,10.0,-0.33333333333333337,0.0019312107155409581
-0.03333333333333334,3.3333333333333357,-10.0,-0.33333333333333337,-0.0019312107155409581
-0.03333333333333334,3.3333333333333357,-7.777777777777778,-0.33333333333333337,-0.0019312107155409581
-0.03333333333333334,3.3333333333333357,-5.555555555555555,-0.33333333333333337,-0.0019312107155409581
-0.03333333333333334,3.3333333333333357,-3.333333333333333,-0.33333333333333337,-0.0019312107155409581
-0.03333333333333334,3.3333333333333357,-1.1111111111111107,-0.33333333333333337,-0.0019312107155409581
-0.03333333333333334,3.3333333333333357,1.1111111111111107,-0.33333333333333337,0.0019312107155409581
-0.03333333333333334,3.3333333333333357,3.333333333333334,-0.33333333333333337,0.0019312107155409581
-0.03333333333333334,3.3333333333333357,5.555555555555557,-0.33333333333333337,0.0019312107155409581
-0.03333333333333334,3.3333333333333357,7.777777777777779,-0.33333333333333337,0.0019312107155409581
-0.03333333333333334,3.3333333333333357,10.0,-0.33333333333333337,0.0019312107155409581
-0.03333333333333334,10.0,-10.0,-0.33333333333333337,-0.0019312107155409581
-0.03333333333333334,10.0,-7.777777777777778,-0.33333333333333337,-0.0019312107155409581
-0.03333333333333334,10.0,-5.555555555555555,-0.33333333333333337,-0.0019312107155409581
-0.03333333333333334,10.0,-3.333333333333333,-0.33333333333333337,-0.0019312107155409581
-0.03333333333333334,10.0,-1.1111111111111107,-0.33333333333333337,-0.0019312107155409581
-0.03333333333333334,10.0,1.1111111111111107,-0.33333333333333337,0.0019312107155409581
-0.03333333333333334,10.0,3.333333333333334,-0.33333333333333337,0.0019312107155409581
-0.03333333333333334,10.0,5.555555555555557,-0.33333333333333337,0.0019312107155409581
-0.03333333333333334,10.0,7.777777777777779,-0.33333333333333337,0.0019312107155409581
-0.03333333333333334,10.0,10.0,-0.33333333333333337,0.0019312107155409581
-0.03333333333333334,16.66666666666667,-10.0,-0.33333333333333337,-0.0019312107155409581
-0.03333333333333334,16.66666666666667,-7.777777777777778,-0.33333333333333337,-0.0019312107155409581
-0.03333333333333334,16.66666666666667,-5.555555555555555,-0.33333333333333337,-0.0019312107155409581
-0.03333333333333334,16.66666666666667,-3.333333333333333,-0.33333333333333337,-0.0019312107155409581
-0.03333333333333334,16.66666666666667,-1.1111111111111107,-0.33333333333333337,-0.0019312107155409581
-0.03333333333333334,16.66666666666667,1.1111111111111107,-0.33333333333333337,0.0019312107155409581
-0.03333333333333334,16.66666666666667,3.333333333333334,-0.33333333333333337,0.0019312107155409581
-0.03333333333333334,16.66666666666667,5.555555555555557,-0.33333333333333337,0.0019312107155409581
-0.03333333333333334,16.66666666666667,7.777777777777779,-0.33333333333333337,0.0019312107155409581
-0.03333333333333334,16.66666666666667,10.0,-0.33333333333333337,0.0019312107155409581
-0.03333333333333334,23.333333333333336,-10.0,-0.33333333333333337,-0.0019312107155409581
-0.03333333333333334,23.333333333333336,-7.777777777777778,-0.33333333333333337,-0.0019312107155409581
-0.03333333333333334,23.333333333333336,-5.555555555555555,-0.33333333333333337,-0.0019312107155409581
-0.03333333333333334,23.333333333333336,-3.333333333333333,-0.33333333333333337,-0.0019312107155409581
-0.03333333333333334,23.333333333333336,-1.1111111111111107,-0.33333333333333337,-0.0019312107155409581
-0.03333333333333334,23.333333333333336,1.1111111111111107,-0.33333333333333337,0.0019312107155409581
-0.03333333333333334,23.333333333333336,3.333333333333334,-0.33333333333333337,0.0019312107155409581
-0.03333333333333334,23.333333333333336,5.555555555555557,-0.33333333333333337,0.0019312107155409581
-0.03333333333333334,23.333333333333336,7.777777777777779,-0.33333333333333337,0.0019312107155409581
-0.03333333333333334,23.333333333333336,10.0,-0.33333333333333337,0.0019312107155409581
-0.03333333333333334,30.0,-10.0,-0.33333333333333337,-0.0019312107155409581
-0.03333333333333334,30.0,-7.777777777777778,-0.33333333333333337,-0.0019312107155409581
-0.03333333333333334,30.0,-5.555555555555555,-0.33333333333333337,-0.0019312107155409581
-0.03333333333333334,30.0,-3.333333333333333,-0.33333333333333337,-0.0019312107155409581
-0.03333333333333334,30.0,-1.1111111111111107,-0.33333333333333337,-0.0019312107155409581
-0.03333333333333334,30.0,1.1111111111111107,-0.33333333333333337,0.0019312107155409581
-0.03333333333333334,30.0,3.333333333333334,-0.33333333333333337,0.0019312107155409581
-0.03333333333333334,30.0,5.555555555555557,-0.33333333333333337,0.0019312107155409581
-0.03333333333333334,30.0,7.777777777777779,-0.33333333333333337,0.0019312107155409581
-0.03333333333333334,30.0,10.0,-0.33333333333333337,0.0019312107155409581
-0.011111111111111113,-30.0,-10.0,-0.33333333333333337,-0.030756788273576332
-0.011111111111111113,-30.0,-7.777777777777778,-0.33333333333333337,-0.030756788273576332
-0.011111111111111113,-30.0,-5.555555555555555,-0.33333333333333337,-0.030756788273576332
-0.011111111111111113,-30.0,-3.333333333333333,-0.33333333333333337,-0.030756788273576332
-0.011111111111111113,-30.0,-1.1111111111111107,-0.33333333333333337,-0.030756788273576332
-0.011111111111111113,-30.0,1.1111111111111107,-0.33333333333333337,0.030756788273576332
-0.011111111111111113,-30.0,3.333333333333334,-0.33333333333333337,0.030756788273576332
-0.011111111111111113,-30.0,5.555555555555557,-0.33333333333333337,0.030756788273576332
-0.011111111111111113,-30.0,7.777777777777779,-0.33333333333333337,0.030756788273576332
-0.011111111111111113,-30.0,10.0,-0.33333333333333337,0.030756788273576332
-0.011111111111111113,-23.333333333333332,-10.0,-0.33333333333333337,-0.030756788273576332
-0.011111111111111113,-23.333333333333332,-7.777777777777778,-0.33333333333333337,-0.030756788273576332
-0.011111111111111113,-23.333333333333332,-5.555555555555555,-0.33333333333333337,-0.030756788273576332
-0.011111111111111113,-23.333333333333332,-3.333333333333333,-0.33333333333333337,-0.030756788273576332
-0.011111111111111113,-23.333333333333332,-1.1111111111111107,-0.33333333333333337,-0.030756788273576332
-0.011111111111111113,-23.333333333333332,1.1111111111111107,-0.33333333333333337,0.030756788273576332
-0.011111111111111113,-23.333333333333332,3.333333333333334,-0.33333333333333337,0.030756788273576332
-0.011111111111111113,-23.333333333333332,5.555555555555557,-0.33333333333333337,0.030756788273576332
-0.011111111111111113,-23.333333333333332,7.777777777777779,-0.33333333333333337,0.030756788273576332
-0.011111111111111113,-23.333333333333332,10.0,-0.33333333333333337,0.030756788273576332
-0.011111111111111113,-16.666666666666664,-10.0,-0.33333333333333337,-0.030756788273576332
-0.011111111111111113,-16.666666666666664,-7.777777777777778,-0.33333333333333337,-0.030756788273576332
-0.011111111111111113,-16.666666666666664,-5.555555555555555,-0.33333333333333337,-0.030756788273576332
-0.011111111111111113,-16.666666666666664,-3.333333333333333,-0.33333333333333337,-0.030756788273576332
-0.011111111111111113,-16.666666666666664,-1.1111111111111107,-0.33333333333333337,-0.030756788273576332
-0.011111111111111113,-16.666666666666664,1.1111111111111107,-0.33333333333333337,0.030756788273576332
-0.011111111111111113,-16.666666666666664,3.333333333333334,-0.33333333333333337,0.030756788273576332
-0.011111111111111113,-16.666666666666664,5.555555555555557,-0.33333333333333337,0.030756788273576332
-0.011111111111111113,-16.666666666666664,7.777777777777779,-0.33333333333333337,0.030756788273576332
-0.011111111111111113,-16.666666666666664,10.0,-0.33333333333333337,0.030756788273576332
-0.011111111111111113,-10.0,-10.0,-0.33333333333333337,-0.030756788273576332
-0.011111111111111113,-10.0,-7.777777777777778,-0.33333333333333337,-0.030756788273576332
-0.011111111111111113,-10.0,-5.555555555555555,-0.33333333333333337,-0.030756788273576332
-0.011111111111111113,-10.0,-3.333333333333333,-0.33333333333333337,-0.030756788273576332
-0.011111111111111113,-10.0,-1.1111111111111107,-0.33333333333333337,-0.030756788273576332
-0.011111111111111113,-10.0,1.1111111111111107,-0.33333333333333337,0.030756788273576332
-0.011111111111111113,-10.0,3.333333333333334,-0.33333333333333337,0.030756788273576332
-0.011111111111111113,-10.0,5.555555555555557,-0.33333333333333337,0.030756788273576332
-0.011111111111111113,-10.0,7.777777777777779,-0.33333333333333337,0.030756788273576332
-0.011111111111111113,-10.0,10.0,-0.33333333333333337,0.030756788273576332
-0.011111111111111113,-3.333333333333332,-10.0,-0.33333333333333337,-0.030756788273576332
-0.011111111111111113,-3.333333333333332,-7.777777777777778,-0.33333333333333337,-0.030756788273576332
-0.011111111111111113,-3.333333333333332,-5.555555555555555,-0.33333333333333337,-0.030756788273576332
-0.011111111111111113,-3.333333333333332,-3.333333333333333,-0.33333333333333337,-0.030756788273576332
-0.011111111111111113,-3.333333333333332,-1.1111111111111107,-0.33333333333333337,-0.030756788273576332
-0.011111111111111113,-3.333333333333332,1.1111111111111107,-0.33333333333333337,0.030756788273576332
-0.011111111111111113,-3.333333333333332,3.333333333333334,-0.33333333333333337,0.030756788273576332
-0.011111111111111113,-3.333333333333332,5.555555555555557,-0.33333333333333337,0.030756788273576332
-0.011111111111111113,-3.333333333333332,7.777777777777779,-0.33333333333333337,0.030756788273576332
-0.011111111111111113,-3.333333333333332,10.0,-0.33333333333333337,0.030756788273576332
-0.011111111111111113,3.3333333333333357,-10.0,-0.33333333333333337,-0.030756788273576332
-0.011111111111111113,3.3333333333333357,-7.777777777777778,-0.33333333333333337,-0.030756788273576332
-0.011111111111111113,3.3333333333333357,-5.555555555555555,-0.33333333333333337,-0.030756788273576332
-0.011111111111111113,3.3333333333333357,-3.333333333333333,-0.33333333333333337,-0.030756788273576332
-0.011111111111111113,3.3333333333333357,-1.1111111111111107,-0.33333333333333337,-0.030756788273576332
-0.011111111111111113,3.3333333333333357,1.1111111111111107,-0.33333333333333337,0.030756788273576332
-0.011111111111111113,3.3333333333333357,3.333333333333334,-0.33333333333333337,0.030756788273576332
-0.011111111111111113,3.3333333333333357,5.555555555555557,-0.33333333333333337,0.030756788273576332
-0.011111111111111113,3.3333333333333357,7.777777777777779,-0.33333333333333337,0.030756788273576332
-0.011111111111111113,3.3333333333333357,10.0,-0.33333333333333337,0.030756788273576332
-0.011111111111111113,10.0,-10.0,-0.33333333333333337,-0.030756788273576332
-0.011111111111111113,10.0,-7.777777777777778,-0.33333333333333337,-0.030756788273576332
-0.011111111111111113,10.0,-5.555555555555555,-0.33333333333333337,-0.030756788273576332
-0.011111111111111113,10.0,-3.333333333333333,-0.33333333333333337,-0.030756788273576332
-0.011111111111111113,10.0,-1.1111111111111107,-0.33333333333333337,-0.030756788273576332
-0.011111111111111113,10.0,1.1111111111111107,-0.33333333333333337,0.030756788273576332
-0.011111111111111113,10.0,3.333333333333334,-0.33333333333333337,0.030756788273576332
-0.011111111111111113,10.0,5.555555555555557,-0.33333333333333337,0.030756788273576332
-0.011111111111111113,10.0,7.777777777777779,-0.33333333333333337,0.030756788273576332
-0.011111111111111113,10.0,10.0,-0.33333333333333337,0.030756788273576332
-0.011111111111111113,16.66666666666667,-10.0,-0.33333333333333337,-0.030756788273576332
-0.011111111111111113,16.66666666666667,-7.777777777777778,-0.33333333333333337,-0.030756788273576332
-0.011111111111111113,16.66666666666667,-5.555555555555555,-0.33333333333333337,-0.030756788273576332
-0.011111111111111113,16.66666666666667,-3.333333333333333,-0.33333333333333337,-0.030756788273576332
-0.011111111111111113,16.66666666666667,-1.1111111111111107,-0.33333333333333337,-0.030756788273576332
-0.011111111111111113,16.66666666666667,1.1111111111111107,-0.33333333333333337,0.030756788273576332
-0.011111111111111113,16.66666666666667,3.333333333333334,-0.33333333333333337,0.030756788273576332
-0.011111111111111113,16.66666666666667,5.555555555555557,-0.33333333333333337,0.030756788273576332
-0.011111111111111113,16.66666666666667,7.777777777777779,-0.33333333333333337,0.030756788273576332
-0.011111111111111113,16.66666666666667,10.0,-0.33333333333333337,0.030756788273576332
-0.011111111111111113,23.333333333333336,-10.0,-0.33333333333333337,-0.030756788273576332
-0.011111111111111113,23.333333333333336,-7.777777777777778,-0.33333333333333337,-0.030756788273576332
-0.011111111111111113,23.333333333333336,-5.555555555555555,-0.33333333333333337,-0.030756788273576332
-0.011111111111111113,23.333333333333336,-3.333333333333333,-0.33333333333333337,-0.030756788273576332
-0.011111111111111113,23.333333333333336,-1.1111111111111107,-0.33333333333333337,-0.030756788273576332
-0.011111111111111113,23.333333333333336,1.1111111111111107,-0.33333333333333337,0.030756788273576332
-0.011111111111111113,23.333333333333336,3.333333333333334,-0.33333333333333337,0.030756788273576332
-0.011111111111111113,23.333333333333336,5.555555555555557,-0.33333333333333337,0.030756788273576332
-0.011111111111111113,23.333333333333336,7.777777777777779,-0.33333333333333337,0.030756788273576332
-0.011111111111111113,23.333333333333336,10.0,-0.33333333333333337,0.030756788273576332
-0.011111111111111113,30.0,-10.0,-0.33333333333333337,-0.030756788273576332
-0.011111111111111113,30.0,-7.777777777777778,-0.33333333333333337,-0.030756788273576332
-0.011111111111111113,30.0,-5.555555555555555,-0.33333333333333337,-0.030756788273576332
-0.011111111111111113,30.0,-3.333333333333333,-0.33333333333333337,-0.030756788273576332
-0.011111111111111113,30.0,-1.1111111111111107,-0.33333333333333337,-0.030756788273576332
-0.011111111111111113,30.0,1.1111111111111107,-0.33333333333333337,0.030756788273576332
-0.011111111111111113,30.0,3.333333333333334,-0.33333333333333337,0.030756788273576332
-0.011111111111111113,30.0,5.555555555555557,-0.33333333333333337,0.030756788273576332
-0.011111111111111113,30.0,7.777777777777779,-0.33333333333333337,0.030756788273576332
-0.011111111111111113,30.0,10.0,-0.33333333333333337,0.030756788273576332
0.011111111111111113,-30.0,-10.0,-0.33333333333333337,-0.030756788273576332
0.011111111111111113,-30.0,-7.777777777777778,-0.33333333333333337,-0.030756788273576332
0.011111111111111113,-30.0,-5.555555555555555,-0.33333333333333337,-0.030756788273576332
0.011111111111111113,-30.0,-3.333333333333333,-0.33333333333333337,-0.030756788273576332
0.011111111111111113,-30.0,-1.1111111111111107,-0.33333333333333337,-0.030756788273576332
0.011111111111111113,-30.0,1.1111111111111107,-0.33333333333333337,0.030756788273576332
0.011111111111111113,-30.0,3.333333333333334,-0.33333333333333337,0.030756788273576332
0.011111111111111113,-30.0,5.555555555555557,-0.33333333333333337,0.030756788273576332
0.011111111111111113,-30.0,7.777777777777779,-0.33333333333333337,0.030756788273576332
0.011111111111111113,-30.0,10.0,-0.33333333333333337,0.030756788273576332
0.011111111111111113,-23.333333333333332,-10.0,-0.33333333333333337,-0.030756788273576332
0.011111111111111113,-23.333333333333332,-7.777777777777778,-0.33333333333333337,-0.030756788273576332
0.011111111111111113,-23.333333333333332,-5.555555555555555,-0.33333333333333337,-0.030756788273576332
0.011111111111111113,-23.333333333333332,-3.333333333333333,-0.33333333333333337,-0.030756788273576332
0.011111111111111113,-23.333333333333332,-1.1111111111111107,-0.33333333333333337,-0.030756788273576332
0.011111111111111113,-23.333333333333332,1.1111111111111107,-0.33333333333333337,0.030756788273576332
0.011111111111111113,-23.333333333333332,3.333333333333334,-0.33333333333333337,0.030756788273576332
0.011111111111111113,-23.333333333333332,5.555555555555557,-0.33333333333333337,0.030756788273576332
0.011111111111111113,-23.333333333333332,7.777777777777779,-0.33333333333333337,0.030756788273576332
0.011111111111111113,-23.333333333333332,10.0,-0.33333333333333337,0.030756788273576332
0.011111111111111113,-16.666666666666664,-10.0,-0.33333333333333337,-0.030756788273576332
0.011111111111111113,-16.666666666666664,-7.777777777777778,-0.33333333333333337,-0.030756788273576332
0.011111111111111113,-16.666666666666664,-5.555555555555555,-0.33333333333333337,-0.030756788273576332
0.011111111111111113,-16.666666666666664,-3.333333333333333,-0.33333333333333337,-0.030756788273576332
0.011111111111111113,-16.666666666666664,-1.1111111111111107,-0.33333333333333337,-0.030756788273576332
0.011111111111111113,-16.666666666666664,1.1111111111111107,-0.33333333333333337,0.030756788273576332
0.011111111111111113,-16.666666666666664,3.333333333333334,-0.33333333333333337,0.030756788273576332
0.011111111111111113,-16.666666666666664,5.555555555555557,-0.33333333333333337,0.030756788273576332
0.011111111111111113,-16.666666666666664,7.777777777777779,-0.33333333333333337,0.030756788273576332
0.011111111111111113,-16.666666666666664,10.0,-0.33333333333333337,0.030756788273576332
0.011111111111111113,-10.0,-10.0,-0.33333333333333337,-0.030756788273576332
0.011111111111111113,-10.0,-7.777777777777778,-0.33333333333333337,-0.030756788273576332
0.011111111111111113,-10.0,-5.555555555555555,-0.33333333333333337,-0.030756788273576332
0.011111111111111113,-10.0,-3.333333333333333,-0.33333333333333337,-0.030756788273576332
0.011111111111111113,-10.0,-1.1111111111111107,-0.33333333333333337,-0.030756788273576332
0.011111111111111113,-10.0,1.1111111111111107,-0.33333333333333337,0.030756788273576332
0.011111111111111113,-10.0,3.333333333333334,-0.33333333333333337,0.030756788273576332
0.011111111111111113,-10.0,5.555555555555557,-0.33333333333333337,0.030756788273576332
0.011111111111111113,-10.0,7.777777777777779,-0.33333333333333337,0.030756788273576332
0.011111111111111113,-10.0,10.0,-0.33333333333333337,0.030756788273576332
0.011111111111111113,-3.333333333333332,-10.0,-0.33333333333333337,-0.030756788273576332
0.011111111111111113,-3.333333333333332,-7.777777777777778,-0.33333333333333337,-0.030756788273576332
0.011111111111111113,-3.333333333333332,-5.555555555555555,-0.33333333333333337,-0.030756788273576332
0.011111111111111113,-3.333333333333332,-3.333333333333333,-0.33333333333333337,-0.030756788273576332
0.011111111111111113,-3.333333333333332,-1.1111111111111107,-0.33333333333333337,-0.030756788273576332
0.011111111111111113,-3.333333333333332,1.1111111111111107,-0.33333333333333337,0.030756788273576332
0.011111111111111113,-3.333333333333332,3.333333333333334,-0.33333333333333337,0.030756788273576332
0.011111111111111113,-3.333333333333332,5.555555555555557,-0.33333333333333337,0.030756788273576332
0.011111111111111113,-3.333333333333332,7.777777777777779,-0.33333333333333337,0.030756788273576332
0.011111111111111113,-3.333333333333332,10.0,-0.33333333333333337,0.030756788273576332
0.011111111111111113,3.3333333333333357,-10.0,-0.33333333333333337,-0.030756788273576332
0.011111111111111113,3.3333333333333357,-7.777777777777778,-0.33333333333333337,-0.030756788273576332
0.011111111111111113,3.3333333333333357,-5.555555555555555,-0.33333333333333337,-0.030756788273576332
0.011111111111111113,3.3333333333333357,-3.333333333333333,-0.33333333333333337,-0.030756788273576332
0.011111111111111113,3.3333333333333357,-1.1111111111111107,-0.33333333333333337,-0.030756788273576332
0.011111111111111113,3.3333333333333357,1.1111111111111107,-0.33333333333333337,0.030756788273576332
0.011111111111111113,3.3333333333333357,3.333333333333334,-0.33333333333333337,0.030756788273576332
0.011111111111111113,3.3333333333333357,5.555555555555557,-0.33333333333333337,0.030756788273576332
0.011111111111111113,3.3333333333333357,7.777777777777779,-0.33333333333333337,0.030756788273576332
0.011111111111111113,3.3333333333333357,10.0,-0.33333333333333337,0.030756788273576332
0.011111111111111113,10.0,-10.0,-0.33333333333333337,-0.030756788273576332
0.011111111111111113,10.0,-7.777777777777778,-0.33333333333333337,-0.030756788273576332
0.011111111111111113,10.0,-5.555555555555555,-0.33333333333333337,-0.030756788273576332
0.011111111111111113,10.0,-3.333333333333333,-0.33333333333333337,-0.030756788273576332
0.011111111111111113,10.0,-1.1111111111111107,-0.33333333333333337,-0.030756788273576332
0.011111111111111113,10.0,1.1111111111111107,-0.33333333333333337,0.030756788273576332
0.011111111111111113,10.0,3.333333333333334,-0.33333333333333337,0.030756788273576332
0.011111111111111113,10.0,5.555555555555557,-0.33333333333333337,0.030756788273576332
0.011111111111111113,10.0,7.777777777777779,-0.33333333333333337,0.030756788273576332
0.011111111111111113,10.0,10.0,-0.33333333333333337,0.030756788273576332
0.011111111111111113,16.66666666666667,-10.0,-0.33333333333333337,-0.030756788273576332
0.011111111111111113,16.66666666666667,-7.777777777777778,-0.33333333333333337,-0.030756788273576332
0.011111111111111113,16.66666666666667,-5.555555555555555,-0.33333333333333337,-0.030756788273576332
0.011111111111111113,16.66666666666667,-3.333333333333333,-0.33333333333333337,-0.030756788273576332
0.011111111111111113,16.66666666666667,-1.1111111111111107,-0.33333333333333337,-0.030756788273576332
0.011111111111111113,16.66666666666667,1.1111111111111107,-0.33333333333333337,0.030756788273576332
0.011111111111111113,16.66666666666667,3.333333333333334,-0.33333333333333337,0.030756788273576332
0.011111111111111113,16.66666666666667,5.555555555555557,-0.33333333333333337,0.030756788273576332
0.011111111111111113,16.66666666666667,7.777777777777779,-0.33333333333333337,0.030756788273576332
0.011111111111111113,16.66666666666667,10.0,-0.33333333333333337,0.030756788273576332
0.011111111111111113,23.333333333333336,-10.0,-0.33333333333333337,-0.030756788273576332
0.011111111111111113,23.333333333333336,-7.777777777777778,-0.33333333333333337,-0.030756788273576332
0.011111111111111113,23.333333333333336,-5.555555555555555,-0.33333333333333337,-0.030756788273576332
0.011111111111111113,23.333333333333336,-3.333333333333333,-0.33333333333333337,-0.030756788273576332
0.011111111111111113,23.333333333333336,-1.1111111111111107,-0.33333333333333337,-0.030756788273576332
0.011111111111111113,23.333333333333336,1.1111111111111107,-0.33333333333333337,0.030756788273576332
0.011111111111111113,23.333333333333336,3.333333333333334,-0.33333333333333337,0.030756788273576332
0.011111111111111113,23.333333333333336,5.555555555555557,-0.33333333333333337,0.030756788273576332
0.011111111111111113,23.333333333333336,7.777777777777779,-0.33333333333333337,0.030756788273576332
0.011111111111111113,23.333333333333336,10.0,-0.33333333333333337,0.030756788273576332
0.011111111111111113,30.0,-10.0,-0.33333333333333337,-0.030756788273576332
0.011111111111111113,30.0,-7.777777777777778,-0.33333333333333337,-0.030756788273576332
0.011111111111111113,30.0,-5.555555555555555,-0.33333333333333337,-0.030756788273576332
0.011111111111111113,30.0,-3.333333333333333,-0.33333333333333337,-0.030756788273576332
0.011111111111111113,30.0,-1.1111111111111107,-0.33333333333333337,-0.030756788273576332
0.011111111111111113,30.0,1.1111111111111107,-0.33333333333333337,0.030756788273576332
0.011111111111111113,30.0,3.333333333333334,-0.33333333333333337,0.030756788273576332
0.011111111111111113,30.0,5.555555555555557,-0.33333333333333337,0.030756788273576332
0.011111111111111113,30.0,7.777777777777779,-0.33333333333333337,0.030756788273576332
0.011111111111111113,30.0,10.0,-0.33333333333333337,0.030756788273576332
0.033333333333333326,-30.0,-10.0,-0.33333333333333337,-0.0019312107155409846
0.033333333333333326,-30.0,-7.777777777777778,-0.33333333333333337,-0.0019312107155409846
0.033333333333333326,-30.0,-5.555555555555555,-0.33333333333333337,-0.0019312107155409846
0.033333333333333326,-30.0,-3.333333333333333,-0.33333333333333337,-0.0019312107155409846
0.033333333333333326,-30.0,-1.1111111111111107,-0.33333333333333337,-0.0019312107155409846
0.033333333333333326,-30.0,1.1111111111111107,-0.33333333333333337,0.0019312107155409846
0.033333333333333326,-30.0,3.333333333333334,-0.33333333333333337,0.0019312107155409846
0.033333333333333326,-30.0,5.555555555555557,-0.33333333333333337,0.0019312107155409846
0.033333333333333326,-30.0,7.777777777777779,-0.33333333333333337,0.0019312107155409846
0.033333333333333326,-30.0,10.0,-0.33333333333333337,0.0019312107155409846
0.033333333333333326,-23.333333333333332,-10.0,-0.33333333333333337,-0.0019312107155409846
0.033333333333333326,-23.333333333333332,-7.777777777777778,-0.33333333333333337,-0.0019312107155409846
0.033333333333333326,-23.333333333333332,-5.555555555555555,-0.33333333333333337,-0.0019312107155409846
0.033333333333333326,-23.333333333333332,-3.333333333333333,-0.33333333333333337,-0.0019312107155409846
0.033333333333333326,-23.333333333333332,-1.1111111111111107,-0.33333333333333337,-0.0019312107155409846
0.033333333333333326,-23.333333333333332,1.1111111111111107,-0.33333333333333337,0.0019312107155409846
0.033333333333333326,-23.333333333333332,3.333333333333334,-0.33333333333333337,0.0019312107155409846
0.033333333333333326,-23.333333333333332,5.555555555555557,-0.33333333333333337,0.0019312107155409846
0.033333333333333326,-23.333333333333332,7.777777777777779,-0.33333333333333337,0.0019312107155409846
0.033333333333333326,-23.333333333333332,10.0,-0.33333333333333337,0.0019312107155409846
0.033333333333333326,-16.666666666666664,-10.0,-0.33333333333333337,-0.0019312107155409846
0.033333333333333326,-16.666666666666664,-7.777777777777778,-0.33333333333333337,-0.0019312107155409846
0.033333333333333326,-16.666666666666664,-5.555555555555555,-0.33333333333333337,-0.0019312107155409846
0.033333333333333326,-16.666666666666664,-3.333333333333333,-0.33333333333333337,-0.0019312107155409846
0.033333333333333326,-16.666666666666664,-1.1111111111111107,-0.33333333333333337,-0.0019312107155409846
0.033333333333333326,-16.666666666666664,1.1111111111111107,-0.33333333333333337,0.0019312107155409846
0.033333333333333326,-16.666666666666664,3.333333333333334,-0.33333333333333337,0.0019312107155409846
0.033333333333333326,-16.666666666666664,5.555555555555557,-0.33333333333333337,0.0019312107155409846
0.033333333333333326,-16.666666666666664,7.777777777777779,-0.33333333333333337,0.0019312107155409846
0.033333333333333326,-16.666666666666664,10.0,-0.33333333333333337,0.0019312107155409846
0.033333333333333326,-10.0,-10.0,-0.33333333333333337,-0.0019312107155409846
0.033333333333333326,-10.0,-7.777777777777778,-0.33333333333333337,-0.0019312107155409846
0.033333333333333326,-10.0,-5.555555555555555,-0.33333333333333337,-0.0019312107155409846
0.033333333333333326,-10.0,-3.333333333333333,-0.33333333333333337,-0.0019312107155409846
0.033333333333333326,-10.0,-1.1111111111111107,-0.33333333333333337,-0.0019312107155409846
0.033333333333333326,-10.0,1.1111111111111107,-0.33333333333333337,0.0019312107155409846
0.033333333333333326,-10.0,3.333333333333334,-0.33333333333333337,0.0019312107155409846
0.033333333333333326,-10.0,5.555555555555557,-0.33333333333333337,0.0019312107155409846
0.033333333333333326,-10.0,7.777777777777779,-0.33333333333333337,0.0019312107155409846
0.033333333333333326,-10.0,10.0,-0.33333333333333337,0.0019312107155409846
0.033333333333333326,-3.333333333333332,-10.0,-0.33333333333333337,-0.0019312107155409846
0.033333333333333326,-3.333333333333332,-7.777777777777778,-0.33333333333333337,-0.0019312107155409846
0.033333333333333326,-3.333333333333332,-5.555555555555555,-0.33333333333333337,-0.0019312107155409846
0.033333333333333326,-3.333333333333332,-3.333333333333333,-0.33333333333333337,-0.0019312107155409846
0.033333333333333326,-3.333333333333332,-1.1111111111111107,-0.33333333333333337,-0.0019312107155409846
0.033333333333333326,-3.333333333333332,1.1111111111111107,-0.33333333333333337,0.0019312107155409846
0.033333333333333326,-3.333333333333332,3.333333333333334,-0.33333333333333337,0.0019312107155409846
0.033333333333333326,-3.333333333333332,5.555555555555557,-0.33333333333333337,0.0019312107155409846
0.033333333333333326,-3.333333333333332,7.777777777777779,-0.33333333333333337,0.0019312107155409846
0.033333333333333326,-3.333333333333332,10.0,-0.33333333333333337,0.0019312107155409846
0.033333333333333326,3.3333333333333357,-10.0,-0.33333333333333337,-0.0019312107155409846
0.033333333333333326,3.3333333333333357,-7.777777777777778,-0.33333333333333337,-0.0019312107155409846
0.033333333333333326,3.3333333333333357,-5.555555555555555,-0.33333333333333337,-0.0019312107155409846
0.033333333333333326,3.3333333333333357,-3.333333333333333,-0.33333333333333337,-0.0019312107155409846
0.033333333333333326,3.3333333333333357,-1.1111111111111107,-0.33333333333333337,-0.0019312107155409846
0.033333333333333326,3.3333333333333357,1.1111111111111107,-0.33333333333333337,0.0019312107155409846
0.033333333333333326,3.3333333333333357,3.333333333333334,-0.33333333333333337,0.0019312107155409846
0.033333333333333326,3.3333333333333357,5.555555555555557,-0.33333333333333337,0.0019312107155409846
0.033333333333333326,3.3333333333333357,7.777777777777779,-0.33333333333333337,0.0019312107155409846
0.033333333333333326,3.3333333333333357,10.0,-0.33333333333333337,0.0019312107155409846
0.033333333333333326,10.0,-10.0,-0.33333333333333337,-0.0019312107155409846
0.033333333333333326,10.0,-7.777777777777778,-0.33333333333333337,-0.0019312107155409846
0.033333333333333326,10.0,-5.555555555555555,-0.33333333333333337,-0.0019312107155409846
0.033333333333333326,10.0,-3.333333333333333,-0.33333333333333337,-0.0019312107155409846
0.033333333333333326,10.0,-1.1111111111111107,-0.33333333333333337,-0.0019312107155409846
0.033333333333333326,10.0,1.1111111111111107,-0.33333333333333337,0.0019312107155409846
0.033333333333333326,10.0,3.333333333333334,-0.33333333333333337,0.0019312107155409846
0.033333333333333326,10.0,5.555555555555557,-0.33333333333333337,0.0019312107155409846
0.033333333333333326,10.0,7.777777777777779,-0.33333333333333337,0.0019312107155409846
0.033333333333333326,10.0,10.0,-0.33333333333333337,0.0019312107155409846
0.033333333333333326,16.66666666666667,-10.0,-0.33333333333333337,-0.0019312107155409846
0.033333333333333326,16.66666666666667,-7.777777777777778,-0.33333333333333337,-0.0019312107155409846
0.033333333333333326,16.66666666666667,-5.555555555555555,-0.33333333333333337,-0.0019312107155409846
0.033333333333333326,16.66666666666667,-3.333333333333333,-0.33333333333333337,-0.0019312107155409846
0.033333333333333326,16.66666666666667,-1.1111111111111107,-0.33333333333333337,-0.0019312107155409846
0.033333333333333326,16.66666666666667,1.1111111111111107,-0.33333333333333337,0.0019312107155409846
0.033333333333333326,16.66666666666667,3.333333333333334,-0.33333333333333337,0.0019312107155409846
0.033333333333333326,16.66666666666667,5.555555555555557,-0.33333333333333337,0.0019312107155409846
0.033333333333333326,16.66666666666667,7.777777777777779,-0.33333333333333337,0.0019312107155409846
0.033333333333333326,16.66666666666667,10.0,-0.33333333333333337,0.0019312107155409846
0.033333333333333326,23.333333333333336,-10.0,-0.33333333333333337,-0.0019312107155409846
0.033333333333333326,23.333333333333336,-7.777777777777778,-0.33333333333333337,-0.0019312107155409846
0.033333333333333326,23.333333333333336,-5.555555555555555,-0.33333333333333337,-0.0019312107155409846
0.033333333333333326,23.333333333333336,-3.333333333333333,-0.33333333333333337,-0.0019312107155409846
0.033333333333333326,23.333333333333336,-1.1111111111111107,-0.33333333333333337,-0.0019312107155409846
0.033333333333333326,23.333333333333336,1.1111111111111107,-0.33333333333333337,0.0019312107155409846
0.033333333333333326,23.333333333333336,3.333333333333334,-0.33333333333333337,0.0019312107155409846
0.033333333333333326,23.333333333333336,5.555555555555557,-0.33333333333333337,0.0019312107155409846
0.033333333333333326,23.333333333333336,7.777777777777779,-0.33333333333333337,0.0019312107155409846
0.033333333333333326,23.333333333333336,10.0,-0.33333333333333337,0.0019312107155409846
0.033333333333333326,30.0,-10.0,-0.33333333333333337,-0.0019312107155409846
0.033333333333333326,30.0,-7.777777777777778,-0.33333333333333337,-0.0019312107155409846
0.033333333333333326,30.0,-5.555555555555555,-0.33333333333333337,-0.0019312107155409846
0.033333333333333326,30.0,-3.333333333333333,-0.33333333333333337,-0.0019312107155409846
0.033333333333333326,30.0,-1.1111111111111107,-0.33333333333333337,-0.0019312107155409846
0.033333333333333326,30.0,1.1111111111111107,-0.33333333333333337,0.0019312107155409846
0.033333333333333326,30.0,3.333333333333334,-0.33333333333333337,0.0019312107155409846
0.033333333333333326,30.0,5.555555555555557,-0.33333333333333337,0.0019312107155409846
0.033333333333333326,30.0,7.777777777777779,-0.33333333333333337,0.0019312107155409846
0.033333333333333326,30.0,10.0,-0.33333333333333337,0.0019312107155409846
0.05555555555555555,-30.0,-10.0,-0.33333333333333337,-9.610223811690907e-05
0.05555555555555555,-30.0,-7.777777777777778,-0.33333333333333337,-9.610223811690907e-05
0.05555555555555555,-30.0,-5.555555555555555,-0.33333333333333337,-9.610223811690907e-05
0.05555555555555555,-30.0,-3.333333333333333,-0.33333333333333337,-9.610223811690907e-05
0.05555555555555555,-30.0,-1.1111111111111107,-0.33333333333333337,-9.610223811690907e-05
0.05555555555555555,-30.0,1.1111111111111107,-0.33333333333333337,9.610223811690907e-05
0.05555555555555555,-30.0,3.333333333333334,-0.33333333333333337,9.610223811690907e-05
0.05555555555555555,-30.0,5.555555555555557,-0.33333333333333337,9.610223811690907e-05
0.05555555555555555,-30.0,7.777777777777779,-0.33333333333333337,9.610223811690907e-05
0.05555555555555555,-30.0,10.0,-0.33333333333333337,9.610223811690907e-05
0.05555555555555555,-23.333333333333332,-10.0,-0.33333333333333337,-9.610223811690907e-05
0.05555555555555555,-23.333333333333332,-7.777777777777778,-0.33333333333333337,-9.610223811690907e-05
0.05555555555555555,-23.333333333333332,-5.555555555555555,-0.33333333333333337,-9.610223811690907e-05
0.05555555555555555,-23.333333333333332,-3.333333333333333,-0.33333333333333337,-9.610223811690907e-05
0.05555555555555555,-23.333333333333332,-1.1111111111111107,-0.33333333333333337,-9.610223811690907e-05
0.05555555555555555,-23.333333333333332,1.1111111111111107,-0.33333333333333337,9.610223811690907e-05
0.05555555555555555,-23.333333333333332,3.333333333333334,-0.33333333333333337,9.610223811690907e-05
0.05555555555555555,-23.333333333333332,5.555555555555557,-0.33333333333333337,9.610223811690907e-05
0.05555555555555555,-23.333333333333332,7.777777777777779,-0.33333333333333337,9.610223811690907e-05
0.05555555555555555,-23.333333333333332,10.0,-0.33333333333333337,9.610223811690907e-05
0.05555555555555555,-16.666666666666664,-10.0,-0.33333333333333337,-9.610223811690907e-05
0.05555555555555555,-16.666666666666664,-7.777777777777778,-0.33333333333333337,-9.610223811690907e-05
0.05555555555555555,-16.666666666666664,-5.555555555555555,-0.33333333333333337,-9.610223811690907e-05
0.05555555555555555,-16.666666666666664,-3.333333333333333,-0.33333333333333337,-9.610223811690907e-05
0.05555555555555555,-16.666666666666664,-1.1111111111111107,-0.33333333333333337,-9.610223811690907e-05
0.05555555555555555,-16.666666666666664,1.1111111111111107,-0.33333333333333337,9.610223811690907e-05
0.05555555555555555,-16.666666666666664,3.333333333333334,-0.33333333333333337,9.610223811690907e-05
0.05555555555555555,-16.666666666666664,5.555555555555557,-0.33333333333333337,9.610223811690907e-05
0.05555555555555555,-16.666666666666664,7.777777777777779,-0.33333333333333337,9.610223811690907e-05
0.05555555555555555,-16.666666666666664,10.0,-0.33333333333333337,9.610223811690907e-05
0.05555555555555555,-10.0,-10.0,-0.33333333333333337,-9.610223811690907e-05
0.05555555555555555,-10.0,-7.777777777777778,-0.33333333333333337,-9.610223811690907e-05
0.05555555555555555,-10.0,-5.555555555555555,-0.33333333333333337,-9.610223811690907e-05
0.05555555555555555,-10.0,-3.333333333333333,-0.33333333333333337,-9.610223811690907e-05
0.05555555555555555,-10.0,-1.1111111111111107,-0.33333333333333337,-9.610223811690907e-05
0.05555555555555555,-10.0,1.1111111111111107,-0.33333333333333337,9.610223811690907e-05
0.05555555555555555,-10.0,3.333333333333334,-0.33333333333333337,9.610223811690907e-05
0.05555555555555555,-10.0,5.555555555555557,-0.33333333333333337,9.610223811690907e-05
0.05555555555555555,-10.0,7.777777777777779,-0.33333333333333337,9.610223811690907e-05
0.05555555555555555,-10.0,10.0,-0.33333333333333337,9.610223811690907e-05
0.05555555555555555,-3.333333333333332,-10.0,-0.33333333333333337,-9.610223811690907e-05
0.05555555555555555,-3.333333333333332,-7.777777777777778,-0.33333333333333337,-9.610223811690907e-05
0.05555555555555555,-3.333333333333332,-5.555555555555555,-0.33333333333333337,-9.610223811690907e-05
0.05555555555555555,-3.333333333333332,-3.333333333333333,-0.33333333333333337,-9.610223811690907e-05
0.05555555555555555,-3.333333333333332,-1.1111111111111107,-0.33333333333333337,-9.610223811690907e-05
0.05555555555555555,-3.333333333333332,1.1111111111111107,-0.33333333333333337,9.610223811690907e-05
0.05555555555555555,-3.333333333333332,3.333333333333334,-0.33333333333333337,9.610223811690907e-05
0.05555555555555555,-3.333333333333332,5.555555555555557,-0.33333333333333337,9.610223811690907e-05
0.05555555555555555,-3.333333333333332,7.777777777777779,-0.33333333333333337,9.610223811690907e-05
0.05555555555555555,-3.333333333333332,10.0,-0.33333333333333337,9.610223811690907e-05
0.05555555555555555,3.3333333333333357,-10.0,-0.33333333333333337,-9.610223811690907e-05
0.05555555555555555,3.3333333333333357,-7.777777777777778,-0.33333333333333337,-9.610223811690907e-05
0.05555555555555555,3.3333333333333357,-5.555555555555555,-0.33333333333333337,-9.610223811690907e-05
0.05555555555555555,3.3333333333333357,-3.333333333333333,-0.33333333333333337,-9.610223811690907e-05
0.05555555555555555,3.3333333333333357,-1.1111111111111107,-0.33333333333333337,-9.610223811690907e-05
0.05555555555555555,3.3333333333333357,1.1111111111111107,-0.33333333333333337,9.610223811690907e-05
0.05555555555555555,3.3333333333333357,3.333333333333334,-0.33333333333333337,9.610223811690907e-05
0.05555555555555555,3.3333333333333357,5.555555555555557,-0.33333333333333337,9.610223811690907e-05
0.05555555555555555,3.3333333333333357,7.777777777777779,-0.33333333333333337,9.610223811690907e-05
0.05555555555555555,3.3333333333333357,10.0,-0.33333333333333337,9.610223811690907e-05
0.05555555555555555,10.0,-10.0,-0.33333333333333337,-9.610223811690907e-05
0.05555555555555555,10.0,-7.777777777777778,-0.33333333333333337,-9.610223811690907e-05
0.05555555555555555,10.0,-5.555555555555555,-0.33333333333333337,-9.610223811690907e-05
0.05555555555555555,10.0,-3.333333333333333,-0.33333333333333337,-9.610223811690907e-05
0.05555555555555555,10.0,-1.1111111111111107,-0.33333333333333337,-9.610223811690907e-05
0.05555555555555555,10.0,1.1111111111111107,-0.33333333333333337,9.610223811690907e-05
0.05555555555555555,10.0,3.333333333333334,-0.33333333333333337,9.610223811690907e-05
0.05555555555555555,10.0,5.555555555555557,-0.33333333333333337,9.610223811690907e-05
0.05555555555555555,10.0,7.777777777777779,-0.33333333333333337,9.610223811690907e-05
0.05555555555555555,10.0,10.0,-0.33333333333333337,9.610223811690907e-05
0.05555555555555555,16.66666666666667,-10.0,-0.33333333333333337,-9.610223811690907e-05
0.05555555555555555,16.66666666666667,-7.777777777777778,-0.33333333333333337,-9.610223811690907e-05
0.05555555555555555,16.66666666666667,-5.555555555555555,-0.33333333333333337,-9.610223811690907e-05
0.05555555555555555,16.66666666666667,-3.333333333333333,-0.33333333333333337,-9.610223811690907e-05
0.05555555555555555,16.66666666666667,-1.1111111111111107,-0.33333333333333337,-9.610223811690907e-05
0.05555555555555555,16.66666666666667,1.1111111111111107,-0.33333333333333337,9.610223811690907e-05
0.05555555555555555,16.66666666666667,3.333333333333334,-0.33333333333333337,9.610223811690907e-05
0.05555555555555555,16.66666666666667,5.555555555555557,-0.33333333333333337,9.610223811690907e-05
0.05555555555555555,16.66666666666667,7.777777777777779,-0.33333333333333337,9.610223811690907e-05
0.05555555555555555,16.66666666666667,10.0,-0.33333333333333337,9.610223811690907e-05
0.05555555555555555,23.333333333333336,-10.0,-0.33333333333333337,-9.610223811690907e-05
0.05555555555555555,23.333333333333336,-7.777777777777778,-0.33333333333333337,-9.610223811690907e-05
0.05555555555555555,23.333333333333336,-5.555555555555555,-0.33333333333333337,-9.610223811690907e-05
0.05555555555555555,23.333333333333336,-3.333333333333333,-0.33333333333333337,-9.610223811690907e-05
0.05555555555555555,23.333333333333336,-1.1111111111111107,-0.33333333333333337,-9.610223811690907e-05
0.05555555555555555,23.333333333333336,1.1111111111111107,-0.33333333333333337,9.610223811690907e-05
0.05555555555555555,23.333333333333336,3.333333333333334,-0.33333333333333337,9.610223811690907e-05
0.05555555555555555,23.333333333333336,5.555555555555557,-0.33333333333333337,9.610223811690907e-05
0.05555555555555555,23.333333333333336,7.777777777777779,-0.33333333333333337,9.610223811690907e-05
0.05555555555555555,23.333333333333336,10.0,-0.33333333333333337,9.610223811690907e-05
0.05555555555555555,30.0,-10.0,-0.33333333333333337,-9.610223811690907e-05
0.05555555555555555,30.0,-7.777777777777778,-0.33333333333333337,-9.610223811690907e-05
0.05555555555555555,30.0,-5.555555555555555,-0.33333333333333337,-9.610223811690907e-05
0.05555555555555555,30.0,-3.333333333333333,-0.33333333333333337,-9.610223811690907e-05
0.05555555555555555,30.0,-1.1111111111111107,-0.33333333333333337,-9.610223811690907e-05
0.05555555555555555,30.0,1.1111111111111107,-0.33333333333333337,9.610223811690907e-05
0.05555555555555555,30.0,3.333333333333334,-0.33333333333333337,9.610223811690907e-05
0.05555555555555555,30.0,5.555555555555557,-0.33333333333333337,9.610223811690907e-05
0.05555555555555555,30.0,7.777777777777779,-0.33333333333333337,9.610223811690907e-05
0.05555555555555555,30.0,10.0,-0.33333333333333337,9.610223811690907e-05
0.07777777777777778,-30.0,-10.0,-0.33333333333333337,-0.0
0.07777777777777778,-30.0,-7.777777777777778,-0.33333333333333337,-0.0
0.07777777777777778,-30.0,-5.555555555555555,-0.33333333333333337,-0.0
0.07777777777777778,-30.0,-3.333333333333333,-0.33333333333333337,-0.0
0.07777777777777778,-30.0,-1.1111111111111107,-0.33333333333333337,-0.0
0.07777777777777778,-30.0,1.1111111111111107,-0.33333333333333337,0.0
0.07777777777777778,-30.0,3.333333333333334,-0.33333333333333337,0.0
0.07777777777777778,-30.0,5.555555555555557,-0.33333333333333337,0.0
0.07777777777777778,-30.0,7.777777777777779,-0.33333333333333337,0.0
0.07777777777777778,-30.0,10.0,-0.33333333333333337,0.0
0.07777777777777778,-23.333333333333332,-10.0,-0.33333333333333337,-0.0
0.07777777777777778,-23.333333333333332,-7.777777777777778,-0.33333333333333337,-0.0
0.07777777777777778,-23.333333333333332,-5.555555555555555,-0.33333333333333337,-0.0
0.07777777777777778,-23.333333333333332,-3.333333333333333,-0.33333333333333337,-0.0
0.07777777777777778,-23.333333333333332,-1.1111111111111107,-0.33333333333333337,-0.0
0.07777777777777778,-23.333333333333332,1.1111111111111107,-0.33333333333333337,0.0
0.07777777777777778,-23.333333333333332,3.333333333333334,-0.33333333333333337,0.0
0.07777777777777778,-23.333333333333332,5.555555555555557,-0.33333333333333337,0.0
0.07777777777777778,-23.333333333333332,7.777777777777779,-0.33333333333333337,0.0
0.07777777777777778,-23.333333333333332,10.0,-0.33333333333333337,0.0
0.07777777777777778,-16.666666666666664,-10.0,-0.33333333333333337,-0.0
0.07777777777777778,-16.666666666666664,-7.777777777777778,-0.33333333333333337,-0.0
0.07777777777777778,-16.666666666666664,-5.555555555555555,-0.33333333333333337,-0.0
0.07777777777777778,-16.666666666666664,-3.333333333333333,-0.33333333333333337,-0.0
0.07777777777777778,-16.666666666666664,-1.1111111111111107,-0.33333333333333337,-0.0
0.07777777777777778,-16.666666666666664,1.1111111111111107,-0.33333333333333337,0.0
0.07777777777777778,-16.666666666666664,3.333333333333334,-0.33333333333333337,0.0
0.07777777777777778,-16.666666666666664,5.555555555555557,-0.33333333333333337,0.0
0.07777777777777778,-16.666666666666664,7.777777777777779,-0.33333333333333337,0.0
0.07777777777777778,-16.666666666666664,10.0,-0.33333333333333337,0.0
0.07777777777777778,-10.0,-10.0,-0.33333333333333337,-0.0
0.07777777777777778,-10.0,-7.777777777777778,-0.33333333333333337,-0.0
0.07777777777777778,-10.0,-5.555555555555555,-0.33333333333333337,-0.0
0.07777777777777778,-10.0,-3.333333333333333,-0.33333333333333337,-0.0
0.07777777777777778,-10.0,-1.1111111111111107,-0.33333333333333337,-0.0
0.07777777777777778,-10.0,1.1111111111111107,-0.33333333333333337,0.0
0.07777777777777778,-10.0,3.333333333333334,-0.33333333333333337,0.0
0.07777777777777778,-10.0,5.555555555555557,-0.33333333333333337,0.0
0.07777777777777778,-10.0,7.777777777777779,-0.33333333333333337,0.0
0.07777777777777778,-10.0,10.0,-0.33333333333333337,0.0
0.07777777777777778,-3.333333333333332,-10.0,-0.33333333333333337,-0.0
0.07777777777777778,-3.333333333333332,-7.777777777777778,-0.33333333333333337,-0.0
0.07777777777777778,-3.333333333333332,-5.555555555555555,-0.33333333333333337,-0.0
0.07777777777777778,-3.333333333333332,-3.333333333333333,-0.33333333333333337,-0.0
0.07777777777777778,-3.333333333333332,-1.1111111111111107,-0.33333333333333337,-0.0
0.07777777777777778,-3.333333333333332,1.1111111111111107,-0.33333333333333337,0.0
0.07777777777777778,-3.333333333333332,3.333333333333334,-0.33333333333333337,0.0
0.07777777777777778,-3.333333333333332,5.555555555555557,-0.33333333333333337,0.0
0.07777777777777778,-3.333333333333332,7.777777777777779,-0.33333333333333337,0.0
0.07777777777777778,-3.333333333333332,10.0,-0.33333333333333337,0.0
0.07777777777777778,3.3333333333333357,-10.0,-0.33333333333333337,-0.0
0.07777777777777778,3.3333333333333357,-7.777777777777778,-0.33333333333333337,-0.0
0.07777777777777778,3.3333333333333357,-5.555555555555555,-0.33333333333333337,-0.0
0.07777777777777778,3.3333333333333357,-3.333333333333333,-0.33333333333333337,-0.0
0.07777777777777778,3.3333333333333357,-1.1111111111111107,-0.33333333333333337,-0.0
0.07777777777777778,3.3333333333333357,1.1111111111111107,-0.33333333333333337,0.0
0.07777777777777778,3.3333333333333357,3.333333333333334,-0.33333333333333337,0.0
0.07777777777777778,3.3333333333333357,5.555555555555557,-0.33333333333333337,0.0
0.07777777777777778,3.3333333333333357,7.777777777777779,-0.33333333333333337,0.0
0.07777777777777778,3.3333333333333357,10.0,-0.33333333333333337,0.0
0.07777777777777778,10.0,-10.0,-0.33333333333333337,-0.0
0.07777777777777778,10.0,-7.777777777777778,-0.33333333333333337,-0.0
0.07777777777777778,10.0,-5.555555555555555,-0.33333333333333337,-0.0
0.07777777777777778,10.0,-3.333333333333333,-0.33333333333333337,-0.0
0.07777777777777778,10.0,-1.1111111111111107,-0.33333333333333337,-0.0
0.07777777777777778,10.0,1.1111111111111107,-0.33333333333333337,0.0
0.07777777777777778,10.0,3.333333333333334,-0.33333333333333337,0.0
0.07777777777777778,10.0,5.555555555555557,-0.33333333333333337,0.0
0.07777777777777778,10.0,7.777777777777779,-0.33333333333333337,0.0
0.07777777777777778,10.0,10.0,-0.33333333333333337,0.0
0.07777777777777778,16.66666666666667,-10.0,-0.33333333333333337,-0.0
0.07777777777777778,16.66666666666667,-7.777777777777778,-0.33333333333333337,-0.0
0.07777777777777778,16.66666666666667,-5.555555555555555,-0.33333333333333337,-0.0
0.07777777777777778,16.66666666666667,-3.333333333333333,-0.33333333333333337,-0.0
0.07777777777777778,16.66666666666667,-1.1111111111111107,-0.33333333333333337,-0.0
0.07777777777777778,16.66666666666667,1.1111111111111107,-0.33333333333333337,0.0
0.07777777777777778,16.66666666666667,3.333333333333334,-0.33333333333333337,0.0
0.07777777777777778,16.66666666666667,5.555555555555557,-0.33333333333333337,0.0
0.07777777777777778,16.66666666666667,7.777777777777779,-0.33333333333333337,0.0
0.07777777777777778,16.66666666666667,10.0,-0.33333333333333337,0.0
0.07777777777777778,23.333333333333336,-10.0,-0.33333333333333337,-0.0
0.07777777777777778,23.333333333333336,-7.777777777777778,-0.33333333333333337,-0.0
0.07777777777777778,23.333333333333336,-5.555555555555555,-0.33333333333333337,-0.0
0.07777777777777778,23.333333333333336,-3.333333333333333,-0.33333333333333337,-0.0
0.07777777777777778,23.333333333333336,-1.1111111111111107,-0.33333333333333337,-0.0
0.07777777777777778,23.333333333333336,1.1111111111111107,-0.33333333333333337,0.0
0.07777777777777778,23.333333333333336,3.333333333333334,-0.33333333333333337,0.0
0.07777777777777778,23.333333333333336,5.555555555555557,-0.33333333333333337,0.0
0.07777777777777778,23.333333333333336,7.777777777777779,-0.33333333333333337,0.0
0.07777777777777778,23.333333333333336,10.0,-0.33333333333333337,0.0
0.07777777777777778,30.0,-10.0,-0.33333333333333337,-0.0
0.07777777777777778,30.0,-7.777777777777778,-0.33333333333333337,-0.0
0.07777777777777778,30.0,-5.555555555555555,-0.33333333333333337,-0.0
0.07777777777777778,30.0,-3.333333333333333,-0.33333333333333337,-0.0
0.07777777777777778,30.0,-1.1111111111111107,-0.33333333333333337,-0.0
0.07777777777777778,30.0,1.1111111111111107,-0.33333333333333337,0.0
0.07777777777777778,30.0,3.333333333333334,-0.33333333333333337,0.0
0.07777777777777778,30.0,5.555555555555557,-0.33333333333333337,0.0
0.07777777777777778,30.0,7.777777777777779,-0.33333333333333337,0.0
0.07777777777777778,30.0,10.0,-0.33333333333333337,0.0
0.1,-30.0,-10.0,-0.33333333333333337,-0.0
0.1,-30.0,-7.777777777777778,-0.33333333333333337,-0.0
0.1,-30.0,-5.555555555555555,-0.33333333333333337,-0.0
0.1,-30.0,-3.333333333333333,-0.33333333333333337,-0.0
0.1,-30.0,-1.1111111111111107,-0.33333333333333337,-0.0
0.1,-30.0,1.1111111111111107,-0.33333333333333337,0.0
0.1,-30.0,3.333333333333334,-0.33333333333333337,0.0
0.1,-30.0,5.555555555555557,-0.33333333333333337,0.0
0.1,-30.0,7.777777777777779,-0.33333333333333337,0.0
0.1,-30.0,10.0,-0.33333333333333337,0.0
0.1,-23.333333333333332,-10.0,-0.33333333333333337,-0.0
0.1,-23.333333333333332,-7.777777777777778,-0.33333333333333337,-0.0
0.1,-23.333333333333332,-5.555555555555555,-0.33333333333333337,-0.0
0.1,-23.333333333333332,-3.333333333333333,-0.33333333333333337,-0.0
0.1,-23.333333333333332,-1.1111111111111107,-0.33333333333333337,-0.0
0.1,-23.333333333333332,1.1111111111111107,-0.33333333333333337,0.0
0.1,-23.333333333333332,3.333333333333334,-0.33333333333333337,0.0
0.1,-23.333333333333332,5.555555555555557,-0.33333333333333337,0.0
0.1,-23.333333333333332,7.777777777777779,-0.33333333333333337,0.0
0.1,-23.333333333333332,10.0,-0.33333333333333337,0.0
0.1,-16.666666666666664,-10.0,-0.33333333333333337,-0.0
0.1,-16.666666666666664,-7.777777777777778,-0.33333333333333337,-0.0
0.1,-16.666666666666664,-5.555555555555555,-0.33333333333333337,-0.0
0.1,-16.666666666666664,-3.333333333333333,-0.33333333333333337,-0.0
0.1,-16.666666666666664,-1.1111111111111107,-0.33333333333333337,-0.0
0.1,-16.666666666666664,1.1111111111111107,-0.33333333333333337,0.0
0.1,-16.666666666666664,3.333333333333334,-0.33333333333333337,0.0
0.1,-16.666666666666664,5.555555555555557,-0.33333333333333337,0.0
0.1,-16.666666666666664,7.777777777777779,-0.33333333333333337,0.0
0.1,-16.666666666666664,10.0,-0.33333333333333337,0.0
0.1,-10.0,-10.0,-0.33333333333333337,-0.0
0.1,-10.0,-7.777777777777778,-0.33333333333333337,-0.0
0.1,-10.0,-5.555555555555555,-0.33333333333333337,-0.0
0.1,-10.0,-3.333333333333333,-0.33333333333333337,-0.0
0.1,-10.0,-1.1111111111111107,-0.33333333333333337,-0.0
0.1,-10.0,1.1111111111111107,-0.33333333333333337,0.0
0.1,-10.0,3.333333333333334,-0.33333333333333337,0.0
0.1,-10.0,5.555555555555557,-0.33333333333333337,0.0
0.1,-10.0,7.777777777777779,-0.33333333333333337,0.0
0.1,-10.0,10.0,-0.33333333333333337,0.0
0.1,-3.333333333333332,-10.0,-0.33333333333333337,-0.0
0.1,-3.333333333333332,-7.777777777777778,-0.33333333333333337,-0.0
0.1,-3.333333333333332,-5.555555555555555,-0.33333333333333337,-0.0
0.1,-3.333333333333332,-3.333333333333333,-0.33333333333333337,-0.0
0.1,-3.333333333333332,-1.1111111111111107,-0.33333333333333337,-0.0
0.1,-3.333333333333332,1.1111111111111107,-0.33333333333333337,0.0
0.1,-3.333333333333332,3.333333333333334,-0.33333333333333337,0.0
0.1,-3.333333333333332,5.555555555555557,-0.33333333333333337,0.0
0.1,-3.333333333333332,7.777777777777779,-0.33333333333333337,0.0
0.1,-3.333333333333332,10.0,-0.33333333333333337,0.0
0.1,3.3333333333333357,-10.0,-0.33333333333333337,-0.0
0.1,3.3333333333333357,-7.777777777777778,-0.33333333333333337,-0.0
0.1,3.3333333333333357,-5.555555555555555,-0.33333333333333337,-0.0
0.1,3.3333333333333357,-3.333333333333333,-0.33333333333333337,-0.0
0.1,3.3333333333333357,-1.1111111111111107,-0.33333333333333337,-0.0
0.1,3.3333333333333357,1.1111111111111107,-0.33333333333333337,0.0
0.1,3.3333333333333357,3.333333333333334,-0.33333333333333337,0.0
0.1,3.3333333333333357,5.555555555555557,-0.33333333333333337,0.0
0.1,3.3333333333333357,7.777777777777779,-0.33333333333333337,0.0
0.1,3.3333333333333357,10.0,-0.33333333333333337,0.0
0.1,10.0,-10.0,-0.33333333333333337,-0.0
0.1,10.0,-7.777777777777778,-0.33333333333333337,-0.0
0.1,10.0,-5.555555555555555,-0.33333333333333337,-0.0
0.1,10.0,-3.333333333333333,-0.33333333333333337,-0.0
0.1,10.0,-1.1111111111111107,-0.33333333333333337,-0.0
0.1,10.0,1.1111111111111107,-0.33333333333333337,0.0
0.1,10.0,3.333333333333334,-0.33333333333333337,0.0
0.1,10.0,5.555555555555557,-0.33333333333333337,0.0
0.1,10.0,7.777777777777779,-0.33333333333333337,0.0
0.1,10.0,10.0,-0.33333333333333337,0.0
0.1,16.66666666666667,-10.0,-0.33333333333333337,-0.0
0.1,16.66666666666667,-7.777777777777778,-0.33333333333333337,-0.0
0.1,16.66666666666667,-5.555555555555555,-0.33333333333333337,-0.0
0.1,16.66666666666667,-3.333333333333333,-0.33333333333333337,-0.0
0.1,16.66666666666667,-1.1111111111111107,-0.33333333333333337,-0.0
0.1,16.66666666666667,1.1111111111111107,-0.33333333333333337,0.0
0.1,16.66666666666667,3.333333333333334,-0.33333333333333337,0.0
0.1,16.66666666666667,5.555555555555557,-0.33333333333333337,0.0
0.1,16.66666666666667,7.777777777777779,-0.33333333333333337,0.0
0.1,16.66666666666667,10.0,-0.33333333333333337,0.0
0.1,23.333333333333336,-10.0,-0.33333333333333337,-0.0
0.1,23.333333333333336,-7.777777777777778,-0.33333333333333337,-0.0
0.1,23.333333333333336,-5.555555555555555,-0.33333333333333337,-0.0
0.1,23.333333333333336,-3.333333333333333,-0.33333333333333337,-0.0
0.1,23.333333333333336,-1.1111111111111107,-0.33333333333333337,-0.0
0.1,23.333333333333336,1.1111111111111107,-0.33333333333333337,0.0
0.1,23.333333333333336,3.333333333333334,-0.33333333333333337,0.0
0.1,23.333333333333336,5.555555555555557,-0.33333333333333337,0.0
0.1,23.333333333333336,7.777777777777779,-0.33333333333333337,0.0
0.1,23.333333333333336,10.0,-0.33333333333333337,0.0
0.1,30.0,-10.0,-0.33333333333333337,-0.0
0.1,30.0,-7.777777777777778,-0.33333333333333337,-0.0
0.1,30.0,-5.555555555555555,-0.33333333333333337,-0.0
0.1,30.0,-3.333333333333333,-0.33333333333333337,-0.0
0.1,30.0,-1.1111111111111107,-0.33333333333333337,-0.0
0.1,30.0,1.1111111111111107,-0.33333333333333337,0.0
0.1,30.0,3.333333333333334,-0.33333333333333337,0.0
0.1,30.0,5.555555555555557,-0.33333333333333337,0.0
0.1,30.0,7.777777777777779,-0.33333333333333337,0.0
0.1,30.0,10.0,-0.33333333333333337,0.0
-0.1,-30.0,-10.0,-0.11111111111111116,-0.0
-0.1,-30.0,-7.777777777777778,-0.11111111111111116,-0.0
-0.1,-30.0,-5.555555555555555,-0.11111111111111116,-0.0
-0.1,-30.0,-3.333333333333333,-0.11111111111111116,-0.0
-0.1,-30.0,-1.1111111111111107,-0.11111111111111116,-0.0
-0.1,-30.0,1.1111111111111107,-0.11111111111111116,0.0
-0.1,-30.0,3.333333333333334,-0.11111111111111116,0.0
-0.1,-30.0,5.555555555555557,-0.11111111111111116,0.0
-0.1,-30.0,7.777777777777779,-0.11111111111111116,0.0
-0.1,-30.0,10.0,-0.11111111111111116,0.0
-0.1,-23.333333333333332,-10.0,-0.11111111111111116,-0.0
-0.1,-23.333333333333332,-7.777777777777778,-0.11111111111111116,-0.0
-0.1,-23.333333333333332,-5.555555555555555,-0.11111111111111116,-0.0
-0.1,-23.333333333333332,-3.333333333333333,-0.11111111111111116,-0.0
-0.1,-23.333333333333332,-1.1111111111111107,-0.11111111111111116,-0.0
-0.1,-23.333333333333332,1.1111111111111107,-0.11111111111111116,0.0
-0.1,-23.333333333333332,3.333333333333334,-0.11111111111111116,0.0
-0.1,-23.333333333333332,5.555555555555557,-0.11111111111111116,0.0
-0.1,-23.333333333333332,7.777777777777779,-0.11111111111111116,0.0
-0.1,-23.333333333333332,10.0,-0.11111111111111116,0.0
-0.1,-16.666666666666664,-10.0,-0.11111111111111116,-0.0
-0.1,-16.666666666666664,-7.777777777777778,-0.11111111111111116,-0.0
-0.1,-16.666666666666664,-5.555555555555555,-0.11111111111111116,-0.0
-0.1,-16.666666666666664,-3.333333333333333,-0.11111111111111116,-0.0
-0.1,-16.666666666666664,-1.1111111111111107,-0.11111111111111116,-0.0
-0.1,-16.666666666666664,1.1111111111111107,-0.11111111111111116,0.0
-0.1,-16.666666666666664,3.333333333333334,-0.11111111111111116,0.0
-0.1,-16.666666666666664,5.555555555555557,-0.11111111111111116,0.0
-0.1,-16.666666666666664,7.777777777777779,-0.11111111111111116,0.0
-0.1,-16.666666666666664,10.0,-0.11111111111111116,0.0
-0.1,-10.0,-10.0,-0.11111111111111116,-0.0
-0.1,-10.0,-7.777777777777778,-0.11111111111111116,-0.0
-0.1,-10.0,-5.555555555555555,-0.11111111111111116,-0.0
-0.1,-10.0,-3.333333333333333,-0.11111111111111116,-0.0
-0.1,-10.0,-1.1111111111111107,-0.11111111111111116,-0.0
-0.1,-10.0,1.1111111111111107,-0.11111111111111116,0.0
-0.1,-10.0,3.333333333333334,-0.11111111111111116,0.0
-0.1,-10.0,5.555555555555557,-0.11111111111111116,0.0
-0.1,-10.0,7.777777777777779,-0.11111111111111116,0.0
-0.1,-10.0,10.0,-0.11111111111111116,0.0
-0.1,-3.333333333333332,-10.0,-0.11111111111111116,-0.0
-0.1,-3.333333333333332,-7.777777777777778,-0.11111111111111116,-0.0
-0.1,-3.333333333333332,-5.555555555555555,-0.11111111111111116,-0.0
-0.1,-3.333333333333332,-3.333333333333333,-0.11111111111111116,-0.0
-0.1,-3.333333333333332,-1.1111111111111107,-0.11111111111111116,-0.0
-0.1,-3.333333333333332,1.1111111111111107,-0.11111111111111116,0.0
-0.1,-3.333333333333332,3.333333333333334,-0.11111111111111116,0.0
-0.1,-3.333333333333332,5.555555555555557,-0.11111111111111116,0.0
-0.1,-3.333333333333332,7.777777777777779,-0.11111111111111116,0.0
-0.1,-3.333333333333332,10.0,-0.11111111111111116,0.0
-0.1,3.3333333333333357,-10.0,-0.11111111111111116,-0.0
-0.1,3.3333333333333357,-7.777777777777778,-0.11111111111111116,-0.0
-0.1,3.3333333333333357,-5.555555555555555,-0.11111111111111116,-0.0
-0.1,3.3333333333333357,-3.333333333333333,-0.11111111111111116,-0.0
-0.1,3.3333333333333357,-1.1111111111111107,-0.11111111111111116,-0.0
-0.1,3.3333333333333357,1.1111111111111107,-0.11111111111111116,0.0
-0.1,3.3333333333333357,3.333333333333334,-0.11111111111111116,0.0
-0.1,3.3333333333333357,5.555555555555557,-0.11111111111111116,0.0
-0.1,3.3333333333333357,7.777777777777779,-0.11111111111111116,0.0
-0.1,3.3333333333333357,10.0,-0.11111111111111116,0.0
-0.1,10.0,-10.0,-0.11111111111111116,-0.0
-0.1,10.0,-7.777777777777778,-0.11111111111111116,-0.0
-0.1,10.0,-5.555555555555555,-0.11111111111111116,-0.0
-0.1,10.0,-3.333333333333333,-0.11111111111111116,-0.0
-0.1,10.0,-1.1111111111111107,-0.11111111111111116,-0.0
-0.1,10.0,1.1111111111111107,-0.11111111111111116,0.0
-0.1,10.0,3.333333333333334,-0.11111111111111116,0.0
-0.1,10.0,5.555555555555557,-0.11111111111111116,0.0
-0.1,10.0,7.777777777777779,-0.11111111111111116,0.0
-0.1,10.0,10.0,-0.11111111111111116,0.0
-0.1,16.66666666666667,-10.0,-0.11111111111111116,-0.0
-0.1,16.66666666666667,-7.777777777777778,-0.11111111111111116,-0.0
-0.1,16.66666666666667,-5.555555555555555,-0.11111111111111116,-0.0
-0.1,16.66666666666667,-3.333333333333333,-0.11111111111111116,-0.0
-0.1,16.66666666666667,-1.1111111111111107,-0.11111111111111116,-0.0
-0.1,16.66666666666667,1.1111111111111107,-0.11111111111111116,0.0
-0.1,16.66666666666667,3.333333333333334,-0.11111111111111116,0.0
-0.1,16.66666666666667,5.555555555555557,-0.11111111111111116,0.0
-0.1,16.66666666666667,7.777777777777779,-0.11111111111111116,0.0
-0.1,16.66666666666667,10.0,-0.11111111111111116,0.0
-0.1,23.333333333333336,-10.0,-0.11111111111111116,-0.0
-0.1,23.333333333333336,-7.777777777777778,-0.11111111111111116,-0.0
-0.1,23.333333333333336,-5.555555555555555,-0.11111111111111116,-0.0
-0.1,23.333333333333336,-3.333333333333333,-0.11111111111111116,-0.0
-0.1,23.333333333333336,-1.1111111111111107,-0.11111111111111116,-0.0
-0.1,23.333333333333336,1.1111111111111107,-0.11111111111111116,0.0
-0.1,23.333333333333336,3.333333333333334,-0.11111111111111116,0.0
-0.1,23.333333333333336,5.555555555555557,-0.11111111111111116,0.0
-0.1,23.333333333333336,7.777777777777779,-0.11111111111111116,0.0
-0.1,23.333333333333336,10.0,-0.11111111111111116,0.0
-0.1,30.0,-10.0,-0.11111111111111116,-0.0
-0.1,30.0,-7.777777777777778,-0.11111111111111116,-0.0
-0.1,30.0,-5.555555555555555,-0.11111111111111116,-0.0
-0.1,30.0,-3.333333333333333,-0.11111111111111116,-0.0
-0.1,30.0,-1.1111111111111107,-0.11111111111111116,-0.0
-0.1,30.0,1.1111111111111107,-0.11111111111111116,0.0
-0.1,30.0,3.333333333333334,-0.11111111111111116,0.0
-0.1,30.0,5.555555555555557,-0.11111111111111116,0.0
-0.1,30.0,7.777777777777779,-0.11111111111111116,0.0
-0.1,30.0,10.0,-0.11111111111111116,0.0
-0.07777777777777778,-30.0,-10.0,-0.11111111111111116,-0.0
-0.07777777777777778,-30.0,-7.777777777777778,-0.11111111111111116,-0.0
-0.07777777777777778,-30.0,-5.555555555555555,-0.11111111111111116,-0.0
-0.07777777777777778,-30.0,-3.333333333333333,-0.11111111111111116,-0.0
-0.07777777777777778,-30.0,-1.1111111111111107,-0.11111111111111116,-0.0
-0.07777777777777778,-30.0,1.1111111111111107,-0.11111111111111116,0.0
-0.07777777777777778,-30.0,3.333333333333334,-0.11111111111111116,0.0
-0.07777777777777778,-30.0,5.555555555555557,-0.11111111111111116,0.0
-0.07777777777777778,-30.0,7.777777777777779,-0.11111111111111116,0.0
-0.07777777777777778,-30.0,10.0,-0.11111111111111116,0.0
-0.07777777777777778,-23.333333333333332,-10.0,-0.11111111111111116,-0.0
-0.07777777777777778,-23.333333333333332,-7.777777777777778,-0.11111111111111116,-0.0
-0.07777777777777778,-23.333333333333332,-5.555555555555555,-0.11111111111111116,-0.0
-0.07777777777777778,-23.333333333333332,-3.333333333333333,-0.11111111111111116,-0.0
-0.07777777777777778,-23.333333333333332,-1.1111111111111107,-0.11111111111111116,-0.0
-0.07777777777777778,-23.333333333333332,1.1111111111111107,-0.11111111111111116,0.0
-0.07777777777777778,-23.333333333333332,3.333333333333334,-0.11111111111111116,0.0
-0.07777777777777778,-23.333333333333332,5.555555555555557,-0.11111111111111116,0.0
-0.07777777777777778,-23.333333333333332,7.777777777777779,-0.11111111111111116,0.0
-0.07777777777777778,-23.333333333333332,10.0,-0.11111111111111116,0.0
-0.07777777777777778,-16.666666666666664,-10.0,-0.11111111111111116,-0.0
-0.07777777777777778,-16.666666666666664,-7.777777777777778,-0.11111111111111116,-0.0
-0.07777777777777778,-16.666666666666664,-5.555555555555555,-0.11111111111111116,-0.0
-0.07777777777777778,-16.666666666666664,-3.333333333333333,-0.11111111111111116,-0.0
-0.07777777777777778,-16.666666666666664,-1.1111111111111107,-0.11111111111111116,-0.0
-0.07777777777777778,-16.666666666666664,1.1111111111111107,-0.11111111111111116,0.0
-0.07777777777777778,-16.666666666666664,3.333333333333334,-0.11111111111111116,0.0
-0.07777777777777778,-16.666666666666664,5.555555555555557,-0.11111111111111116,0.0
-0.07777777777777778,-16.666666666666664,7.777777777777779,-0.11111111111111116,0.0
-0.07777777777777778,-16.666666666666664,10.0,-0.11111111111111116,0.0
-0.07777777777777778,-10.0,-10.0,-0.11111111111111116,-0.0
-0.07777777777777778,-10.0,-7.777777777777778,-0.11111111111111116,-0.0
-0.07777777777777778,-10.0,-5.555555555555555,-0.11111111111111116,-0.0
-0.07777777777777778,-10.0,-3.333333333333333,-0.11111111111111116,-0.0
-0.07777777777777778,-10.0,-1.1111111111111107,-0.11111111111111116,-0.0
-0.07777777777777778,-10.0,1.1111111111111107,-0.11111111111111116,0.0
-0.07777777777777778,-10.0,3.333333333333334,-0.11111111111111116,0.0
-0.07777777777777778,-10.0,5.555555555555557,-0.11111111111111116,0.0
-0.07777777777777778,-10.0,7.777777777777779,-0.11111111111111116,0.0
-0.07777777777777778,-10.0,10.0,-0.11111111111111116,0.0
-0.07777777777777778,-3.333333333333332,-10.0,-0.11111111111111116,-0.0
-0.07777777777777778,-3.333333333333332,-7.777777777777778,-0.11111111111111116,-0.0
-0.07777777777777778,-3.333333333333332,-5.555555555555555,-0.11111111111111116,-0.0
-0.07777777777777778,-3.333333333333332,-3.333333333333333,-0.11111111111111116,-0.0
-0.07777777777777778,-3.333333333333332,-1.1111111111111107,-0.11111111111111116,-0.0
-0.07777777777777778,-3.333333333333332,1.1111111111111107,-0.11111111111111116,0.0
-0.07777777777777778,-3.333333333333332,3.333333333333334,-0.11111111111111116,0.0
-0.07777777777777778,-3.333333333333332,5.555555555555557,-0.11111111111111116,0.0
-0.07777777777777778,-3.333333333333332,7.777777777777779,-0.11111111111111116,0.0
-0.07777777777777778,-3.333333333333332,10.0,-0.11111111111111116,0.0
-0.07777777777777778,3.3333333333333357,-10.0,-0.11111111111111116,-0.0
-0.07777777777777778,3.3333333333333357,-7.777777777777778,-0.11111111111111116,-0.0
-0.07777777777777778,3.3333333333333357,-5.555555555555555,-0.11111111111111116,-0.0
-0.07777777777777778,3.3333333333333357,-3.333333333333333,-0.11111111111111116,-0.0
-0.07777777777777778,3.3333333333333357,-1.1111111111111107,-0.11111111111111116,-0.0
-0.07777777777777778,3.3333333333333357,1.1111111111111107,-0.11111111111111116,0.0
-0.07777777777777778,3.3333333333333357,3.333333333333334,-0.11111111111111116,0.0
-0.07777777777777778,3.3333333333333357,5.555555555555557,-0.11111111111111116,0.0
-0.07777777777777778,3.3333333333333357,7.777777777777779,-0.11111111111111116,0.0
-0.07777777777777778,3.3333333333333357,10.0,-0.11111111111111116,0.0
-0.07777777777777778,10.0,-10.0,-0.11111111111111116,-0.0
-0.07777777777777778,10.0,-7.777777777777778,-0.11111111111111116,-0.0
-0.07777777777777778,10.0,-5.555555555555555,-0.11111111111111116,-0.0
-0.07777777777777778,10.0,-3.333333333333333,-0.11111111111111116,-0.0
-0.07777777777777778,10.0,-1.1111111111111107,-0.11111111111111116,-0.0
-0.07777777777777778,10.0,1.1111111111111107,-0.11111111111111116,0.0
-0.07777777777777778,10.0,3.333333333333334,-0.11111111111111116,0.0
-0.07777777777777778,10.0,5.555555555555557,-0.11111111111111116,0.0
-0.07777777777777778,10.0,7.777777777777779,-0.11111111111111116,0.0
-0.07777777777777778,10.0,10.0,-0.11111111111111116,0.0
-0.07777777777777778,16.66666666666667,-10.0,-0.11111111111111116,-0.0
-0.07777777777777778,16.66666666666667,-7.777777777777778,-0.11111111111111116,-0.0
-0.07777777777777778,16.66666666666667,-5.555555555555555,-0.11111111111111116,-0.0
-0.07777777777777778,16.66666666666667,-3.333333333333333,-0.11111111111111116,-0.0
-0.07777777777777778,16.66666666666667,-1.1111111111111107,-0.11111111111111116,-0.0
-0.07777777777777778,16.66666666666667,1.1111111111111107,-0.11111111111111116,0.0
-0.07777777777777778,16.66666666666667,3.333333333333334,-0.11111111111111116,0.0
-0.07777777777777778,16.66666666666667,5.555555555555557,-0.11111111111111116,0.0
-0.07777777777777778,16.66666666666667,7.777777777777779,-0.11111111111111116,0.0
-0.07777777777777778,16.66666666666667,10.0,-0.11111111111111116,0.0
-0.07777777777777778,23.333333333333336,-10.0,-0.11111111111111116,-0.0
-0.07777777777777778,23.333333333333336,-7.777777777777778,-0.11111111111111116,-0.0
-0.07777777777777778,23.333333333333336,-5.555555555555555,-0.11111111111111116,-0.0
-0.07777777777777778,23.333333333333336,-3.333333333333333,-0.11111111111111116,-0.0
-0.07777777777777778,23.333333333333336,-1.1111111111111107,-0.11111111111111116,-0.0
-0.07777777777777778,23.333333333333336,1.1111111111111107,-0.11111111111111116,0.0
-0.07777777777777778,23.333333333333336,3.333333333333334,-0.11111111111111116,0.0
-0.07777777777777778,23.333333333333336,5.555555555555557,-0.11111111111111116,0.0
-0.07777777777777778,23.333333333333336,7.777777777777779,-0.11111111111111116,0.0
-0.07777777777777778,23.333333333333336,10.0,-0.11111111111111116,0.0
-0.07777777777777778,30.0,-10.0,-0.11111111111111116,-0.0
-0.07777777777777778,30.0,-7.777777777777778,-0.11111111111111116,-0.0
-0.07777777777777778,30.0,-5.555555555555555,-0.11111111111111116,-0.0
-0.07777777777777778,30.0,-3.333333333333333,-0.11111111111111116,-0.0
-0.07777777777777778,30.0,-1.1111111111111107,-0.11111111111111116,-0.0
-0.07777777777777778,30.0,1.1111111111111107,-0.11111111111111116,0.0
-0.07777777777777778,30.0,3.333333333333334,-0.11111111111111116,0.0
-0.07777777777777778,30.0,5.555555555555557,-0.11111111111111116,0.0
-0.07777777777777778,30.0,7.777777777777779,-0.11111111111111116,0.0
-0.07777777777777778,30.0,10.0,-0.11111111111111116,0.0
-0.05555555555555556,-30.0,-10.0,-0.11111111111111116,-0.0001076513969891554
-0.05555555555555556,-30.0,-7.777777777777778,-0.11111111111111116,-0.0001076513969891554
-0.05555555555555556,-30.0,-5.555555555555555,-0.11111111111111116,-0.0001076513969891554
-0.05555555555555556,-30.0,-3.333333333333333,-0.11111111111111116,-0.0001076513969891554
-0.05555555555555556,-30.0,-1.1111111111111107,-0.11111111111111116,-0.0001076513969891554
-0.05555555555555556,-30.0,1.1111111111111107,-0.11111111111111116,0.0001076513969891554
-0.05555555555555556,-30.0,3.333333333333334,-0.11111111111111116,0.0001076513969891554
-0.05555555555555556,-30.0,5.555555555555557,-0.11111111111111116,0.0001076513969891554
-0.05555555555555556,-30.0,7.777777777777779,-0.11111111111111116,0.0001076513969891554
-0.05555555555555556,-30.0,10.0,-0.11111111111111116,0.0001076513969891554
-0.05555555555555556,-23.333333333333332,-10.0,-0.11111111111111116,-0.0001076513969891554
-0.05555555555555556,-23.333333333333332,-7.777777777777778,-0.11111111111111116,-0.0001076513969891554
-0.05555555555555556,-23.333333333333332,-5.555555555555555,-0.11111111111111116,-0.0001076513969891554
-0.05555555555555556,-23.333333333333332,-3.333333333333333,-0.11111111111111116,-0.0001076513969891554
-0.05555555555555556,-23.333333333333332,-1.1111111111111107,-0.11111111111111116,-0.0001076513969891554
-0.05555555555555556,-23.333333333333332,1.1111111111111107,-0.11111111111111116,0.0001076513969891554
-0.05555555555555556,-23.333333333333332,3.333333333333334,-0.11111111111111116,0.0001076513969891554
-0.05555555555555556,-23.333333333333332,5.555555555555557,-0.11111111111111116,0.0001076513969891554
-0.05555555555555556,-23.333333333333332,7.777777777777779,-0.11111111111111116,0.0001076513969891554
-0.05555555555555556,-23.333333333333332,10.0,-0.11111111111111116,0.0001076513969891554
-0.05555555555555556,-16.666666666666664,-10.0,-0.11111111111111116,-0.0001076513969891554
-0.05555555555555556,-16.666666666666664,-7.777777777777778,-0.11111111111111116,-0.0001076513969891554
-0.05555555555555556,-16.666666666666664,-5.555555555555555,-0.11111111111111116,-0.0001076513969891554
-0.05555555555555556,-16.666666666666664,-3.333333333333333,-0.11111111111111116,-0.0001076513969891554
-0.05555555555555556,-16.666666666666664,-1.1111111111111107,-0.11111111111111116,-0.0001076513969891554
-0.05555555555555556,-16.666666666666664,1.1111111111111107,-0.11111111111111116,0.0001076513969891554
-0.05555555555555556,-16.666666666666664,3.333333333333334,-0.11111111111111116,0.0001076513969891554
-0.05555555555555556,-16.666666666666664,5.555555555555557,-0.11111111111111116,0.0001076513969891554
-0.05555555555555556,-16.666666666666664,7.777777777777779,-0.11111111111111116,0.0001076513969891554
-0.05555555555555556,-16.666666666666664,10.0,-0.11111111111111116,0.0001076513969891554
-0.05555555555555556,-10.0,-10.0,-0.11111111111111116,-0.0001076513969891554
-0.05555555555555556,-10.0,-7.777777777777778,-0.11111111111111116,-0.0001076513969891554
-0.05555555555555556,-10.0,-5.555555555555555,-0.11111111111111116,-0.0001076513969891554
-0.05555555555555556,-10.0,-3.333333333333333,-0.11111111111111116,-0.0001076513969891554
-0.05555555555555556,-10.0,-1.1111111111111107,-0.11111111111111116,-0.0001076513969891554
-0.05555555555555556,-10.0,1.1111111111111107,-0.11111111111111116,0.0001076513969891554
-0.05555555555555556,-10.0,3.333333333333334,-0.11111111111111116,0.0001076513969891554
-0.05555555555555556,-10.0,5.555555555555557,-0.11111111111111116,0.0001076513969891554
-0.05555555555555556,-10.0,7.777777777777779,-0.11111111111111116,0.0001076513969891554
-0.05555555555555556,-10.0,10.0,-0.11111111111111116,0.0001076513969891554
-0.05555555555555556,-3.333333333333332,-10.0,-0.11111111111111116,-0.0001076513969891554
-0.05555555555555556,-3.333333333333332,-7.777777777777778,-0.11111111111111116,-0.0001076513969891554
-0.05555555555555556,-3.333333333333332,-5.555555555555555,-0.11111111111111116,-0.0001076513969891554
-0.05555555555555556,-3.333333333333332,-3.333333333333333,-0.11111111111111116,-0.0001076513969891554
-0.05555555555555556,-3.333333333333332,-1.1111111111111107,-0.11111111111111116,-0.0001076513969891554
-0.05555555555555556,-3.333333333333332,1.1111111111111107,-0.11111111111111116,0.0001076513969891554
-0.05555555555555556,-3.333333333333332,3.333333333333334,-0.11111111111111116,0.0001076513969891554
-0.05555555555555556,-3.333333333333332,5.555555555555557,-0.11111111111111116,0.0001076513969891554
-0.05555555555555556,-3.333333333333332,7.777777777777779,-0.11111111111111116,0.0001076513969891554
-0.05555555555555556,-3.333333333333332,10.0,-0.11111111111111116,0.0001076513969891554
-0.05555555555555556,3.3333333333333357,-10.0,-0.11111111111111116,-0.0001076513969891554
-0.05555555555555556,3.3333333333333357,-7.777777777777778,-0.11111111111111116,-0.0001076513969891554
-0.05555555555555556,3.3333333333333357,-5.555555555555555,-0.11111111111111116,-0.0001076513969891554
-0.05555555555555556,3.3333333333333357,-3.333333333333333,-0.11111111111111116,-0.0001076513969891554
-0.05555555555555556,3.3333333333333357,-1.1111111111111107,-0.11111111111111116,-0.0001076513969891554
-0.05555555555555556,3.3333333333333357,1.1111111111111107,-0.11111111111111116,0.0001076513969891554
-0.05555555555555556,3.3333333333333357,3.333333333333334,-0.11111111111111116,0.0001076513969891554
-0.05555555555555556,3.3333333333333357,5.555555555555557,-0.11111111111111116,0.0001076513969891554
-0.05555555555555556,3.3333333333333357,7.777777777777779,-0.11111111111111116,0.0001076513969891554
-0.05555555555555556,3.3333333333333357,10.0,-0.11111111111111116,0.0001076513969891554
-0.05555555555555556,10.0,-10.0,-0.11111111111111116,-0.0001076513969891554
-0.05555555555555556,10.0,-7.777777777777778,-0.11111111111111116,-0.0001076513969891554
-0.05555555555555556,10.0,-5.555555555555555,-0.11111111111111116,-0.0001076513969891554
-0.05555555555555556,10.0,-3.333333333333333,-0.11111111111111116,-0.0001076513969891554
-0.05555555555555556,10.0,-1.1111111111111107,-0.11111111111111116,-0.0001076513969891554
-0.05555555555555556,10.0,1.1111111111111107,-0.11111111111111116,0.0001076513969891554
-0.05555555555555556,10.0,3.333333333333334,-0.11111111111111116,0.0001076513969891554
-0.05555555555555556,10.0,5.555555555555557,-0.11111111111111116,0.0001076513969891554
-0.05555555555555556,10.0,7.777777777777779,-0.11111111111111116,0.0001076513969891554
-0.05555555555555556,10.0,10.0,-0.11111111111111116,0.0001076513969891554
-0.05555555555555556,16.66666666666667,-10.0,-0.11111111111111116,-0.0001076513969891554
-0.05555555555555556,16.66666666666667,-7.777777777777778,-0.11111111111111116,-0.0001076513969891554
-0.05555555555555556,16.66666666666667,-5.555555555555555,-0.11111111111111116,-0.0001076513969891554
-0.05555555555555556,16.66666666666667,-3.333333333333333,-0.11111111111111116,-0.0001076513969891554
-0.05555555555555556,16.66666666666667,-1.1111111111111107,-0.11111111111111116,-0.0001076513969891554
-0.05555555555555556,16.66666666666667,1.1111111111111107,-0.11111111111111116,0.0001076513969891554
-0.05555555555555556,16.66666666666667,3.333333333333334,-0.11111111111111116,0.0001076513969891554
-0.05555555555555556,16.66666666666667,5.555555555555557,-0.11111111111111116,0.0001076513969891554
-0.05555555555555556,16.66666666666667,7.777777777777779,-0.11111111111111116,0.0001076513969891554
-0.05555555555555556,16.66666666666667,10.0,-0.11111111111111116,0.0001076513969891554
-0.05555555555555556,23.333333333333336,-10.0,-0.11111111111111116,-0.0001076513969891554
-0.05555555555555556,23.333333333333336,-7.777777777777778,-0.11111111111111116,-0.0001076513969891554
-0.05555555555555556,23.333333333333336,-5.555555555555555,-0.11111111111111116,-0.0001076513969891554
-0.05555555555555556,23.333333333333336,-3.333333333333333,-0.11111111111111116,-0.0001076513969891554
-0.05555555555555556,23.333333333333336,-1.1111111111111107,-0.11111111111111116,-0.0001076513969891554
-0.05555555555555556,23.333333333333336,1.1111111111111107,-0.11111111111111116,0.0001076513969891554
-0.05555555555555556,23.333333333333336,3.333333333333334,-0.11111111111111116,0.0001076513969891554
-0.05555555555555556,23.333333333333336,5.555555555555557,-0.11111111111111116,0.0001076513969891554
-0.05555555555555556,23.333333333333336,7.777777777777779,-0.11111111111111116,0.0001076513969891554
-0.05555555555555556,23.333333333333336,10.0,-0.11111111111111116,0.0001076513969891554
-0.05555555555555556,30.0,-10.0,-0.11111111111111116,-0.0001076513969891554
-0.05555555555555556,30.0,-7.777777777777778,-0.11111111111111116,-0.0001076513969891554
-0.05555555555555556,30.0,-5.555555555555555,-0.11111111111111116,-0.0001076513969891554
-0.05555555555555556,30.0,-3.333333333333333,-0.11111111111111116,-0.0001076513969891554
-0.05555555555555556,30.0,-1.1111111111111107,-0.11111111111111116,-0.0001076513969891554
-0.05555555555555556,30.0,1.1111111111111107,-0.11111111111111116,0.0001076513969891554
-0.05555555555555556,30.0,3.333333333333334,-0.11111111111111116,0.0001076513969891554
-0.05555555555555556,30.0,5.555555555555557,-0.11111111111111116,0.0001076513969891554
-0.05555555555555556,30.0,7.777777777777779,-0.11111111111111116,0.0001076513969891554
-0.05555555555555556,30.0,10.0,-0.11111111111111116,0.0001076513969891554
-0.03333333333333334,-30.0,-10.0,-0.11111111111111116,-0.0020629270953346247
-0.03333333333333334,-30.0,-7.777777777777778,-0.11111111111111116,-0.0020629270953346247
-0.03333333333333334,-30.0,-5.555555555555555,-0.11111111111111116,-0.0020629270953346247
-0.03333333333333334,-30.0,-3.333333333333333,-0.11111111111111116,-0.0020629270953346247
-0.03333333333333334,-30.0,-1.1111111111111107,-0.11111111111111116,-0.0020629270953346247
-0.03333333333333334,-30.0,1.1111111111111107,-0.11111111111111116,0.0020629270953346247
-0.03333333333333334,-30.0,3.333333333333334,-0.11111111111111116,0.0020629270953346247
-0.03333333333333334,-30.0,5.555555555555557,-0.11111111111111116,0.0020629270953346247
-0.03333333333333334,-30.0,7.777777777777779,-0.11111111111111116,0.0020629270953346247
-0.03333333333333334,-30.0,10.0,-0.11111111111111116,0.0020629270953346247
-0.03333333333333334,-23.333333333333332,-10.0,-0.11111111111111116,-0.0020629270953346247
-0.03333333333333334,-23.333333333333332,-7.777777777777778,-0.11111111111111116,-0.0020629270953346247
-0.03333333333333334,-23.333333333333332,-5.555555555555555,-0.11111111111111116,-0.0020629270953346247
-0.03333333333333334,-23.333333333333332,-3.333333333333333,-0.11111111111111116,-0.0020629270953346247
-0.03333333333333334,-23.333333333333332,-1.1111111111111107,-0.11111111111111116,-0.0020629270953346247
-0.03333333333333334,-23.333333333333332,1.1111111111111107,-0.11111111111111116,0.0020629270953346247
-0.03333333333333334,-23.333333333333332,3.333333333333334,-0.11111111111111116,0.0020629270953346247
-0.03333333333333334,-23.333333333333332,5.555555555555557,-0.11111111111111116,0.0020629270953346247
-0.03333333333333334,-23.333333333333332,7.777777777777779,-0.11111111111111116,0.0020629270953346247
-0.03333333333333334,-23.333333333333332,10.0,-0.11111111111111116,0.0020629270953346247
-0.03333333333333334,-16.666666666666664,-10.0,-0.11111111111111116,-0.0020629270953346247
-0.03333333333333334,-16.666666666666664,-7.777777777777778,-0.11111111111111116,-0.0020629270953346247
-0.03333333333333334,-16.666666666666664,-5.555555555555555,-0.11111111111111116,-0.0020629270953346247
-0.03333333333333334,-16.666666666666664,-3.333333333333333,-0.11111111111111116,-0.0020629270953346247
-0.03333333333333334,-16.666666666666664,-1.1111111111111107,-0.11111111111111116,-0.0020629270953346247
-0.03333333333333334,-16.666666666666664,1.1111111111111107,-0.11111111111111116,0.0020629270953346247
-0.03333333333333334,-16.666666666666664,3.333333333333334,-0.11111111111111116,0.0020629270953346247
-0.03333333333333334,-16.666666666666664,5.555555555555557,-0.11111111111111116,0.0020629270953346247
-0.03333333333333334,-16.666666666666664,7.777777777777779,-0.11111111111111116,0.0020629270953346247
-0.03333333333333334,-16.666666666666664,10.0,-0.11111111111111116,0.0020629270953346247
-0.03333333333333334,-10.0,-10.0,-0.11111111111111116,-0.0020629270953346247
-0.03333333333333334,-10.0,-7.777777777777778,-0.11111111111111116,-0.0020629270953346247
-0.03333333333333334,-10.0,-5.555555555555555,-0.11111111111111116,-0.0020629270953346247
-0.03333333333333334,-10.0,-3.333333333333333,-0.11111111111111116,-0.0020629270953346247
-0.03333333333333334,-10.0,-1.1111111111111107,-0.11111111111111116,-0.0020629270953346247
-0.03333333333333334,-10.0,1.1111111111111107,-0.11111111111111116,0.0020629270953346247
-0.03333333333333334,-10.0,3.333333333333334,-0.11111111111111116,0.0020629270953346247
-0.03333333333333334,-10.0,5.555555555555557,-0.11111111111111116,0.0020629270953346247
-0.03333333333333334,-10.0,7.777777777777779,-0.11111111111111116,0.0020629270953346247
-0.03333333333333334,-10.0,10.0,-0.11111111111111116,0.0020629270953346247
-0.03333333333333334,-3.333333333333332,-10.0,-0.11111111111111116,-0.0020629270953346247
-0.03333333333333334,-3.333333333333332,-7.777777777777778,-0.11111111111111116,-0.0020629270953346247
-0.03333333333333334,-3.333333333333332,-5.555555555555555,-0.11111111111111116,-0.0020629270953346247
-0.03333333333333334,-3.333333333333332,-3.333333333333333,-0.11111111111111116,-0.0020629270953346247
-0.03333333333333334,-3.333333333333332,-1.1111111111111107,-0.11111111111111116,-0.0020629270953346247
-0.03333333333333334,-3.333333333333332,1.1111111111111107,-0.11111111111111116,0.0020629270953346247
-0.03333333333333334,-3.333333333333332,3.333333333333334,-0.11111111111111116,0.0020629270953346247
-0.03333333333333334,-3.333333333333332,5.555555555555557,-0.11111111111111116,0.0020629270953346247
-0.03333333333333334,-3.333333333333332,7.777777777777779,-0.11111111111111116,0.0020629270953346247
-0.03333333333333334,-3.333333333333332,10.0,-0.11111111111111116,0.0020629270953346247
-0.03333333333333334,3.3333333333333357,-10.0,-0.11111111111111116,-0.0020629270953346247
-0.03333333333333334,3.3333333333333357,-7.777777777777778,-0.11111111111111116,-0.0020629270953346247
-0.03333333333333334,3.3333333333333357,-5.555555555555555,-0.11111111111111116,-0.0020629270953346247
-0.03333333333333334,3.3333333333333357,-3.333333333333333,-0.11111111111111116,-0.0020629270953346247
-0.03333333333333334,3.3333333333333357,-1.1111111111111107,-0.11111111111111116,-0.0020629270953346247
-0.03333333333333334,3.3333333333333357,1.1111111111111107,-0.11111111111111116,0.0020629270953346247
-0.03333333333333334,3.3333333333333357,3.333333333333334,-0.11111111111111116,0.0020629270953346247
-0.03333333333333334,3.3333333333333357,5.555555555555557,-0.11111111111111116,0.0020629270953346247
-0.03333333333333334,3.3333333333333357,7.777777777777779,-0.11111111111111116,0.0020629270953346247
-0.03333333333333334,3.3333333333333357,10.0,-0.11111111111111116,0.0020629270953346247
-0.03333333333333334,10.0,-10.0,-0.11111111111111116,-0.0020629270953346247
-0.03333333333333334,10.0,-7.777777777777778,-0.11111111111111116,-0.0020629270953346247
-0.03333333333333334,10.0,-5.555555555555555,-0.11111111111111116,-0.0020629270953346247
-0.03333333333333334,10.0,-3.333333333333333,-0.11111111111111116,-0.0020629270953346247
-0.03333333333333334,10.0,-1.1111111111111107,-0.11111111111111116,-0.0020629270953346247
-0.03333333333333334,10.0,1.1111111111111107,-0.11111111111111116,0.0020629270953346247
-0.03333333333333334,10.0,3.333333333333334,-0.11111111111111116,0.0020629270953346247
-0.03333333333333334,10.0,5.555555555555557,-0.11111111111111116,0.0020629270953346247
-0.03333333333333334,10.0,7.777777777777779,-0.11111111111111116,0.0020629270953346247
-0.03333333333333334,10.0,10.0,-0.11111111111111116,0.0020629270953346247
-0.03333333333333334,16.66666666666667,-10.0,-0.11111111111111116,-0.0020629270953346247
-0.03333333333333334,16.66666666666667,-7.777777777777778,-0.11111111111111116,-0.0020629270953346247
-0.03333333333333334,16.66666666666667,-5.555555555555555,-0.11111111111111116,-0.0020629270953346247
-0.03333333333333334,16.66666666666667,-3.333333333333333,-0.11111111111111116,-0.0020629270953346247
-0.03333333333333334,16.66666666666667,-1.1111111111111107,-0.11111111111111116,-0.0020629270953346247
-0.03333333333333334,16.66666666666667,1.1111111111111107,-0.11111111111111116,0.0020629270953346247
-0.03333333333333334,16.66666666666667,3.333333333333334,-0.11111111111111116,0.0020629270953346247
-0.03333333333333334,16.66666666666667,5.555555555555557,-0.11111111111111116,0.0020629270953346247
-0.03333333333333334,16.66666666666667,7.777777777777779,-0.11111111111111116,0.0020629270953346247
-0.03333333333333334,16.66666666666667,10.0,-0.11111111111111116,0.0020629270953346247
-0.03333333333333334,23.333333333333336,-10.0,-0.11111111111111116,-0.0020629270953346247
-0.03333333333333334,23.333333333333336,-7.777777777777778,-0.11111111111111116,-0.0020629270953346247
-0.03333333333333334,23.333333333333336,-5.555555555555555,-0.11111111111111116,-0.0020629270953346247
-0.03333333333333334,23.333333333333336,-3.333333333333333,-0.11111111111111116,-0.0020629270953346247
-0.03333333333333334,23.333333333333336,-1.1111111111111107,-0.11111111111111116,-0.0020629270953346247
-0.03333333333333334,23.333333333333336,1.1111111111111107,-0.11111111111111116,0.0020629270953346247
-0.03333333333333334,23.333333333333336,3.333333333333334,-0.11111111111111116,0.0020629270953346247
-0.03333333333333334,23.333333333333336,5.555555555555557,-0.11111111111111116,0.0020629270953346247
-0.03333333333333334,23.333333333333336,7.777777777777779,-0.11111111111111116,0.0020629270953346247
-0.03333333333333334,23.333333333333336,10.0,-0.11111111111111116,0.0020629270953346247
-0.03333333333333334,30.0,-10.0,-0.11111111111111116,-0.0020629270953346247
-0.03333333333333334,30.0,-7.777777777777778,-0.11111111111111116,-0.0020629270953346247
-0.03333333333333334,30.0,-5.555555555555555,-0.11111111111111116,-0.0020629270953346247
-0.03333333333333334,30.0,-3.333333333333333,-0.11111111111111116,-0.0020629270953346247
-0.03333333333333334,30.0,-1.1111111111111107,-0.11111111111111116,-0.0020629270953346247
-0.03333333333333334,30.0,1.1111111111111107,-0.11111111111111116,0.0020629270953346247
-0.03333333333333334,30.0,3.333333333333334,-0.11111111111111116,0.0020629270953346247
-0.03333333333333334,30.0,5.555555555555557,-0.11111111111111116,0.0020629270953346247
-0.03333333333333334,30.0,7.777777777777779,-0.11111111111111116,0.0020629270953346247
-0.03333333333333334,30.0,10.0,-0.11111111111111116,0.0020629270953346247
-0.011111111111111113,-30.0,-10.0,-0.11111111111111116,-0.03280826528308042
-0.011111111111111113,-30.0,-7.777777777777778,-0.11111111111111116,-0.03280826528308042
-0.011111111111111113,-30.0,-5.555555555555555,-0.11111111111111116,-0.03280826528308042
-0.011111111111111113,-30.0,-3.333333333333333,-0.11111111111111116,-0.03280826528308042
-0.011111111111111113,-30.0,-1.1111111111111107,-0.11111111111111116,-0.03280826528308042
-0.011111111111111113,-30.0,1.1111111111111107,-0.11111111111111116,0.03280826528308042
-0.011111111111111113,-30.0,3.333333333333334,-0.11111111111111116,0.03280826528308042
-0.011111111111111113,-30.0,5.555555555555557,-0.11111111111111116,0.03280826528308042
-0.011111111111111113,-30.0,7.777777777777779,-0.11111111111111116,0.03280826528308042
-0.011111111111111113,-30.0,10.0,-0.11111111111111116,0.03280826528308042
-0.011111111111111113,-23.333333333333332,-10.0,-0.11111111111111116,-0.03280826528308042
-0.011111111111111113,-23.333333333333332,-7.777777777777778,-0.11111111111111116,-0.03280826528308042
-0.011111111111111113,-23.333333333333332,-5.555555555555555,-0.11111111111111116,-0.03280826528308042
-0.011111111111111113,-23.333333333333332,-3.333333333333333,-0.11111111111111116,-0.03280826528308042
-0.011111111111111113,-23.333333333333332,-1.1111111111111107,-0.11111111111111116,-0.03280826528308042
-0.011111111111111113,-23.333333333333332,1.1111111111111107,-0.11111111111111116,0.03280826528308042
-0.011111111111111113,-23.333333333333332,3.333333333333334,-0.11111111111111116,0.03280826528308042
-0.011111111111111113,-23.333333333333332,5.555555555555557,-0.11111111111111116,0.03280826528308042
-0.011111111111111113,-23.333333333333332,7.777777777777779,-0.11111111111111116,0.03280826528308042
-0.011111111111111113,-23.333333333333332,10.0,-0.11111111111111116,0.03280826528308042
-0.011111111111111113,-16.666666666666664,-10.0,-0.11111111111111116,-0.03280826528308042
-0.011111111111111113,-16.666666666666664,-7.777777777777778,-0.11111111111111116,-0.03280826528308042
-0.011111111111111113,-16.666666666666664,-5.555555555555555,-0.11111111111111116,-0.03280826528308042
-0.011111111111111113,-16.666666666666664,-3.333333333333333,-0.11111111111111116,-0.03280826528308042
-0.011111111111111113,-16.666666666666664,-1.1111111111111107,-0.11111111111111116,-0.03280826528308042
-0.011111111111111113,-16.666666666666664,1.1111111111111107,-0.11111111111111116,0.03280826528308042
-0.011111111111111113,-16.666666666666664,3.333333333333334,-0.11111111111111116,0.03280826528308042
-0.011111111111111113,-16.666666666666664,5.555555555555557,-0.11111111111111116,0.03280826528308042
-0.011111111111111113,-16.666666666666664,7.777777777777779,-0.11111111111111116,0.03280826528308042
-0.011111111111111113,-16.666666666666664,10.0,-0.11111111111111116,0.03280826528308042
-0.011111111111111113,-10.0,-10.0,-0.11111111111111116,-0.03280826528308042
-0.011111111111111113,-10.0,-7.777777777777778,-0.11111111111111116,-0.03280826528308042
-0.011111111111111113,-10.0,-5.555555555555555,-0.11111111111111116,-0.03280826528308042
-0.011111111111111113,-10.0,-3.333333333333333,-0.11111111111111116,-0.03280826528308042
-0.011111111111111113,-10.0,-1.1111111111111107,-0.11111111111111116,-0.03280826528308042
-0.011111111111111113,-10.0,1.1111111111111107,-0.11111111111111116,0.03280826528308042
-0.011111111111111113,-10.0,3.333333333333334,-0.11111111111111116,0.03280826528308042
-0.011111111111111113,-10.0,5.555555555555557,-0.11111111111111116,0.03280826528308042
-0.011111111111111113,-10.0,7.777777777777779,-0.11111111111111116,0.03280826528308042
-0.011111111111111113,-10.0,10.0,-0.11111111111111116,0.03280826528308042
-0.011111111111111113,-3.333333333333332,-10.0,-0.11111111111111116,-0.03280826528308042
-0.011111111111111113,-3.333333333333332,-7.777777777777778,-0.11111111111111116,-0.03280826528308042
-0.011111111111111113,-3.333333333333332,-5.555555555555555,-0.11111111111111116,-0.03280826528308042
-0.011111111111111113,-3.333333333333332,-3.333333333333333,-0.11111111111111116,-0.03280826528308042
-0.011111111111111113,-3.333333333333332,-1.1111111111111107,-0.11111111111111116,-0.03280826528308042
-0.011111111111111113,-3.333333333333332,1.1111111111111107,-0.11111111111111116,0.03280826528308042
-0.011111111111111113,-3.333333333333332,3.333333333333334,-0.11111111111111116,0.03280826528308042
-0.011111111111111113,-3.333333333333332,5.555555555555557,-0.11111111111111116,0.03280826528308042
-0.011111111111111113,-3.333333333333332,7.777777777777779,-0.11111111111111116,0.03280826528308042
-0.011111111111111113,-3.333333333333332,10.0,-0.11111111111111116,0.03280826528308042
-0.011111111111111113,3.3333333333333357,-10.0,-0.11111111111111116,-0.03280826528308042
-0.011111111111111113,3.3333333333333357,-7.777777777777778,-0.11111111111111116,-0.03280826528308042
-0.011111111111111113,3.3333333333333357,-5.555555555555555,-0.11111111111111116,-0.03280826528308042
-0.011111111111111113,3.3333333333333357,-3.333333333333333,-0.11111111111111116,-0.03280826528308042
-0.011111111111111113,3.3333333333333357,-1.1111111111111107,-0.11111111111111116,-0.03280826528308042
-0.011111111111111113,3.3333333333333357,1.1111111111111107,-0.11111111111111116,0.03280826528308042
-0.011111111111111113,3.3333333333333357,3.333333333333334,-0.11111111111111116,0.03280826528308042
-0.011111111111111113,3.3333333333333357,5.555555555555557,-0.11111111111111116,0.03280826528308042
-0.011111111111111113,3.3333333333333357,7.777777777777779,-0.11111111111111116,0.03280826528308042
-0.011111111111111113,3.3333333333333357,10.0,-0.11111111111111116,0.03280826528308042
-0.011111111111111113,10.0,-10.0,-0.11111111111111116,-0.03280826528308042
-0.011111111111111113,10.0,-7.777777777777778,-0.11111111111111116,-0.03280826528308042
-0.011111111111111113,10.0,-5.555555555555555,-0.11111111111111116,-0.03280826528308042
-0.011111111111111113,10.0,-3.333333333333333,-0.11111111111111116,-0.03280826528308042
-0.011111111111111113,10.0,-1.1111111111111107,-0.11111111111111116,-0.03280826528308042
-0.011111111111111113,10.0,1.1111111111111107,-0.11111111111111116,0.03280826528308042
-0.011111111111111113,10.0,3.333333333333334,-0.11111111111111116,0.03280826528308042
-0.011111111111111113,10.0,5.555555555555557,-0.11111111111111116,0.03280826528308042
-0.011111111111111113,10.0,7.777777777777779,-0.11111111111111116,0.03280826528308042
-0.011111111111111113,10.0,10.0,-0.11111111111111116,0.03280826528308042
-0.011111111111111113,16.66666666666667,-10.0,-0.11111111111111116,-0.03280826528308042
-0.011111111111111113,16.66666666666667,-7.777777777777778,-0.11111111111111116,-0.03280826528308042
-0.011111111111111113,16.66666666666667,-5.555555555555555,-0.11111111111111116,-0.03280826528308042
-0.011111111111111113,16.66666666666667,-3.333333333333333,-0.11111111111111116,-0.03280826528308042
-0.011111111111111113,16.66666666666667,-1.1111111111111107,-0.11111111111111116,-0.03280826528308042
-0.011111111111111113,16.66666666666667,1.1111111111111107,-0.11111111111111116,0.03280826528308042
-0.011111111111111113,16.66666666666667,3.333333333333334,-0.11111111111111116,0.03280826528308042
-0.011111111111111113,16.66666666666667,5.555555555555557,-0.11111111111111116,0.03280826528308042
-0.011111111111111113,16.66666666666667,7.777777777777779,-0.11111111111111116,0.03280826528308042
-0.011111111111111113,16.66666666666667,10.0,-0.11111111111111116,0.03280826528308042
-0.011111111111111113,23.333333333333336,-10.0,-0.11111111111111116,-0.03280826528308042
-0.011111111111111113,23.333333333333336,-7.777777777777778,-0.11111111111111116,-0.03280826528308042
-0.011111111111111113,23.333333333333336,-5.555555555555555,-0.11111111111111116,-0.03280826528308042
-0.011111111111111113,23.333333333333336,-3.333333333333333,-0.11111111111111116,-0.03280826528308042
-0.011111111111111113,23.333333333333336,-1.1111111111111107,-0.11111111111111116,-0.03280826528308042
-0.011111111111111113,23.333333333333336,1.1111111111111107,-0.11111111111111116,0.03280826528308042
-0.011111111111111113,23.333333333333336,3.333333333333334,-0.11111111111111116,0.03280826528308042
-0.011111111111111113,23.333333333333336,5.555555555555557,-0.11111111111111116,0.03280826528308042
-0.011111111111111113,23.333333333333336,7.777777777777779,-0.11111111111111116,0.03280826528308042
-0.011111111111111113,23.333333333333336,10.0,-0.11111111111111116,0.03280826528308042
-0.011111111111111113,30.0,-10.0,-0.11111111111111116,-0.03280826528308042
-0.011111111111111113,30.0,-7.777777777777778,-0.11111111111111116,-0.03280826528308042
-0.011111111111111113,30.0,-5.555555555555555,-0.11111111111111116,-0.03280826528308042
-0.011111111111111113,30.0,-3.333333333333333,-0.11111111111111116,-0.03280826528308042
-0.011111111111111113,30.0,-1.1111111111111107,-0.11111111111111116,-0.03280826528308042
-0.011111111111111113,30.0,1.1111111111111107,-0.11111111111111116,0.03280826528308042
-0.011111111111111113,30.0,3.333333333333334,-0.11111111111111116,0.03280826528308042
-0.011111111111111113,30.0,5.555555555555557,-0.11111111111111116,0.03280826528308042
-0.011111111111111113,30.0,7.777777777777779,-0.11111111111111116,0.03280826528308042
-0.011111111111111113,30.0,10.0,-0.11111111111111116,0.03280826528308042
0.011111111111111113,-30.0,-10.0,-0.11111111111111116,-0.03280826528308042
0.011111111111111113,-30.0,-7.777777777777778,-0.11111111111111116,-0.03280826528308042
0.011111111111111113,-30.0,-5.555555555555555,-0.11111111111111116,-0.03280826528308042
0.011111111111111113,-30.0,-3.333333333333333,-0.11111111111111116,-0.03280826528308042
0.011111111111111113,-30.0,-1.1111111111111107,-0.11111111111111116,-0.03280826528308042
0.011111111111111113,-30.0,1.1111111111111107,-0.11111111111111116,0.03280826528308042
0.011111111111111113,-30.0,3.333333333333334,-0.11111111111111116,0.03280826528308042
0.011111111111111113,-30.0,5.555555555555557,-0.11111111111111116,0.03280826528308042
0.011111111111111113,-30.0,7.777777777777779,-0.11111111111111116,0.03280826528308042
0.011111111111111113,-30.0,10.0,-0.11111111111111116,0.03280826528308042
0.011111111111111113,-23.333333333333332,-10.0,-0.11111111111111116,-0.03280826528308042
0.011111111111111113,-23.333333333333332,-7.777777777777778,-0.11111111111111116,-0.03280826528308042
0.011111111111111113,-23.333333333333332,-5.555555555555555,-0.11111111111111116,-0.03280826528308042
0.011111111111111113,-23.333333333333332,-3.333333333333333,-0.11111111111111116,-0.03280826528308042
0.011111111111111113,-23.333333333333332,-1.1111111111111107,-0.11111111111111116,-0.03280826528308042
0.011111111111111113,-23.333333333333332,1.1111111111111107,-0.11111111111111116,0.03280826528308042
0.011111111111111113,-23.333333333333332,3.333333333333334,-0.11111111111111116,0.03280826528308042
0.011111111111111113,-23.333333333333332,5.555555555555557,-0.11111111111111116,0.03280826528308042
0.011111111111111113,-23.333333333333332,7.777777777777779,-0.11111111111111116,0.03280826528308042
0.011111111111111113,-23.333333333333332,10.0,-0.11111111111111116,0.03280826528308042
0.011111111111111113,-16.666666666666664,-10.0,-0.11111111111111116,-0.03280826528308042
0.011111111111111113,-16.666666666666664,-7.777777777777778,-0.11111111111111116,-0.03280826528308042
0.011111111111111113,-16.666666666666664,-5.555555555555555,-0.11111111111111116,-0.03280826528308042
0.011111111111111113,-16.666666666666664,-3.333333333333333,-0.11111111111111116,-0.03280826528308042
0.011111111111111113,-16.666666666666664,-1.1111111111111107,-0.11111111111111116,-0.03280826528308042
0.011111111111111113,-16.666666666666664,1.1111111111111107,-0.11111111111111116,0.03280826528308042
0.011111111111111113,-16.666666666666664,3.333333333333334,-0.11111111111111116,0.03280826528308042
0.011111111111111113,-16.666666666666664,5.555555555555557,-0.11111111111111116,0.03280826528308042
0.011111111111111113,-16.666666666666664,7.777777777777779,-0.11111111111111116,0.03280826528308042
0.011111111111111113,-16.666666666666664,10.0,-0.11111111111111116,0.03280826528308042
0.011111111111111113,-10.0,-10.0,-0.11111111111111116,-0.03280826528308042
0.011111111111111113,-10.0,-7.777777777777778,-0.11111111111111116,-0.03280826528308042
0.011111111111111113,-10.0,-5.555555555555555,-0.11111111111111116,-0.03280826528308042
0.011111111111111113,-10.0,-3.333333333333333,-0.11111111111111116,-0.03280826528308042
0.011111111111111113,-10.0,-1.1111111111111107,-0.11111111111111116,-0.03280826528308042
0.011111111111111113,-10.0,1.1111111111111107,-0.11111111111111116,0.03280826528308042
0.011111111111111113,-10.0,3.333333333333334,-0.11111111111111116,0.03280826528308042
0.011111111111111113,-10.0,5.555555555555557,-0.11111111111111116,0.03280826528308042
0.011111111111111113,-10.0,7.777777777777779,-0.11111111111111116,0.03280826528308042
0.011111111111111113,-10.0,10.0,-0.11111111111111116,0.03280826528308042
0.011111111111111113,-3.333333333333332,-10.0,-0.11111111111111116,-0.03280826528308042
0.011111111111111113,-3.333333333333332,-7.777777777777778,-0.11111111111111116,-0.03280826528308042
0.011111111111111113,-3.333333333333332,-5.555555555555555,-0.11111111111111116,-0.03280826528308042
0.011111111111111113,-3.333333333333332,-3.333333333333333,-0.11111111111111116,-0.03280826528308042
0.011111111111111113,-3.333333333333332,-1.1111111111111107,-0.11111111111111116,-0.03280826528308042
0.011111111111111113,-3.333333333333332,1.1111111111111107,-0.11111111111111116,0.03280826528308042
0.011111111111111113,-3.333333333333332,3.333333333333334,-0.11111111111111116,0.03280826528308042
0.011111111111111113,-3.333333333333332,5.555555555555557,-0.11111111111111116,0.03280826528308042
0.011111111111111113,-3.333333333333332,7.777777777777779,-0.11111111111111116,0.03280826528308042
0.011111111111111113,-3.333333333333332,10.0,-0.11111111111111116,0.03280826528308042
0.011111111111111113,3.3333333333333357,-10.0,-0.11111111111111116,-0.03280826528308042
0.011111111111111113,3.3333333333333357,-7.777777777777778,-0.11111111111111116,-0.03280826528308042
0.011111111111111113,3.3333333333333357,-5.555555555555555,-0.11111111111111116,-0.03280826528308042
0.011111111111111113,3.3333333333333357,-3.333333333333333,-0.11111111111111116,-0.03280826528308042
0.011111111111111113,3.3333333333333357,-1.1111111111111107,-0.11111111111111116,-0.03280826528308042
0.011111111111111113,3.3333333333333357,1.1111111111111107,-0.11111111111111116,0.03280826528308042
0.011111111111111113,3.3333333333333357,3.333333333333334,-0.11111111111111116,0.03280826528308042
0.011111111111111113,3.3333333333333357,5.555555555555557,-0.11111111111111116,0.03280826528308042
0.011111111111111113,3.3333333333333357,7.777777777777779,-0.11111111111111116,0.03280826528308042
0.011111111111111113,3.3333333333333357,10.0,-0.11111111111111116,0.03280826528308042
0.011111111111111113,10.0,-10.0,-0.11111111111111116,-0.03280826528308042
0.011111111111111113,10.0,-7.777777777777778,-0.11111111111111116,-0.03280826528308042
0.011111111111111113,10.0,-5.555555555555555,-0.11111111111111116,-0.03280826528308042
0.011111111111111113,10.0,-3.333333333333333,-0.11111111111111116,-0.03280826528308042
0.011111111111111113,10.0,-1.1111111111111107,-0.11111111111111116,-0.03280826528308042
0.011111111111111113,10.0,1.1111111111111107,-0.11111111111111116,0.03280826528308042
0.011111111111111113,10.0,3.333333333333334,-0.11111111111111116,0.03280826528308042
0.011111111111111113,10.0,5.555555555555557,-0.11111111111111116,0.03280826528308042
0.011111111111111113,10.0,7.777777777777779,-0.11111111111111116,0.03280826528308042
0.011111111111111113,10.0,10.0,-0.11111111111111116,0.03280826528308042
0.011111111111111113,16.66666666666667,-10.0,-0.11111111111111116,-0.03280826528308042
0.011111111111111113,16.66666666666667,-7.777777777777778,-0.11111111111111116,-0.03280826528308042
0.011111111111111113,16.66666666666667,-5.555555555555555,-0.11111111111111116,-0.03280826528308042
0.011111111111111113,16.66666666666667,-3.333333333333333,-0.11111111111111116,-0.03280826528308042
0.011111111111111113,16.66666666666667,-1.1111111111111107,-0.11111111111111116,-0.03280826528308042
0.011111111111111113,16.66666666666667,1.1111111111111107,-0.11111111111111116,0.03280826528308042
0.011111111111111113,16.66666666666667,3.333333333333334,-0.11111111111111116,0.03280826528308042
0.011111111111111113,16.66666666666667,5.555555555555557,-0.11111111111111116,0.03280826528308042
0.011111111111111113,16.66666666666667,7.777777777777779,-0.11111111111111116,0.03280826528308042
0.011111111111111113,16.66666666666667,10.0,-0.11111111111111116,0.03280826528308042
0.011111111111111113,23.333333333333336,-10.0,-0.11111111111111116,-0.03280826528308042
0.011111111111111113,23.333333333333336,-7.777777777777778,-0.11111111111111116,-0.03280826528308042
0.011111111111111113,23.333333333333336,-5.555555555555555,-0.11111111111111116,-0.03280826528308042
0.011111111111111113,23.333333333333336,-3.333333333333333,-0.11111111111111116,-0.03280826528308042
0.011111111111111113,23.333333333333336,-1.1111111111111107,-0.11111111111111116,-0.03280826528308042
0.011111111111111113,23.333333333333336,1.1111111111111107,-0.11111111111111116,0.03280826528308042
0.011111111111111113,23.333333333333336,3.333333333333334,-0.11111111111111116,0.03280826528308042
0.011111111111111113,23.333333333333336,5.555555555555557,-0.11111111111111116,0.03280826528308042
0.011111111111111113,23.333333333333336,7.777777777777779,-0.11111111111111116,0.03280826528308042
0.011111111111111113,23.333333333333336,10.0,-0.11111111111111116,0.03280826528308042
0.011111111111111113,30.0,-10.0,-0.11111111111111116,-0.03280826528308042
0.011111111111111113,30.0,-7.777777777777778,-0.11111111111111116,-0.03280826528308042
0.011111111111111113,30.0,-5.555555555555555,-0.11111111111111116,-0.03280826528308042
0.011111111111111113,30.0,-3.333333333333333,-0.11111111111111116,-0.03280826528308042
0.011111111111111113,30.0,-1.1111111111111107,-0.11111111111111116,-0.03280826528308042
0.011111111111111113,30.0,1.1111111111111107,-0.11111111111111116,0.03280826528308042
0.011111111111111113,30.0,3.333333333333334,-0.11111111111111116,0.03280826528308042
0.011111111111111113,30.0,5.555555555555557,-0.11111111111111116,0.03280826528308042
0.011111111111111113,30.0,7.777777777777779,-0.11111111111111116,0.03280826528308042
0.011111111111111113,30.0,10.0,-0.11111111111111116,0.03280826528308042
0.033333333333333326,-30.0,-10.0,-0.11111111111111116,-0.002062927095334653
0.033333333333333326,-30.0,-7.777777777777778,-0.11111111111111116,-0.002062927095334653
0.033333333333333326,-30.0,-5.555555555555555,-0.11111111111111116,-0.002062927095334653
0.033333333333333326,-30.0,-3.333333333333333,-0.11111111111111116,-0.002062927095334653
0.033333333333333326,-30.0,-1.1111111111111107,-0.11111111111111116,-0.002062927095334653
0.033333333333333326,-30.0,1.1111111111111107,-0.11111111111111116,0.002062927095334653
0.033333333333333326,-30.0,3.333333333333334,-0.11111111111111116,0.002062927095334653
0.033333333333333326,-30.0,5.555555555555557,-0.11111111111111116,0.002062927095334653
0.033333333333333326,-30.0,7.777777777777779,-0.11111111111111116,0.002062927095334653
0.033333333333333326,-30.0,10.0,-0.11111111111111116,0.002062927095334653
0.033333333333333326,-23.333333333333332,-10.0,-0.11111111111111116,-0.002062927095334653
0.033333333333333326,-23.333333333333332,-7.777777777777778,-0.11111111111111116,-0.002062927095334653
0.033333333333333326,-23.333333333333332,-5.555555555555555,-0.11111111111111116,-0.002062927095334653
0.033333333333333326,-23.333333333333332,-3.333333333333333,-0.11111111111111116,-0.002062927095334653
0.033333333333333326,-23.333333333333332,-1.1111111111111107,-0.11111111111111116,-0.002062927095334653
0.033333333333333326,-23.333333333333332,1.1111111111111107,-0.11111111111111116,0.002062927095334653
0.033333333333333326,-23.333333333333332,3.333333333333334,-0.11111111111111116,0.002062927095334653
0.033333333333333326,-23.333333333333332,5.555555555555557,-0.11111111111111116,0.002062927095334653
0.033333333333333326,-23.333333333333332,7.777777777777779,-0.11111111111111116,0.002062927095334653
0.033333333333333326,-23.333333333333332,10.0,-0.11111111111111116,0.002062927095334653
0.033333333333333326,-16.666666666666664,-10.0,-0.11111111111111116,-0.002062927095334653
0.033333333333333326,-16.666666666666664,-7.777777777777778,-0.11111111111111116,-0.002062927095334653
0.033333333333333326,-16.666666666666664,-5.555555555555555,-0.11111111111111116,-0.002062927095334653
0.033333333333333326,-16.666666666666664,-3.333333333333333,-0.11111111111111116,-0.002062927095334653
0.033333333333333326,-16.666666666666664,-1.1111111111111107,-0.11111111111111116,-0.002062927095334653
0.033333333333333326,-16.666666666666664,1.1111111111111107,-0.11111111111111116,0.002062927095334653
0.033333333333333326,-16.666666666666664,3.333333333333334,-0.11111111111111116,0.002062927095334653
0.033333333333333326,-16.666666666666664,5.555555555555557,-0.11111111111111116,0.002062927095334653
0.033333333333333326,-16.666666666666664,7.777777777777779,-0.11111111111111116,0.002062927095334653
0.033333333333333326,-16.666666666666664,10.0,-0.11111111111111116,0.002062927095334653
0.033333333333333326,-10.0,-10.0,-0.11111111111111116,-0.002062927095334653
0.033333333333333326,-10.0,-7.777777777777778,-0.11111111111111116,-0.002062927095334653
0.033333333333333326,-10.0,-5.555555555555555,-0.11111111111111116,-0.002062927095334653
0.033333333333333326,-10.0,-3.333333333333333,-0.11111111111111116,-0.002062927095334653
0.033333333333333326,-10.0,-1.1111111111111107,-0.11111111111111116,-0.002062927095334653
0.033333333333333326,-10.0,1.1111111111111107,-0.11111111111111116,0.002062927095334653
0.033333333333333326,-10.0,3.333333333333334,-0.11111111111111116,0.002062927095334653
0.033333333333333326,-10.0,5.555555555555557,-0.11111111111111116,0.002062927095334653
0.033333333333333326,-10.0,7.777777777777779,-0.11111111111111116,0.002062927095334653
0.033333333333333326,-10.0,10.0,-0.11111111111111116,0.002062927095334653
0.033333333333333326,-3.333333333333332,-10.0,-0.11111111111111116,-0.002062927095334653
0.033333333333333326,-3.333333333333332,-7.777777777777778,-0.11111111111111116,-0.002062927095334653
0.033333333333333326,-3.333333333333332,-5.555555555555555,-0.11111111111111116,-0.002062927095334653
0.033333333333333326,-3.333333333333332,-3.333333333333333,-0.11111111111111116,-0.002062927095334653
0.033333333333333326,-3.333333333333332,-1.1111111111111107,-0.11111111111111116,-0.002062927095334653
0.033333333333333326,-3.333333333333332,1.1111111111111107,-0.11111111111111116,0.002062927095334653
0.033333333333333326,-3.333333333333332,3.333333333333334,-0.11111111111111116,0.002062927095334653
0.033333333333333326,-3.333333333333332,5.555555555555557,-0.11111111111111116,0.002062927095334653
0.033333333333333326,-3.333333333333332,7.777777777777779,-0.11111111111111116,0.002062927095334653
0.033333333333333326,-3.333333333333332,10.0,-0.11111111111111116,0.002062927095334653
0.033333333333333326,3.3333333333333357,-10.0,-0.11111111111111116,-0.002062927095334653
0.033333333333333326,3.3333333333333357,-7.777777777777778,-0.11111111111111116,-0.002062927095334653
0.033333333333333326,3.3333333333333357,-5.555555555555555,-0.11111111111111116,-0.002062927095334653
0.033333333333333326,3.3333333333333357,-3.333333333333333,-0.11111111111111116,-0.002062927095334653
0.033333333333333326,3.3333333333333357,-1.1111111111111107,-0.11111111111111116,-0.002062927095334653
0.033333333333333326,3.3333333333333357,1.1111111111111107,-0.11111111111111116,0.002062927095334653
0.033333333333333326,3.3333333333333357,3.333333333333334,-0.11111111111111116,0.002062927095334653
0.033333333333333326,3.3333333333333357,5.555555555555557,-0.11111111111111116,0.002062927095334653
0.033333333333333326,3.3333333333333357,7.777777777777779,-0.11111111111111116,0.002062927095334653
0.033333333333333326,3.3333333333333357,10.0,-0.11111111111111116,0.002062927095334653
0.033333333333333326,10.0,-10.0,-0.11111111111111116,-0.002062927095334653
0.033333333333333326,10.0,-7.777777777777778,-0.11111111111111116,-0.002062927095334653
0.033333333333333326,10.0,-5.555555555555555,-0.11111111111111116,-0.002062927095334653
0.033333333333333326,10.0,-3.333333333333333,-0.11111111111111116,-0.002062927095334653
0.033333333333333326,10.0,-1.1111111111111107,-0.11111111111111116,-0.002062927095334653
0.033333333333333326,10.0,1.1111111111111107,-0.11111111111111116,0.002062927095334653
0.033333333333333326,10.0,3.333333333333334,-0.11111111111111116,0.002062927095334653
0.033333333333333326,10.0,5.555555555555557,-0.11111111111111116,0.002062927095334653
0.033333333333333326,10.0,7.777777777777779,-0.11111111111111116,0.002062927095334653
0.033333333333333326,10.0,10.0,-0.11111111111111116,0.002062927095334653
0.033333333333333326,16.66666666666667,-10.0,-0.11111111111111116,-0.002062927095334653
0.033333333333333326,16.66666666666667,-7.777777777777778,-0.11111111111111116,-0.002062927095334653
0.033333333333333326,16.66666666666667,-5.555555555555555,-0.11111111111111116,-0.002062927095334653
0.033333333333333326,16.66666666666667,-3.333333333333333,-0.11111111111111116,-0.002062927095334653
0.033333333333333326,16.66666666666667,-1.1111111111111107,-0.11111111111111116,-0.002062927095334653
0.033333333333333326,16.66666666666667,1.1111111111111107,-0.11111111111111116,0.002062927095334653
0.033333333333333326,16.66666666666667,3.333333333333334,-0.11111111111111116,0.002062927095334653
0.033333333333333326,16.66666666666667,5.555555555555557,-0.11111111111111116,0.002062927095334653
0.033333333333333326,16.66666666666667,7.777777777777779,-0.11111111111111116,0.002062927095334653
0.033333333333333326,16.66666666666667,10.0,-0.11111111111111116,0.002062927095334653
0.033333333333333326,23.333333333333336,-10.0,-0.11111111111111116,-0.002062927095334653
0.033333333333333326,23.333333333333336,-7.777777777777778,-0.11111111111111116,-0.002062927095334653
0.033333333333333326,23.333333333333336,-5.555555555555555,-0.11111111111111116,-0.002062927095334653
0.033333333333333326,23.333333333333336,-3.333333333333333,-0.11111111111111116,-0.002062927095334653
0.033333333333333326,23.333333333333336,-1.1111111111111107,-0.11111111111111116,-0.002062927095334653
0.033333333333333326,23.333333333333336,1.1111111111111107,-0.11111111111111116,0.002062927095334653
0.033333333333333326,23.333333333333336,3.333333333333334,-0.11111111111111116,0.002062927095334653
0.033333333333333326,23.333333333333336,5.555555555555557,-0.11111111111111116,0.002062927095334653
0.033333333333333326,23.333333333333336,7.777777777777779,-0.11111111111111116,0.002062927095334653
0.033333333333333326,23.333333333333336,10.0,-0.11111111111111116,0.002062927095334653
0.033333333333333326,30.0,-10.0,-0.11111111111111116,-0.002062927095334653
0.033333333333333326,30.0,-7.777777777777778,-0.11111111111111116,-0.002062927095334653
0.033333333333333326,30.0,-5.555555555555555,-0.11111111111111116,-0.002062927095334653
0.033333333333333326,30.0,-3.333333333333333,-0.11111111111111116,-0.002062927095334653
0.033333333333333326,30.0,-1.1111111111111107,-0.11111111111111116,-0.002062927095334653
0.033333333333333326,30.0,1.1111111111111107,-0.11111111111111116,0.002062927095334653
0.033333333333333326,30.0,3.333333333333334,-0.11111111111111116,0.002062927095334653
0.033333333333333326,30.0,5.555555555555557,-0.11111111111111116,0.002062927095334653
0.033333333333333326,30.0,7.777777777777779,-0.11111111111111116,0.002062927095334653
0.033333333333333326,30.0,10.0,-0.11111111111111116,0.002062927095334653
0.05555555555555555,-30.0,-10.0,-0.11111111111111116,-0.00010765139698915294
0.05555555555555555,-30.0,-7.777777777777778,-0.11111111111111116,-0.00010765139698915294
0.05555555555555555,-30.0,-5.555555555555555,-0.11111111111111116,-0.00010765139698915294
0.05555555555555555,-30.0,-3.333333333333333,-0.11111111111111116,-0.00010765139698915294
0.05555555555555555,-30.0,-1.1111111111111107,-0.11111111111111116,-0.00010765139698915294
0.05555555555555555,-30.0,1.1111111111111107,-0.11111111111111116,0.00010765139698915294
0.05555555555555555,-30.0,3.333333333333334,-0.11111111111111116,0.00010765139698915294
0.05555555555555555,-30.0,5.555555555555557,-0.11111111111111116,0.00010765139698915294
0.05555555555555555,-30.0,7.777777777777779,-0.11111111111111116,0.00010765139698915294
0.05555555555555555,-30.0,10.0,-0.11111111111111116,0.00010765139698915294
0.05555555555555555,-23.333333333333332,-10.0,-0.11111111111111116,-0.00010765139698915294
0.05555555555555555,-23.333333333333332,-7.777777777777778,-0.11111111111111116,-0.00010765139698915294
0.05555555555555555,-23.333333333333332,-5.555555555555555,-0.11111111111111116,-0.00010765139698915294
0.05555555555555555,-23.333333333333332,-3.333333333333333,-0.11111111111111116,-0.00010765139698915294
0.05555555555555555,-23.333333333333332,-1.1111111111111107,-0.11111111111111116,-0.00010765139698915294
0.05555555555555555,-23.333333333333332,1.1111111111111107,-0.11111111111111116,0.00010765139698915294
0.05555555555555555,-23.333333333333332,3.333333333333334,-0.11111111111111116,0.00010765139698915294
0.05555555555555555,-23.333333333333332,5.555555555555557,-0.11111111111111116,0.00010765139698915294
0.05555555555555555,-23.333333333333332,7.777777777777779,-0.11111111111111116,0.00010765139698915294
0.05555555555555555,-23.333333333333332,10.0,-0.11111111111111116,0.00010765139698915294
0.05555555555555555,-16.666666666666664,-10.0,-0.11111111111111116,-0.00010765139698915294
0.05555555555555555,-16.666666666666664,-7.777777777777778,-0.11111111111111116,-0.00010765139698915294
0.05555555555555555,-16.666666666666664,-5.555555555555555,-0.11111111111111116,-0.00010765139698915294
0.05555555555555555,-16.666666666666664,-3.333333333333333,-0.11111111111111116,-0.00010765139698915294
0.05555555555555555,-16.666666666666664,-1.1111111111111107,-0.11111111111111116,-0.00010765139698915294
0.05555555555555555,-16.666666666666664,1.1111111111111107,-0.11111111111111116,0.00010765139698915294
0.05555555555555555,-16.666666666666664,3.333333333333334,-0.11111111111111116,0.00010765139698915294
0.05555555555555555,-16.666666666666664,5.555555555555557,-0.11111111111111116,0.00010765139698915294
0.05555555555555555,-16.666666666666664,7.777777777777779,-0.11111111111111116,0.00010765139698915294
0.05555555555555555,-16.666666666666664,10.0,-0.11111111111111116,0.00010765139698915294
0.05555555555555555,-10.0,-10.0,-0.11111111111111116,-0.00010765139698915294
0.05555555555555555,-10.0,-7.777777777777778,-0.11111111111111116,-0.00010765139698915294
0.05555555555555555,-10.0,-5.555555555555555,-0.11111111111111116,-0.00010765139698915294
0.05555555555555555,-10.0,-3.333333333333333,-0.11111111111111116,-0.00010765139698915294
0.05555555555555555,-10.0,-1.1111111111111107,-0.11111111111111116,-0.00010765139698915294
0.05555555555555555,-10.0,1.1111111111111107,-0.11111111111111116,0.00010765139698915294
0.05555555555555555,-10.0,3.333333333333334,-0.11111111111111116,0.00010765139698915294
0.05555555555555555,-10.0,5.555555555555557,-0.11111111111111116,0.00010765139698915294
0.05555555555555555,-10.0,7.777777777777779,-0.11111111111111116,0.00010765139698915294
0.05555555555555555,-10.0,10.0,-0.11111111111111116,0.00010765139698915294
0.05555555555555555,-3.333333333333332,-10.0,-0.11111111111111116,-0.00010765139698915294
0.05555555555555555,-3.333333333333332,-7.777777777777778,-0.11111111111111116,-0.00010765139698915294
0.05555555555555555,-3.333333333333332,-5.555555555555555,-0.11111111111111116,-0.00010765139698915294
0.05555555555555555,-3.333333333333332,-3.333333333333333,-0.11111111111111116,-0.00010765139698915294
0.05555555555555555,-3.333333333333332,-1.1111111111111107,-0.11111111111111116,-0.00010765139698915294
0.05555555555555555,-3.333333333333332,1.1111111111111107,-0.11111111111111116,0.00010765139698915294
0.05555555555555555,-3.333333333333332,3.333333333333334,-0.11111111111111116,0.00010765139698915294
0.05555555555555555,-3.333333333333332,5.555555555555557,-0.11111111111111116,0.00010765139698915294
0.05555555555555555,-3.333333333333332,7.777777777777779,-0.11111111111111116,0.00010765139698915294
0.05555555555555555,-3.333333333333332,10.0,-0.11111111111111116,0.00010765139698915294
0.05555555555555555,3.3333333333333357,-10.0,-0.11111111111111116,-0.00010765139698915294
0.05555555555555555,3.3333333333333357,-7.777777777777778,-0.11111111111111116,-0.00010765139698915294
0.05555555555555555,3.3333333333333357,-5.555555555555555,-0.11111111111111116,-0.00010765139698915294
0.05555555555555555,3.3333333333333357,-3.333333333333333,-0.11111111111111116,-0.00010765139698915294
0.05555555555555555,3.3333333333333357,-1.1111111111111107,-0.11111111111111116,-0.00010765139698915294
0.05555555555555555,3.3333333333333357,1.1111111111111107,-0.11111111111111116,0.00010765139698915294
0.05555555555555555,3.3333333333333357,3.333333333333334,-0.11111111111111116,0.00010765139698915294
0.05555555555555555,3.3333333333333357,5.555555555555557,-0.11111111111111116,0.00010765139698915294
0.05555555555555555,3.3333333333333357,7.777777777777779,-0.11111111111111116,0.00010765139698915294
0.05555555555555555,3.3333333333333357,10.0,-0.11111111111111116,0.00010765139698915294
0.05555555555555555,10.0,-10.0,-0.11111111111111116,-0.00010765139698915294
0.05555555555555555,10.0,-7.777777777777778,-0.11111111111111116,-0.00010765139698915294
0.05555555555555555,10.0,-5.555555555555555,-0.11111111111111116,-0.00010765139698915294
0.05555555555555555,10.0,-3.333333333333333,-0.11111111111111116,-0.00010765139698915294
0.05555555555555555,10.0,-1.1111111111111107,-0.11111111111111116,-0.00010765139698915294
0.05555555555555555,10.0,1.1111111111111107,-0.11111111111111116,0.00010765139698915294
0.05555555555555555,10.0,3.333333333333334,-0.11111111111111116,0.00010765139698915294
0.05555555555555555,10.0,5.555555555555557,-0.11111111111111116,0.00010765139698915294
0.05555555555555555,10.0,7.777777777777779,-0.11111111111111116,0.00010765139698915294
0.05555555555555555,10.0,10.0,-0.11111111111111116,0.00010765139698915294
0.05555555555555555,16.66666666666667,-10.0,-0.11111111111111116,-0.00010765139698915294
0.05555555555555555,16.66666666666667,-7.777777777777778,-0.11111111111111116,-0.00010765139698915294
0.05555555555555555,16.66666666666667,-5.555555555555555,-0.11111111111111116,-0.00010765139698915294
0.05555555555555555,16.66666666666667,-3.333333333333333,-0.11111111111111116,-0.00010765139698915294
0.05555555555555555,16.66666666666667,-1.1111111111111107,-0.11111111111111116,-0.00010765139698915294
0.05555555555555555,16.66666666666667,1.1111111111111107,-0.11111111111111116,0.00010765139698915294
0.05555555555555555,16.66666666666667,3.333333333333334,-0.11111111111111116,0.00010765139698915294
0.05555555555555555,16.66666666666667,5.555555555555557,-0.11111111111111116,0.00010765139698915294
0.05555555555555555,16.66666666666667,7.777777777777779,-0.11111111111111116,0.00010765139698915294
0.05555555555555555,16.66666666666667,10.0,-0.11111111111111116,0.00010765139698915294
0.05555555555555555,23.333333333333336,-10.0,-0.11111111111111116,-0.00010765139698915294
0.05555555555555555,23.333333333333336,-7.777777777777778,-0.11111111111111116,-0.00010765139698915294
0.05555555555555555,23.333333333333336,-5.555555555555555,-0.11111111111111116,-0.00010765139698915294
0.05555555555555555,23.333333333333336,-3.333333333333333,-0.11111111111111116,-0.00010765139698915294
0.05555555555555555,23.333333333333336,-1.1111111111111107,-0.11111111111111116,-0.00010765139698915294
0.05555555555555555,23.333333333333336,1.1111111111111107,-0.11111111111111116,0.00010765139698915294
0.05555555555555555,23.333333333333336,3.333333333333334,-0.11111111111111116,0.00010765139698915294
0.05555555555555555,23.333333333333336,5.555555555555557,-0.11111111111111116,0.00010765139698915294
0.05555555555555555,23.333333333333336,7.777777777777779,-0.11111111111111116,0.00010765139698915294
0.05555555555555555,23.333333333333336,10.0,-0.11111111111111116,0.00010765139698915294
0.05555555555555555,30.0,-10.0,-0.11111111111111116,-0.00010765139698915294
0.05555555555555555,30.0,-7.777777777777778,-0.11111111111111116,-0.00010765139698915294
0.05555555555555555,30.0,-5.555555555555555,-0.11111111111111116,-0.00010765139698915294
0.05555555555555555,30.0,-3.333333333333333,-0.11111111111111116,-0.00010765139698915294
0.05555555555555555,30.0,-1.1111111111111107,-0.11111111111111116,-0.00010765139698915294
0.05555555555555555,30.0,1.1111111111111107,-0.11111111111111116,0.00010765139698915294
0.05555555555555555,30.0,3.333333333333334,-0.11111111111111116,0.00010765139698915294
0.05555555555555555,30.0,5.555555555555557,-0.11111111111111116,0.00010765139698915294
0.05555555555555555,30.0,7.777777777777779,-0.11111111111111116,0.00010765139698915294
0.05555555555555555,30.0,10.0,-0.11111111111111116,0.00010765139698915294
0.07777777777777778,-30.0,-10.0,-0.11111111111111116,-0.0
0.07777777777777778,-30.0,-7.777777777777778,-0.11111111111111116,-0.0
0.07777777777777778,-30.0,-5.555555555555555,-0.11111111111111116,-0.0
0.07777777777777778,-30.0,-3.333333333333333,-0.11111111111111116,-0.0
0.07777777777777778,-30.0,-1.1111111111111107,-0.11111111111111116,-0.0
0.07777777777777778,-30.0,1.1111111111111107,-0.11111111111111116,0.0
0.07777777777777778,-30.0,3.333333333333334,-0.11111111111111116,0.0
0.07777777777777778,-30.0,5.555555555555557,-0.11111111111111116,0.0
0.07777777777777778,-30.0,7.777777777777779,-0.11111111111111116,0.0
0.07777777777777778,-30.0,10.0,-0.11111111111111116,0.0
0.07777777777777778,-23.333333333333332,-10.0,-0.11111111111111116,-0.0
0.07777777777777778,-23.333333333333332,-7.777777777777778,-0.11111111111111116,-0.0
0.07777777777777778,-23.333333333333332,-5.555555555555555,-0.11111111111111116,-0.0
0.07777777777777778,-23.333333333333332,-3.333333333333333,-0.11111111111111116,-0.0
0.07777777777777778,-23.333333333333332,-1.1111111111111107,-0.11111111111111116,-0.0
0.07777777777777778,-23.333333333333332,1.1111111111111107,-0.11111111111111116,0.0
0.07777777777777778,-23.333333333333332,3.333333333333334,-0.11111111111111116,0.0
0.07777777777777778,-23.333333333333332,5.555555555555557,-0.11111111111111116,0.0
0.07777777777777778,-23.333333333333332,7.777777777777779,-0.11111111111111116,0.0
0.07777777777777778,-23.333333333333332,10.0,-0.11111111111111116,0.0
0.07777777777777778,-16.666666666666664,-10.0,-0.11111111111111116,-0.0
0.07777777777777778,-16.666666666666664,-7.777777777777778,-0.11111111111111116,-0.0
0.07777777777777778,-16.666666666666664,-5.555555555555555,-0.11111111111111116,-0.0
0.07777777777777778,-16.666666666666664,-3.333333333333333,-0.11111111111111116,-0.0
0.07777777777777778,-16.666666666666664,-1.1111111111111107,-0.11111111111111116,-0.0
0.07777777777777778,-16.666666666666664,1.1111111111111107,-0.11111111111111116,0.0
0.07777777777777778,-16.666666666666664,3.333333333333334,-0.11111111111111116,0.0
0.07777777777777778,-16.666666666666664,5.555555555555557,-0.11111111111111116,0.0
0.07777777777777778,-16.666666666666664,7.777777777777779,-0.11111111111111116,0.0
0.07777777777777778,-16.666666666666664,10.0,-0.11111111111111116,0.0
0.07777777777777778,-10.0,-10.0,-0.11111111111111116,-0.0
0.07777777777777778,-10.0,-7.777777777777778,-0.11111111111111116,-0.0
0.07777777777777778,-10.0,-5.555555555555555,-0.11111111111111116,-0.0
0.07777777777777778,-10.0,-3.333333333333333,-0.11111111111111116,-0.0
0.07777777777777778,-10.0,-1.1111111111111107,-0.11111111111111116,-0.0
0.07777777777777778,-10.0,1.1111111111111107,-0.11111111111111116,0.0
0.07777777777777778,-10.0,3.333333333333334,-0.11111111111111116,0.0
0.07777777777777778,-10.0,5.555555555555557,-0.11111111111111116,0.0
0.07777777777777778,-10.0,7.777777777777779,-0.11111111111111116,0.0
0.07777777777777778,-10.0,10.0,-0.11111111111111116,0.0
0.07777777777777778,-3.333333333333332,-10.0,-0.11111111111111116,-0.0
0.07777777777777778,-3.333333333333332,-7.777777777777778,-0.11111111111111116,-0.0
0.07777777777777778,-3.333333333333332,-5.555555555555555,-0.11111111111111116,-0.0
0.07777777777777778,-3.333333333333332,-3.333333333333333,-0.11111111111111116,-0.0
0.07777777777777778,-3.333333333333332,-1.1111111111111107,-0.11111111111111116,-0.0
0.07777777777777778,-3.333333333333332,1.1111111111111107,-0.11111111111111116,0.0
0.07777777777777778,-3.333333333333332,3.333333333333334,-0.11111111111111116,0.0
0.07777777777777778,-3.333333333333332,5.555555555555557,-0.11111111111111116,0.0
0.07777777777777778,-3.333333333333332,7.777777777777779,-0.11111111111111116,0.0
0.07777777777777778,-3.333333333333332,10.0,-0.11111111111111116,0.0
0.07777777777777778,3.3333333333333357,-10.0,-0.11111111111111116,-0.0
0.07777777777777778,3.3333333333333357,-7.777777777777778,-0.11111111111111116,-0.0
0.07777777777777778,3.3333333333333357,-5.555555555555555,-0.11111111111111116,-0.0
0.07777777777777778,3.3333333333333357,-3.333333333333333,-0.11111111111111116,-0.0
0.07777777777777778,3.3333333333333357,-1.1111111111111107,-0.11111111111111116,-0.0
0.07777777777777778,3.3333333333333357,1.1111111111111107,-0.11111111111111116,0.0
0.07777777777777778,3.3333333333333357,3.333333333333334,-0.11111111111111116,0.0
0.07777777777777778,3.3333333333333357,5.555555555555557,-0.11111111111111116,0.0
0.07777777777777778,3.3333333333333357,7.777777777777779,-0.11111111111111116,0.0
0.07777777777777778,3.3333333333333357,10.0,-0.11111111111111116,0.0
0.07777777777777778,10.0,-10.0,-0.11111111111111116,-0.0
0.07777777777777778,10.0,-7.777777777777778,-0.11111111111111116,-0.0
0.07777777777777778,10.0,-5.555555555555555,-0.11111111111111116,-0.0
0.07777777777777778,10.0,-3.333333333333333,-0.11111111111111116,-0.0
0.07777777777777778,10.0,-1.1111111111111107,-0.11111111111111116,-0.0
0.07777777777777778,10.0,1.1111111111111107,-0.11111111111111116,0.0
0.07777777777777778,10.0,3.333333333333334,-0.11111111111111116,0.0
0.07777777777777778,10.0,5.555555555555557,-0.11111111111111116,0.0
0.07777777777777778,10.0,7.777777777777779,-0.11111111111111116,0.0
0.07777777777777778,10.0,10.0,-0.11111111111111116,0.0
0.07777777777777778,16.66666666666667,-10.0,-0.11111111111111116,-0.0
0.07777777777777778,16.66666666666667,-7.777777777777778,-0.11111111111111116,-0.0
0.07777777777777778,16.66666666666667,-5.555555555555555,-0.11111111111111116,-0.0
0.07777777777777778,16.66666666666667,-3.333333333333333,-0.11111111111111116,-0.0
0.07777777777777778,16.66666666666667,-1.1111111111111107,-0.11111111111111116,-0.0
0.07777777777777778,16.66666666666667,1.1111111111111107,-0.11111111111111116,0.0
0.07777777777777778,16.66666666666667,3.333333333333334,-0.11111111111111116,0.0
0.07777777777777778,16.66666666666667,5.555555555555557,-0.11111111111111116,0.0
0.07777777777777778,16.66666666666667,7.777777777777779,-0.11111111111111116,0.0
0.07777777777777778,16.66666666666667,10.0,-0.11111111111111116,0.0
0.07777777777777778,23.333333333333336,-10.0,-0.11111111111111116,-0.0
0.07777777777777778,23.333333333333336,-7.777777777777778,-0.11111111111111116,-0.0
0.07777777777777778,23.333333333333336,-5.555555555555555,-0.11111111111111116,-0.0
0.07777777777777778,23.333333333333336,-3.333333333333333,-0.11111111111111116,-0.0
0.07777777777777778,23.333333333333336,-1.1111111111111107,-0.11111111111111116,-0.0
0.07777777777777778,23.333333333333336,1.1111111111111107,-0.11111111111111116,0.0
0.07777777777777778,23.333333333333336,3.333333333333334,-0.11111111111111116,0.0
0.07777777777777778,23.333333333333336,5.555555555555557,-0.11111111111111116,0.0
0.07777777777777778,23.333333333333336,7.777777777777779,-0.11111111111111116,0.0
0.07777777777777778,23.333333333333336,10.0,-0.11111111111111116,0.0
0.07777777777777778,30.0,-10.0,-0.11111111111111116,-0.0
0.07777777777777778,30.0,-7.777777777777778,-0.11111111111111116,-0.0
0.07777777777777778,30.0,-5.555555555555555,-0.11111111111111116,-0.0
0.07777777777777778,30.0,-3.333333333333333,-0.11111111111111116,-0.0
0.07777777777777778,30.0,-1.1111111111111107,-0.11111111111111116,-0.0
0.07777777777777778,30.0,1.1111111111111107,-0.11111111111111116,0.0
0.07777777777777778,30.0,3.333333333333334,-0.11111111111111116,0.0
0.07777777777777778,30.0,5.555555555555557,-0.11111111111111116,0.0
0.07777777777777778,30.0,7.777777777777779,-0.11111111111111116,0.0
0.07777777777777778,30.0,10.0,-0.11111111111111116,0.0
0.1,-30.0,-10.0,-0.11111111111111116,-0.0
0.1,-30.0,-7.777777777777778,-0.11111111111111116,-0.0
0.1,-30.0,-5.555555555555555,-0.11111111111111116,-0.0
0.1,-30.0,-3.333333333333333,-0.11111111111111116,-0.0
0.1,-30.0,-1.1111111111111107,-0.11111111111111116,-0.0
0.1,-30.0,1.1111111111111107,-0.11111111111111116,0.0
0.1,-30.0,3.333333333333334,-0.11111111111111116,0.0
0.1,-30.0,5.555555555555557,-0.11111111111111116,0.0
0.1,-30.0,7.777777777777779,-0.11111111111111116,0.0
0.1,-30.0,10.0,-0.11111111111111116,0.0
0.1,-23.333333333333332,-10.0,-0.11111111111111116,-0.0
0.1,-23.333333333333332,-7.777777777777778,-0.11111111111111116,-0.0
0.1,-23.333333333333332,-5.555555555555555,-0.11111111111111116,-0.0
0.1,-23.333333333333332,-3.333333333333333,-0.11111111111111116,-0.0
0.1,-23.333333333333332,-1.1111111111111107,-0.11111111111111116,-0.0
0.1,-23.333333333333332,1.1111111111111107,-0.11111111111111116,0.0
0.1,-23.333333333333332,3.333333333333334,-0.11111111111111116,0.0
0.1,-23.333333333333332,5.555555555555557,-0.11111111111111116,0.0
0.1,-23.333333333333332,7.777777777777779,-0.11111111111111116,0.0
0.1,-23.333333333333332,10.0,-0.11111111111111116,0.0
0.1,-16.666666666666664,-10.0,-0.11111111111111116,-0.0
0.1,-16.666666666666664,-7.777777777777778,-0.11111111111111116,-0.0
0.1,-16.666666666666664,-5.555555555555555,-0.11111111111111116,-0.0
0.1,-16.666666666666664,-3.333333333333333,-0.11111111111111116,-0.0
0.1,-16.666666666666664,-1.1111111111111107,-0.11111111111111116,-0.0
0.1,-16.666666666666664,1.1111111111111107,-0.11111111111111116,0.0
0.1,-16.666666666666664,3.333333333333334,-0.11111111111111116,0.0
0.1,-16.666666666666664,5.555555555555557,-0.11111111111111116,0.0
0.1,-16.666666666666664,7.777777777777779,-0.11111111111111116,0.0
0.1,-16.666666666666664,10.0,-0.11111111111111116,0.0
0.1,-10.0,-10.0,-0.11111111111111116,-0.0
0.1,-10.0,-7.777777777777778,-0.11111111111111116,-0.0
0.1,-10.0,-5.555555555555555,-0.11111111111111116,-0.0
0.1,-10.0,-3.333333333333333,-0.11111111111111116,-0.0
0.1,-10.0,-1.1111111111111107,-0.11111111111111116,-0.0
0.1,-10.0,1.1111111111111107,-0.11111111111111116,0.0
0.1,-10.0,3.333333333333334,-0.11111111111111116,0.0
0.1,-10.0,5.555555555555557,-0.11111111111111116,0.0
0.1,-10.0,7.777777777777779,-0.11111111111111116,0.0
0.1,-10.0,10.0,-0.11111111111111116,0.0
0.1,-3.333333333333332,-10.0,-0.11111111111111116,-0.0
0.1,-3.333333333333332,-7.777777777777778,-0.11111111111111116,-0.0
0.1,-3.333333333333332,-5.555555555555555,-0.11111111111111116,-0.0
0.1,-3.333333333333332,-3.333333333333333,-0.11111111111111116,-0.0
0.1,-3.333333333333332,-1.1111111111111107,-0.11111111111111116,-0.0
0.1,-3.333333333333332,1.1111111111111107,-0.11111111111111116,0.0
0.1,-3.333333333333332,3.333333333333334,-0.11111111111111116,0.0
0.1,-3.333333333333332,5.555555555555557,-0.11111111111111116,0.0
0.1,-3.333333333333332,7.777777777777779,-0.11111111111111116,0.0
0.1,-3.333333333333332,10.0,-0.11111111111111116,0.0
0.1,3.3333333333333357,-10.0,-0.11111111111111116,-0.0
0.1,3.3333333333333357,-7.777777777777778,-0.11111111111111116,-0.0
0.1,3.3333333333333357,-5.555555555555555,-0.11111111111111116,-0.0
0.1,3.3333333333333357,-3.333333333333333,-0.11111111111111116,-0.0
0.1,3.3333333333333357,-1.1111111111111107,-0.11111111111111116,-0.0
0.1,3.3333333333333357,1.1111111111111107,-0.11111111111111116,0.0
0.1,3.3333333333333357,3.333333333333334,-0.11111111111111116,0.0
0.1,3.3333333333333357,5.555555555555557,-0.11111111111111116,0.0
0.1,3.3333333333333357,7.777777777777779,-0.11111111111111116,0.0
0.1,3.3333333333333357,10.0,-0.11111111111111116,0.0
0.1,10.0,-10.0,-0.11111111111111116,-0.0
0.1,10.0,-7.777777777777778,-0.11111111111111116,-0.0
0.1,10.0,-5.555555555555555,-0.11111111111111116,-0.0
0.1,10.0,-3.333333333333333,-0.11111111111111116,-0.0
0.1,10.0,-1.1111111111111107,-0.11111111111111116,-0.0
0.1,10.0,1.1111111111111107,-0.11111111111111116,0.0
0.1,10.0,3.333333333333334,-0.11111111111111116,0.0
0.1,10.0,5.555555555555557,-0.11111111111111116,0.0
0.1,10.0,7.777777777777779,-0.11111111111111116,0.0
0.1,10.0,10.0,-0.11111111111111116,0.0
0.1,16.66666666666667,-10.0,-0.11111111111111116,-0.0
0.1,16.66666666666667,-7.777777777777778,-0.11111111111111116,-0.0
0.1,16.66666666666667,-5.555555555555555,-0.11111111111111116,-0.0
0.1,16.66666666666667,-3.333333333333333,-0.11111111111111116,-0.0
0.1,16.66666666666667,-1.1111111111111107,-0.11111111111111116,-0.0
0.1,16.66666666666667,1.1111111111111107,-0.11111111111111116,0.0
0.1,16.66666666666667,3.333333333333334,-0.11111111111111116,0.0
0.1,16.66666666666667,5.555555555555557,-0.11111111111111116,0.0
0.1,16.66666666666667,7.777777777777779,-0.11111111111111116,0.0
0.1,16.66666666666667,10.0,-0.11111111111111116,0.0
0.1,23.333333333333336,-10.0,-0.11111111111111116,-0.0
0.1,23.333333333333336,-7.777777777777778,-0.11111111111111116,-0.0
0.1,23.333333333333336,-5.555555555555555,-0.11111111111111116,-0.0
0.1,23.333333333333336,-3.333333333333333,-0.11111111111111116,-0.0
0.1,23.333333333333336,-1.1111111111111107,-0.11111111111111116,-0.0
0.1,23.333333333333336,1.1111111111111107,-0.11111111111111116,0.0
0.1,23.333333333333336,3.333333333333334,-0.11111111111111116,0.0
0.1,23.333333333333336,5.555555555555557,-0.11111111111111116,0.0
0.1,23.333333333333336,7.777777777777779,-0.11111111111111116,0.0
0.1,23.333333333333336,10.0,-0.11111111111111116,0.0
0.1,30.0,-10.0,-0.11111111111111116,-0.0
0.1,30.0,-7.777777777777778,-0.11111111111111116,-0.0
0.1,30.0,-5.555555555555555,-0.11111111111111116,-0.0
0.1,30.0,-3.333333333333333,-0.11111111111111116,-0.0
0.1,30.0,-1.1111111111111107,-0.11111111111111116,-0.0
0.1,30.0,1.1111111111111107,-0.11111111111111116,0.0
0.1,30.0,3.333333333333334,-0.11111111111111116,0.0
0.1,30.0,5.555555555555557,-0.11111111111111116,0.0
0.1,30.0,7.777777777777779,-0.11111111111111116,0.0
0.1,30.0,10.0,-0.11111111111111116,0.0
-0.1,-30.0,-10.0,0.11111111111111116,-0.0
-0.1,-30.0,-7.777777777777778,0.11111111111111116,-0.0
-0.1,-30.0,-5.555555555555555,0.11111111111111116,-0.0
-0.1,-30.0,-3.333333333333333,0.11111111111111116,-0.0
-0.1,-30.0,-1.1111111111111107,0.11111111111111116,-0.0
-0.1,-30.0,1.1111111111111107,0.11111111111111116,0.0
-0.1,-30.0,3.333333333333334,0.11111111111111116,0.0
-0.1,-30.0,5.555555555555557,0.11111111111111116,0.0
-0.1,-30.0,7.777777777777779,0.11111111111111116,0.0
-0.1,-30.0,10.0,0.11111111111111116,0.0
-0.1,-23.333333333333332,-10.0,0.11111111111111116,-0.0
-0.1,-23.333333333333332,-7.777777777777778,0.11111111111111116,-0.0
-0.1,-23.333333333333332,-5.555555555555555,0.11111111111111116,-0.0
-0.1,-23.333333333333332,-3.333333333333333,0.11111111111111116,-0.0
-0.1,-23.333333333333332,-1.1111111111111107,0.11111111111111116,-0.0
-0.1,-23.333333333333332,1.1111111111111107,0.11111111111111116,0.0
-0.1,-23.333333333333332,3.333333333333334,0.11111111111111116,0.0
-0.1,-23.333333333333332,5.555555555555557,0.11111111111111116,0.0
-0.1,-23.333333333333332,7.777777777777779,0.11111111111111116,0.0
-0.1,-23.333333333333332,10.0,0.11111111111111116,0.0
-0.1,-16.666666666666664,-10.0,0.11111111111111116,-0.0
-0.1,-16.666666666666664,-7.777777777777778,0.11111111111111116,-0.0
-0.1,-16.666666666666664,-5.555555555555555,0.11111111111111116,-0.0
-0.1,-16.666666666666664,-3.333333333333333,0.11111111111111116,-0.0
-0.1,-16.666666666666664,-1.1111111111111107,0.11111111111111116,-0.0
-0.1,-16.666666666666664,1.1111111111111107,0.11111111111111116,0.0
-0.1,-16.666666666666664,3.333333333333334,0.11111111111111116,0.0
-0.1,-16.666666666666664,5.555555555555557,0.11111111111111116,0.0
-0.1,-16.666666666666664,7.777777777777779,0.11111111111111116,0.0
-0.1,-16.666666666666664,10.0,0.11111111111111116,0.0
-0.1,-10.0,-10.0,0.11111111111111116,-0.0
-0.1,-10.0,-7.777777777777778,0.11111111111111116,-0.0
-0.1,-10.0,-5.555555555555555,0.11111111111111116,-0.0
-0.1,-10.0,-3.333333333333333,0.11111111111111116,-0.0
-0.1,-10.0,-1.1111111111111107,0.11111111111111116,-0.0
-0.1,-10.0,1.1111111111111107,0.11111111111111116,0.0
-0.1,-10.0,3.333333333333334,0.11111111111111116,0.0
-0.1,-10.0,5.555555555555557,0.11111111111111116,0.0
-0.1,-10.0,7.777777777777779,0.11111111111111116,0.0
-0.1,-10.0,10.0,0.11111111111111116,0.0
-0.1,-3.333333333333332,-10.0,0.11111111111111116,-0.0
-0.1,-3.333333333333332,-7.777777777777778,0.11111111111111116,-0.0
-0.1,-3.333333333333332,-5.555555555555555,0.11111111111111116,-0.0
-0.1,-3.333333333333332,-3.333333333333333,0.11111111111111116,-0.0
-0.1,-3.333333333333332,-1.1111111111111107,0.11111111111111116,-0.0
-0.1,-3.333333333333332,1.1111111111111107,0.11111111111111116,0.0
-0.1,-3.333333333333332,3.333333333333334,0.11111111111111116,0.0
-0.1,-3.333333333333332,5.555555555555557,0.11111111111111116,0.0
-0.1,-3.333333333333332,7.777777777777779,0.11111111111111116,0.0
-0.1,-3.333333333333332,10.0,0.11111111111111116,0.0
-0.1,3.3333333333333357,-10.0,0.11111111111111116,-0.0
-0.1,3.3333333333333357,-7.777777777777778,0.11111111111111116,-0.0
-0.1,3.3333333333333357,-5.555555555555555,0.11111111111111116,-0.0
-0.1,3.3333333333333357,-3.333333333333333,0.11111111111111116,-0.0
-0.1,3.3333333333333357,-1.1111111111111107,0.11111111111111116,-0.0
-0.1,3.3333333333333357,1.1111111111111107,0.11111111111111116,0.0
-0.1,3.3333333333333357,3.333333333333334,0.11111111111111116,0.0
-0.1,3.3333333333333357,5.555555555555557,0.11111111111111116,0.0
-0.1,3.3333333333333357,7.777777777777779,0.11111111111111116,0.0
-0.1,3.3333333333333357,10.0,0.11111111111111116,0.0
-0.1,10.0,-10.0,0.11111111111111116,-0.0
-0.1,10.0,-7.777777777777778,0.11111111111111116,-0.0
-0.1,10.0,-5.555555555555555,0.11111111111111116,-0.0
-0.1,10.0,-3.333333333333333,0.11111111111111116,-0.0
-0.1,10.0,-1.1111111111111107,0.11111111111111116,-0.0
-0.1,10.0,1.1111111111111107,0.11111111111111116,0.0
-0.1,10.0,3.333333333333334,0.11111111111111116,0.0
-0.1,10.0,5.555555555555557,0.11111111111111116,0.0
-0.1,10.0,7.777777777777779,0.11111111111111116,0.0
-0.1,10.0,10.0,0.11111111111111116,0.0
-0.1,16.66666666666667,-10.0,0.11111111111111116,-0.0
-0.1,16.66666666666667,-7.777777777777778,0.11111111111111116,-0.0
-0.1,16.66666666666667,-5.555555555555555,0.11111111111111116,-0.0
-0.1,16.66666666666667,-3.333333333333333,0.11111111111111116,-0.0
-0.1,16.66666666666667,-1.1111111111111107,0.11111111111111116,-0.0
-0.1,16.66666666666667,1.1111111111111107,0.11111111111111116,0.0
-0.1,16.66666666666667,3.333333333333334,0.11111111111111116,0.0
-0.1,16.66666666666667,5.555555555555557,0.11111111111111116,0.0
-0.1,16.66666666666667,7.777777777777779,0.11111111111111116,0.0
-0.1,16.66666666666667,10.0,0.11111111111111116,0.0
-0.1,23.333333333333336,-10.0,0.11111111111111116,-0.0
-0.1,23.333333333333336,-7.777777777777778,0.11111111111111116,-0.0
-0.1,23.333333333333336,-5.555555555555555,0.11111111111111116,-0.0
-0.1,23.333333333333336,-3.333333333333333,0.11111111111111116,-0.0
-0.1,23.333333333333336,-1.1111111111111107,0.11111111111111116,-0.0
-0.1,23.333333333333336,1.1111111111111107,0.11111111111111116,0.0
-0.1,23.333333333333336,3.333333333333334,0.11111111111111116,0.0
-0.1,23.333333333333336,5.555555555555557,0.11111111111111116,0.0
-0.1,23.333333333333336,7.777777777777779,0.11111111111111116,0.0
-0.1,23.333333333333336,10.0,0.11111111111111116,0.0
-0.1,30.0,-10.0,0.11111111111111116,-0.0
-0.1,30.0,-7.777777777777778,0.11111111111111116,-0.0
-0.1,30.0,-5.555555555555555,0.11111111111111116,-0.0
-0.1,30.0,-3.333333333333333,0.11111111111111116,-0.0
-0.1,30.0,-1.1111111111111107,0.11111111111111116,-0.0
-0.1,30.0,1.1111111111111107,0.11111111111111116,0.0
-0.1,30.0,3.333333333333334,0.11111111111111116,0.0
-0.1,30.0,5.555555555555557,0.11111111111111116,0.0
-0.1,30.0,7.777777777777779,0.11111111111111116,0.0
-0.1,30.0,10.0,0.11111111111111116,0.0
-0.07777777777777778,-30.0,-10.0,0.11111111111111116,-0.0
-0.07777777777777778,-30.0,-7.777777777777778,0.11111111111111116,-0.0
-0.07777777777777778,-30.0,-5.555555555555555,0.11111111111111116,-0.0
-0.07777777777777778,-30.0,-3.333333333333333,0.11111111111111116,-0.0
-0.07777777777777778,-30.0,-1.1111111111111107,0.11111111111111116,-0.0
-0.07777777777777778,-30.0,1.1111111111111107,0.11111111111111116,0.0
-0.07777777777777778,-30.0,3.333333333333334,0.11111111111111116,0.0
-0.07777777777777778,-30.0,5.555555555555557,0.11111111111111116,0.0
-0.07777777777777778,-30.0,7.777777777777779,0.11111111111111116,0.0
-0.07777777777777778,-30.0,10.0,0.11111111111111116,0.0
-0.07777777777777778,-23.333333333333332,-10.0,0.11111111111111116,-0.0
-0.07777777777777778,-23.333333333333332,-7.777777777777778,0.11111111111111116,-0.0
-0.07777777777777778,-23.333333333333332,-5.555555555555555,0.11111111111111116,-0.0
-0.07777777777777778,-23.333333333333332,-3.333333333333333,0.11111111111111116,-0.0
-0.07777777777777778,-23.333333333333332,-1.1111111111111107,0.11111111111111116,-0.0
-0.07777777777777778,-23.333333333333332,1.1111111111111107,0.11111111111111116,0.0
-0.07777777777777778,-23.333333333333332,3.333333333333334,0.11111111111111116,0.0
-0.07777777777777778,-23.333333333333332,5.555555555555557,0.11111111111111116,0.0
-0.07777777777777778,-23.333333333333332,7.777777777777779,0.11111111111111116,0.0
-0.07777777777777778,-23.333333333333332,10.0,0.11111111111111116,0.0
-0.07777777777777778,-16.666666666666664,-10.0,0.11111111111111116,-0.0
-0.07777777777777778,-16.666666666666664,-7.777777777777778,0.11111111111111116,-0.0
-0.07777777777777778,-16.666666666666664,-5.555555555555555,0.11111111111111116,-0.0
-0.07777777777777778,-16.666666666666664,-3.333333333333333,0.11111111111111116,-0.0
-0.07777777777777778,-16.666666666666664,-1.1111111111111107,0.11111111111111116,-0.0
-0.07777777777777778,-16.666666666666664,1.1111111111111107,0.11111111111111116,0.0
-0.07777777777777778,-16.666666666666664,3.333333333333334,0.11111111111111116,0.0
-0.07777777777777778,-16.666666666666664,5.555555555555557,0.11111111111111116,0.0
-0.07777777777777778,-16.666666666666664,7.777777777777779,0.11111111111111116,0.0
-0.07777777777777778,-16.666666666666664,10.0,0.11111111111111116,0.0
-0.07777777777777778,-10.0,-10.0,0.11111111111111116,-0.0
-0.07777777777777778,-10.0,-7.777777777777778,0.11111111111111116,-0.0
-0.07777777777777778,-10.0,-5.555555555555555,0.11111111111111116,-0.0
-0.07777777777777778,-10.0,-3.333333333333333,0.11111111111111116,-0.0
-0.07777777777777778,-10.0,-1.1111111111111107,0.11111111111111116,-0.0
-0.07777777777777778,-10.0,1.1111111111111107,0.11111111111111116,0.0
-0.07777777777777778,-10.0,3.333333333333334,0.11111111111111116,0.0
-0.07777777777777778,-10.0,5.555555555555557,0.11111111111111116,0.0
-0.07777777777777778,-10.0,7.777777777777779,0.11111111111111116,0.0
-0.07777777777777778,-10.0,10.0,0.11111111111111116,0.0
-0.07777777777777778,-3.333333333333332,-10.0,0.11111111111111116,-0.0
-0.07777777777777778,-3.333333333333332,-7.777777777777778,0.11111111111111116,-0.0
-0.07777777777777778,-3.333333333333332,-5.555555555555555,0.11111111111111116,-0.0
-0.07777777777777778,-3.333333333333332,-3.333333333333333,0.11111111111111116,-0.0
-0.07777777777777778,-3.333333333333332,-1.1111111111111107,0.11111111111111116,-0.0
-0.07777777777777778,-3.333333333333332,1.1111111111111107,0.11111111111111116,0.0
-0.07777777777777778,-3.333333333333332,3.333333333333334,0.11111111111111116,0.0
-0.07777777777777778,-3.333333333333332,5.555555555555557,0.11111111111111116,0.0
-0.07777777777777778,-3.333333333333332,7.777777777777779,0.11111111111111116,0.0
-0.07777777777777778,-3.333333333333332,10.0,0.11111111111111116,0.0
-0.07777777777777778,3.3333333333333357,-10.0,0.11111111111111116,-0.0
-0.07777777777777778,3.3333333333333357,-7.777777777777778,0.11111111111111116,-0.0
-0.07777777777777778,3.3333333333333357,-5.555555555555555,0.11111111111111116,-0.0
-0.07777777777777778,3.3333333333333357,-3.333333333333333,0.11111111111111116,-0.0
-0.07777777777777778,3.3333333333333357,-1.1111111111111107,0.11111111111111116,-0.0
-0.07777777777777778,3.3333333333333357,1.1111111111111107,0.11111111111111116,0.0
-0.07777777777777778,3.3333333333333357,3.333333333333334,0.11111111111111116,0.0
-0.07777777777777778,3.3333333333333357,5.555555555555557,0.11111111111111116,0.0
-0.07777777777777778,3.3333333333333357,7.777777777777779,0.11111111111111116,0.0
-0.07777777777777778,3.3333333333333357,10.0,0.11111111111111116,0.0
-0.07777777777777778,10.0,-10.0,0.11111111111111116,-0.0
-0.07777777777777778,10.0,-7.777777777777778,0.11111111111111116,-0.0
-0.07777777777777778,10.0,-5.555555555555555,0.11111111111111116,-0.0
-0.07777777777777778,10.0,-3.333333333333333,0.11111111111111116,-0.0
-0.07777777777777778,10.0,-1.1111111111111107,0.11111111111111116,-0.0
-0.07777777777777778,10.0,1.1111111111111107,0.11111111111111116,0.0
-0.07777777777777778,10.0,3.333333333333334,0.11111111111111116,0.0
-0.07777777777777778,10.0,5.555555555555557,0.11111111111111116,0.0
-0.07777777777777778,10.0,7.777777777777779,0.11111111111111116,0.0
-0.07777777777777778,10.0,10.0,0.11111111111111116,0.0
-0.07777777777777778,16.66666666666667,-10.0,0.11111111111111116,-0.0
-0.07777777777777778,16.66666666666667,-7.777777777777778,0.11111111111111116,-0.0
-0.07777777777777778,16.66666666666667,-5.555555555555555,0.11111111111111116,-0.0
-0.07777777777777778,16.66666666666667,-3.333333333333333,0.11111111111111116,-0.0
-0.07777777777777778,16.66666666666667,-1.1111111111111107,0.11111111111111116,-0.0
-0.07777777777777778,16.66666666666667,1.1111111111111107,0.11111111111111116,0.0
-0.07777777777777778,16.66666666666667,3.333333333333334,0.11111111111111116,0.0
-0.07777777777777778,16.66666666666667,5.555555555555557,0.11111111111111116,0.0
-0.07777777777777778,16.66666666666667,7.777777777777779,0.11111111111111116,0.0
-0.07777777777777778,16.66666666666667,10.0,0.11111111111111116,0.0
-0.07777777777777778,23.333333333333336,-10.0,0.11111111111111116,-0.0
-0.07777777777777778,23.333333333333336,-7.777777777777778,0.11111111111111116,-0.0
-0.07777777777777778,23.333333333333336,-5.555555555555555,0.11111111111111116,-0.0
-0.07777777777777778,23.333333333333336,-3.333333333333333,0.11111111111111116,-0.0
-0.07777777777777778,23.333333333333336,-1.1111111111111107,0.11111111111111116,-0.0
-0.07777777777777778,23.333333333333336,1.1111111111111107,0.11111111111111116,0.0
-0.07777777777777778,23.333333333333336,3.333333333333334,0.11111111111111116,0.0
-0.07777777777777778,23.333333333333336,5.555555555555557,0.11111111111111116,0.0
-0.07777777777777778,23.333333333333336,7.777777777777779,0.11111111111111116,0.0
-0.07777777777777778,23.333333333333336,10.0,0.11111111111111116,0.0
-0.07777777777777778,30.0,-10.0,0.11111111111111116,-0.0
-0.07777777777777778,30.0,-7.777777777777778,0.11111111111111116,-0.0
-0.07777777777777778,30.0,-5.555555555555555,0.11111111111111116,-0.0
-0.07777777777777778,30.0,-3.333333333333333,0.11111111111111116,-0.0
-0.07777777777777778,30.0,-1.1111111111111107,0.11111111111111116,-0.0
-0.07777777777777778,30.0,1.1111111111111107,0.11111111111111116,0.0
-0.07777777777777778,30.0,3.333333333333334,0.11111111111111116,0.0
-0.07777777777777778,30.0,5.555555555555557,0.11111111111111116,0.0
-0.07777777777777778,30.0,7.777777777777779,0.11111111111111116,0.0
-0.07777777777777778,30.0,10.0,0.11111111111111116,0.0
-0.05555555555555556,-30.0,-10.0,0.11111111111111116,-0.00011559289634421566
-0.05555555555555556,-30.0,-7.777777777777778,0.11111111111111116,-0.00011559289634421566
-0.05555555555555556,-30.0,-5.555555555555555,0.11111111111111116,-0.00011559289634421566
-0.05555555555555556,-30.0,-3.333333333333333,0.11111111111111116,-0.00011559289634421566
-0.05555555555555556,-30.0,-1.1111111111111107,0.11111111111111116,-0.00011559289634421566
-0.05555555555555556,-30.0,1.1111111111111107,0.11111111111111116,0.00011559289634421566
-0.05555555555555556,-30.0,3.333333333333334,0.11111111111111116,0.00011559289634421566
-0.05555555555555556,-30.0,5.555555555555557,0.11111111111111116,0.00011559289634421566
-0.05555555555555556,-30.0,7.777777777777779,0.11111111111111116,0.00011559289634421566
-0.05555555555555556,-30.0,10.0,0.11111111111111116,0.00011559289634421566
-0.05555555555555556,-23.333333333333332,-10.0,0.11111111111111116,-0.00011559289634421566
-0.05555555555555556,-23.333333333333332,-7.777777777777778,0.11111111111111116,-0.00011559289634421566
-0.05555555555555556,-23.333333333333332,-5.555555555555555,0.11111111111111116,-0.00011559289634421566
-0.05555555555555556,-23.333333333333332,-3.333333333333333,0.11111111111111116,-0.00011559289634421566
-0.05555555555555556,-23.333333333333332,-1.1111111111111107,0.11111111111111116,-0.00011559289634421566
-0.05555555555555556,-23.333333333333332,1.1111111111111107,0.11111111111111116,0.00011559289634421566
-0.05555555555555556,-23.333333333333332,3.333333333333334,0.11111111111111116,0.00011559289634421566
-0.05555555555555556,-23.333333333333332,5.555555555555557,0.11111111111111116,0.00011559289634421566
-0.05555555555555556,-23.333333333333332,7.777777777777779,0.11111111111111116,0.00011559289634421566
-0.05555555555555556,-23.333333333333332,10.0,0.11111111111111116,0.00011559289634421566
-0.05555555555555556,-16.666666666666664,-10.0,0.11111111111111116,-0.00011559289634421566
-0.05555555555555556,-16.666666666666664,-7.777777777777778,0.11111111111111116,-0.00011559289634421566
-0.05555555555555556,-16.666666666666664,-5.555555555555555,0.11111111111111116,-0.00011559289634421566
-0.05555555555555556,-16.666666666666664,-3.333333333333333,0.11111111111111116,-0.00011559289634421566
-0.05555555555555556,-16.666666666666664,-1.1111111111111107,0.11111111111111116,-0.00011559289634421566
-0.05555555555555556,-16.666666666666664,1.1111111111111107,0.11111111111111116,0.00011559289634421566
-0.05555555555555556,-16.666666666666664,3.333333333333334,0.11111111111111116,0.00011559289634421566
-0.05555555555555556,-16.666666666666664,5.555555555555557,0.11111111111111116,0.00011559289634421566
-0.05555555555555556,-16.666666666666664,7.777777777777779,0.11111111111111116,0.00011559289634421566
-0.05555555555555556,-16.666666666666664,10.0,0.11111111111111116,0.00011559289634421566
-0.05555555555555556,-10.0,-10.0,0.11111111111111116,-0.00011559289634421566
-0.05555555555555556,-10.0,-7.777777777777778,0.11111111111111116,-0.00011559289634421566
-0.05555555555555556,-10.0,-5.555555555555555,0.11111111111111116,-0.00011559289634421566
-0.05555555555555556,-10.0,-3.333333333333333,0.11111111111111116,-0.00011559289634421566
-0.05555555555555556,-10.0,-1.1111111111111107,0.11111111111111116,-0.00011559289634421566
-0.05555555555555556,-10.0,1.1111111111111107,0.11111111111111116,0.00011559289634421566
-0.05555555555555556,-10.0,3.333333333333334,0.11111111111111116,0.00011559289634421566
-0.05555555555555556,-10.0,5.555555555555557,0.11111111111111116,0.00011559289634421566
-0.05555555555555556,-10.0,7.777777777777779,0.11111111111111116,0.00011559289634421566
-0.05555555555555556,-10.0,10.0,0.11111111111111116,0.00011559289634421566
-0.05555555555555556,-3.333333333333332,-10.0,0.11111111111111116,-0.00011559289634421566
-0.05555555555555556,-3.333333333333332,-7.777777777777778,0.11111111111111116,-0.00011559289634421566
-0.05555555555555556,-3.333333333333332,-5.555555555555555,0.11111111111111116,-0.00011559289634421566
-0.05555555555555556,-3.333333333333332,-3.333333333333333,0.11111111111111116,-0.00011559289634421566
-0.05555555555555556,-3.333333333333332,-1.1111111111111107,0.11111111111111116,-0.00011559289634421566
-0.05555555555555556,-3.333333333333332,1.1111111111111107,0.11111111111111116,0.00011559289634421566
-0.05555555555555556,-3.333333333333332,3.333333333333334,0.11111111111111116,0.00011559289634421566
-0.05555555555555556,-3.333333333333332,5.555555555555557,0.11111111111111116,0.00011559289634421566
-0.05555555555555556,-3.333333333333332,7.777777777777779,0.11111111111111116,0.00011559289634421566
-0.05555555555555556,-3.333333333333332,10.0,0.11111111111111116,0.00011559289634421566
-0.05555555555555556,3.3333333333333357,-10.0,0.11111111111111116,-0.00011559289634421566
-0.05555555555555556,3.3333333333333357,-7.777777777777778,0.11111111111111116,-0.00011559289634421566
-0.05555555555555556,3.3333333333333357,-5.555555555555555,0.11111111111111116,-0.00011559289634421566
-0.05555555555555556,3.3333333333333357,-3.333333333333333,0.11111111111111116,-0.00011559289634421566
-0.05555555555555556,3.3333333333333357,-1.1111111111111107,0.11111111111111116,-0.00011559289634421566
-0.05555555555555556,3.3333333333333357,1.1111111111111107,0.11111111111111116,0.00011559289634421566
-0.05555555555555556,3.3333333333333357,3.333333333333334,0.11111111111111116,0.00011559289634421566
-0.05555555555555556,3.3333333333333357,5.555555555555557,0.11111111111111116,0.00011559289634421566
-0.05555555555555556,3.3333333333333357,7.777777777777779,0.11111111111111116,0.00011559289634421566
-0.05555555555555556,3.3333333333333357,10.0,0.11111111111111116,0.00011559289634421566
-0.05555555555555556,10.0,-10.0,0.11111111111111116,-0.00011559289634421566
-0.05555555555555556,10.0,-7.777777777777778,0.11111111111111116,-0.00011559289634421566
-0.05555555555555556,10.0,-5.555555555555555,0.11111111111111116,-0.00011559289634421566
-0.05555555555555556,10.0,-3.333333333333333,0.11111111111111116,-0.00011559289634421566
-0.05555555555555556,10.0,-1.1111111111111107,0.11111111111111116,-0.00011559289634421566
-0.05555555555555556,10.0,1.1111111111111107,0.11111111111111116,0.00011559289634421566
-0.05555555555555556,10.0,3.333333333333334,0.11111111111111116,0.00011559289634421566
-0.05555555555555556,10.0,5.555555555555557,0.11111111111111116,0.00011559289634421566
-0.05555555555555556,10.0,7.777777777777779,0.11111111111111116,0.00011559289634421566
-0.05555555555555556,10.0,10.0,0.11111111111111116,0.00011559289634421566
-0.05555555555555556,16.66666666666667,-10.0,0.11111111111111116,-0.00011559289634421566
-0.05555555555555556,16.66666666666667,-7.777777777777778,0.11111111111111116,-0.00011559289634421566
-0.05555555555555556,16.66666666666667,-5.555555555555555,0.11111111111111116,-0.00011559289634421566
-0.05555555555555556,16.66666666666667,-3.333333333333333,0.11111111111111116,-0.00011559289634421566
-0.05555555555555556,16.66666666666667,-1.1111111111111107,0.11111111111111116,-0.00011559289634421566
-0.05555555555555556,16.66666666666667,1.1111111111111107,0.11111111111111116,0.00011559289634421566
-0.05555555555555556,16.66666666666667,3.333333333333334,0.11111111111111116,0.00011559289634421566
-0.05555555555555556,16.66666666666667,5.555555555555557,0.11111111111111116,0.00011559289634421566
-0.05555555555555556,16.66666666666667,7.777777777777779,0.11111111111111116,0.00011559289634421566
-0.05555555555555556,16.66666666666667,10.0,0.11111111111111116,0.00011559289634421566
-0.05555555555555556,23.333333333333336,-10.0,0.11111111111111116,-0.00011559289634421566
-0.05555555555555556,23.333333333333336,-7.777777777777778,0.11111111111111116,-0.00011559289634421566
-0.05555555555555556,23.333333333333336,-5.555555555555555,0.11111111111111116,-0.00011559289634421566
-0.05555555555555556,23.333333333333336,-3.333333333333333,0.11111111111111116,-0.00011559289634421566
-0.05555555555555556,23.333333333333336,-1.1111111111111107,0.11111111111111116,-0.00011559289634421566
-0.05555555555555556,23.333333333333336,1.1111111111111107,0.11111111111111116,0.00011559289634421566
-0.05555555555555556,23.333333333333336,3.333333333333334,0.11111111111111116,0.00011559289634421566
-0.05555555555555556,23.333333333333336,5.555555555555557,0.11111111111111116,0.00011559289634421566
-0.05555555555555556,23.333333333333336,7.777777777777779,0.11111111111111116,0.00011559289634421566
-0.05555555555555556,23.333333333333336,10.0,0.11111111111111116,0.00011559289634421566
-0.05555555555555556,30.0,-10.0,0.11111111111111116,-0.00011559289634421566
-0.05555555555555556,30.0,-7.777777777777778,0.11111111111111116,-0.00011559289634421566
-0.05555555555555556,30.0,-5.555555555555555,0.11111111111111116,-0.00011559289634421566
-0.05555555555555556,30.0,-3.333333333333333,0.11111111111111116,-0.00011559289634421566
-0.05555555555555556,30.0,-1.1111111111111107,0.11111111111111116,-0.00011559289634421566
-0.05555555555555556,30.0,1.1111111111111107,0.11111111111111116,0.00011559289634421566
-0.05555555555555556,30.0,3.333333333333334,0.11111111111111116,0.00011559289634421566
-0.05555555555555556,30.0,5.555555555555557,0.11111111111111116,0.00011559289634421566
-0.05555555555555556,30.0,7.777777777777779,0.11111111111111116,0.00011559289634421566
-0.05555555555555556,30.0,10.0,0.11111111111111116,0.00011559289634421566
-0.03333333333333334,-30.0,-10.0,0.11111111111111116,-0.00219820100322542
-0.03333333333333334,-30.0,-7.777777777777778,0.11111111111111116,-0.00219820100322542
-0.03333333333333334,-30.0,-5.555555555555555,0.11111111111111116,-0.00219820100322542
-0.03333333333333334,-30.0,-3.333333333333333,0.11111111111111116,-0.00219820100322542
-0.03333333333333334,-30.0,-1.1111111111111107,0.11111111111111116,-0.00219820100322542
-0.03333333333333334,-30.0,1.1111111111111107,0.11111111111111116,0.00219820100322542
-0.03333333333333334,-30.0,3.333333333333334,0.11111111111111116,0.00219820100322542
-0.03333333333333334,-30.0,5.555555555555557,0.11111111111111116,0.00219820100322542
-0.03333333333333334,-30.0,7.777777777777779,0.11111111111111116,0.00219820100322542
-0.03333333333333334,-30.0,10.0,0.11111111111111116,0.00219820100322542
-0.03333333333333334,-23.333333333333332,-10.0,0.11111111111111116,-0.00219820100322542
-0.03333333333333334,-23.333333333333332,-7.777777777777778,0.11111111111111116,-0.00219820100322542
-0.03333333333333334,-23.333333333333332,-5.555555555555555,0.11111111111111116,-0.00219820100322542
-0.03333333333333334,-23.333333333333332,-3.333333333333333,0.11111111111111116,-0.00219820100322542
-0.03333333333333334,-23.333333333333332,-1.1111111111111107,0.11111111111111116,-0.00219820100322542
-0.03333333333333334,-23.333333333333332,1.1111111111111107,0.11111111111111116,0.00219820100322542
-0.03333333333333334,-23.333333333333332,3.333333333333334,0.11111111111111116,0.00219820100322542
-0.03333333333333334,-23.333333333333332,5.555555555555557,0.11111111111111116,0.00219820100322542
-0.03333333333333334,-23.333333333333332,7.777777777777779,0.11111111111111116,0.00219820100322542
-0.03333333333333334,-23.333333333333332,10.0,0.11111111111111116,0.00219820100322542
-0.03333333333333334,-16.666666666666664,-10.0,0.11111111111111116,-0.00219820100322542
-0.03333333333333334,-16.666666666666664,-7.777777777777778,0.11111111111111116,-0.00219820100322542
-0.03333333333333334,-16.666666666666664,-5.555555555555555,0.11111111111111116,-0.00219820100322542
-0.03333333333333334,-16.666666666666664,-3.333333333333333,0.11111111111111116,-0.00219820100322542
-0.03333333333333334,-16.666666666666664,-1.1111111111111107,0.11111111111111116,-0.00219820100322542
-0.03333333333333334,-16.666666666666664,1.1111111111111107,0.11111111111111116,0.00219820100322542
-0.03333333333333334,-16.666666666666664,3.333333333333334,0.11111111111111116,0.00219820100322542
-0.03333333333333334,-16.666666666666664,5.555555555555557,0.11111111111111116,0.00219820100322542
-0.03333333333333334,-16.666666666666664,7.777777777777779,0.11111111111111116,0.00219820100322542
-0.03333333333333334,-16.666666666666664,10.0,0.11111111111111116,0.00219820100322542
-0.03333333333333334,-10.0,-10.0,0.11111111111111116,-0.00219820100322542
-0.03333333333333334,-10.0,-7.777777777777778,0.11111111111111116,-0.00219820100322542
-0.03333333333333334,-10.0,-5.555555555555555,0.11111111111111116,-0.00219820100322542
-0.03333333333333334,-10.0,-3.333333333333333,0.11111111111111116,-0.00219820100322542
-0.03333333333333334,-10.0,-1.1111111111111107,0.11111111111111116,-0.00219820100322542
-0.03333333333333334,-10.0,1.1111111111111107,0.11111111111111116,0.00219820100322542
-0.03333333333333334,-10.0,3.333333333333334,0.11111111111111116,0.00219820100322542
-0.03333333333333334,-10.0,5.555555555555557,0.11111111111111116,0.00219820100322542
-0.03333333333333334,-10.0,7.777777777777779,0.11111111111111116,0.00219820100322542
-0.03333333333333334,-10.0,10.0,0.11111111111111116,0.00219820100322542
-0.03333333333333334,-3.333333333333332,-10.0,0.11111111111111116,-0.00219820100322542
-0.03333333333333334,-3.333333333333332,-7.777777777777778,0.11111111111111116,-0.00219820100322542
-0.03333333333333334,-3.333333333333332,-5.555555555555555,0.11111111111111116,-0.00219820100322542
-0.03333333333333334,-3.333333333333332,-3.333333333333333,0.11111111111111116,-0.00219820100322542
-0.03333333333333334,-3.333333333333332,-1.1111111111111107,0.11111111111111116,-0.00219820100322542
-0.03333333333333334,-3.333333333333332,1.1111111111111107,0.11111111111111116,0.00219820100322542
-0.03333333333333334,-3.333333333333332,3.333333333333334,0.11111111111111116,0.00219820100322542
-0.03333333333333334,-3.333333333333332,5.555555555555557,0.11111111111111116,0.00219820100322542
-0.03333333333333334,-3.333333333333332,7.777777777777779,0.11111111111111116,0.00219820100322542
-0.03333333333333334,-3.333333333333332,10.0,0.11111111111111116,0.00219820100322542
-0.03333333333333334,3.3333333333333357,-10.0,0.11111111111111116,-0.00219820100322542
-0.03333333333333334,3.3333333333333357,-7.777777777777778,0.11111111111111116,-0.00219820100322542
-0.03333333333333334,3.3333333333333357,-5.555555555555555,0.11111111111111116,-0.00219820100322542
-0.03333333333333334,3.3333333333333357,-3.333333333333333,0.11111111111111116,-0.00219820100322542
-0.03333333333333334,3.3333333333333357,-1.1111111111111107,0.11111111111111116,-0.00219820100322542
-0.03333333333333334,3.3333333333333357,1.1111111111111107,0.11111111111111116,0.00219820100322542
-0.03333333333333334,3.3333333333333357,3.333333333333334,0.11111111111111116,0.00219820100322542
-0.03333333333333334,3.3333333333333357,5.555555555555557,0.11111111111111116,0.00219820100322542
-0.03333333333333334,3.3333333333333357,7.777777777777779,0.11111111111111116,0.00219820100322542
-0.03333333333333334,3.3333333333333357,10.0,0.11111111111111116,0.00219820100322542
-0.03333333333333334,10.0,-10.0,0.11111111111111116,-0.00219820100322542
-0.03333333333333334,10.0,-7.777777777777778,0.11111111111111116,-0.00219820100322542
-0.03333333333333334,10.0,-5.555555555555555,0.11111111111111116,-0.00219820100322542
-0.03333333333333334,10.0,-3.333333333333333,0.11111111111111116,-0.00219820100322542
-0.03333333333333334,10.0,-1.1111111111111107,0.11111111111111116,-0.00219820100322542
-0.03333333333333334,10.0,1.1111111111111107,0.11111111111111116,0.00219820100322542
-0.03333333333333334,10.0,3.333333333333334,0.11111111111111116,0.00219820100322542
-0.03333333333333334,10.0,5.555555555555557,0.11111111111111116,0.00219820100322542
-0.03333333333333334,10.0,7.777777777777779,0.11111111111111116,0.00219820100322542
-0.03333333333333334,10.0,10.0,0.11111111111111116,0.00219820100322542
-0.03333333333333334,16.66666666666667,-10.0,0.11111111111111116,-0.00219820100322542
-0.03333333333333334,16.66666666666667,-7.777777777777778,0.11111111111111116,-0.00219820100322542
-0.03333333333333334,16.66666666666667,-5.555555555555555,0.11111111111111116,-0.00219820100322542
-0.03333333333333334,16.66666666666667,-3.333333333333333,0.11111111111111116,-0.00219820100322542
-0.03333333333333334,16.66666666666667,-1.1111111111111107,0.11111111111111116,-0.00219820100322542
-0.03333333333333334,16.66666666666667,1.1111111111111107,0.11111111111111116,0.00219820100322542
-0.03333333333333334,16.66666666666667,3.333333333333334,0.11111111111111116,0.00219820100322542
-0.03333333333333334,16.66666666666667,5.555555555555557,0.11111111111111116,0.00219820100322542
-0.03333333333333334,16.66666666666667,7.777777777777779,0.11111111111111116,0.00219820100322542
-0.03333333333333334,16.66666666666667,10.0,0.11111111111111116,0.00219820100322542
-0.03333333333333334,23.333333333333336,-10.0,0.11111111111111116,-0.00219820100322542
-0.03333333333333334,23.333333333333336,-7.777777777777778,0.11111111111111116,-0.00219820100322542
-0.03333333333333334,23.333333333333336,-5.555555555555555,0.11111111111111116,-0.00219820100322542
-0.03333333333333334,23.333333333333336,-3.333333333333333,0.11111111111111116,-0.00219820100322542
-0.03333333333333334,23.333333333333336,-1.1111111111111107,0.11111111111111116,-0.00219820100322542
-0.03333333333333334,23.333333333333336,1.1111111111111107,0.11111111111111116,0.00219820100322542
-0.03333333333333334,23.333333333333336,3.333333333333334,0.11111111111111116,0.00219820100322542
-0.03333333333333334,23.333333333333336,5.555555555555557,0.11111111111111116,0.00219820100322542
-0.03333333333333334,23.333333333333336,7.777777777777779,0.11111111111111116,0.00219820100322542
-0.03333333333333334,23.333333333333336,10.0,0.11111111111111116,0.00219820100322542
-0.03333333333333334,30.0,-10.0,0.11111111111111116,-0.00219820100322542
-0.03333333333333334,30.0,-7.777777777777778,0.11111111111111116,-0.00219820100322542
-0.03333333333333334,30.0,-5.555555555555555,0.11111111111111116,-0.00219820100322542
-0.03333333333333334,30.0,-3.333333333333333,0.11111111111111116,-0.00219820100322542
-0.03333333333333334,30.0,-1.1111111111111107,0.11111111111111116,-0.00219820100322542
-0.03333333333333334,30.0,1.1111111111111107,0.11111111111111116,0.00219820100322542
-0.03333333333333334,30.0,3.333333333333334,0.11111111111111116,0.00219820100322542
-0.03333333333333334,30.0,5.555555555555557,0.11111111111111116,0.00219820100322542
-0.03333333333333334,30.0,7.777777777777779,0.11111111111111116,0.00219820100322542
-0.03333333333333334,30.0,10.0,0.11111111111111116,0.00219820100322542
-0.011111111111111113,-30.0,-10.0,0.11111111111111116,-0.03495962694098734
-0.011111111111111113,-30.0,-7.777777777777778,0.11111111111111116,-0.03495962694098734
-0.011111111111111113,-30.0,-5.555555555555555,0.11111111111111116,-0.03495962694098734
-0.011111111111111113,-30.0,-3.333333333333333,0.11111111111111116,-0.03495962694098734
-0.011111111111111113,-30.0,-1.1111111111111107,0.11111111111111116,-0.03495962694098734
-0.011111111111111113,-30.0,1.1111111111111107,0.11111111111111116,0.03495962694098734
-0.011111111111111113,-30.0,3.333333333333334,0.11111111111111116,0.03495962694098734
-0.011111111111111113,-30.0,5.555555555555557,0.11111111111111116,0.03495962694098734
-0.011111111111111113,-30.0,7.777777777777779,0.11111111111111116,0.03495962694098734
-0.011111111111111113,-30.0,10.0,0.11111111111111116,0.03495962694098734
-0.011111111111111113,-23.333333333333332,-10.0,0.11111111111111116,-0.03495962694098734
-0.011111111111111113,-23.333333333333332,-7.777777777777778,0.11111111111111116,-0.03495962694098734
-0.011111111111111113,-23.333333333333332,-5.555555555555555,0.11111111111111116,-0.03495962694098734
-0.011111111111111113,-23.333333333333332,-3.333333333333333,0.11111111111111116,-0.03495962694098734
-0.011111111111111113,-23.333333333333332,-1.1111111111111107,0.11111111111111116,-0.03495962694098734
-0.011111111111111113,-23.333333333333332,1.1111111111111107,0.11111111111111116,0.03495962694098734
-0.011111111111111113,-23.333333333333332,3.333333333333334,0.11111111111111116,0.03495962694098734
-0.011111111111111113,-23.333333333333332,5.555555555555557,0.11111111111111116,0.03495962694098734
-0.011111111111111113,-23.333333333333332,7.777777777777779,0.11111111111111116,0.03495962694098734
-0.011111111111111113,-23.333333333333332,10.0,0.11111111111111116,0.03495962694098734
-0.011111111111111113,-16.666666666666664,-10.0,0.11111111111111116,-0.03495962694098734
-0.011111111111111113,-16.666666666666664,-7.777777777777778,0.11111111111111116,-0.03495962694098734
-0.011111111111111113,-16.666666666666664,-5.555555555555555,0.11111111111111116,-0.03495962694098734
-0.011111111111111113,-16.666666666666664,-3.333333333333333,0.11111111111111116,-0.03495962694098734
-0.011111111111111113,-16.666666666666664,-1.1111111111111107,0.11111111111111116,-0.03495962694098734
-0.011111111111111113,-16.666666666666664,1.1111111111111107,0.11111111111111116,0.03495962694098734
-0.011111111111111113,-16.666666666666664,3.333333333333334,0.11111111111111116,0.03495962694098734
-0.011111111111111113,-16.666666666666664,5.555555555555557,0.11111111111111116,0.03495962694098734
-0.011111111111111113,-16.666666666666664,7.777777777777779,0.11111111111111116,0.03495962694098734
-0.011111111111111113,-16.666666666666664,10.0,0.11111111111111116,0.03495962694098734
-0.011111111111111113,-10.0,-10.0,0.11111111111111116,-0.03495962694098734
-0.011111111111111113,-10.0,-7.777777777777778,0.11111111111111116,-0.03495962694098734
-0.011111111111111113,-10.0,-5.555555555555555,0.11111111111111116,-0.03495962694098734
-0.011111111111111113,-10.0,-3.333333333333333,0.11111111111111116,-0.03495962694098734
-0.011111111111111113,-10.0,-1.1111111111111107,0.11111111111111116,-0.03495962694098734
-0.011111111111111113,-10.0,1.1111111111111107,0.11111111111111116,0.03495962694098734
-0.011111111111111113,-10.0,3.333333333333334,0.11111111111111116,0.03495962694098734
-0.011111111111111113,-10.0,5.555555555555557,0.11111111111111116,0.03495962694098734
-0.011111111111111113,-10.0,7.777777777777779,0.11111111111111116,0.03495962694098734
-0.011111111111111113,-10.0,10.0,0.11111111111111116,0.03495962694098734
-0.011111111111111113,-3.333333333333332,-10.0,0.11111111111111116,-0.03495962694098734
-0.011111111111111113,-3.333333333333332,-7.777777777777778,0.11111111111111116,-0.03495962694098734
-0.011111111111111113,-3.333333333333332,-5.555555555555555,0.11111111111111116,-0.03495962694098734
-0.011111111111111113,-3.333333333333332,-3.333333333333333,0.11111111111111116,-0.03495962694098734
-0.011111111111111113,-3.333333333333332,-1.1111111111111107,0.11111111111111116,-0.03495962694098734
-0.011111111111111113,-3.333333333333332,1.1111111111111107,0.11111111111111116,0.03495962694098734
-0.011111111111111113,-3.333333333333332,3.333333333333334,0.11111111111111116,0.03495962694098734
-0.011111111111111113,-3.333333333333332,5.555555555555557,0.11111111111111116,0.03495962694098734
-0.011111111111111113,-3.333333333333332,7.777777777777779,0.11111111111111116,0.03495962694098734
-0.011111111111111113,-3.333333333333332,10.0,0.11111111111111116,0.03495962694098734
-0.011111111111111113,3.3333333333333357,-10.0,0.11111111111111116,-0.03495962694098734
-0.011111111111111113,3.3333333333333357,-7.777777777777778,0.11111111111111116,-0.03495962694098734
-0.011111111111111113,3.3333333333333357,-5.555555555555555,0.11111111111111116,-0.03495962694098734
-0.011111111111111113,3.3333333333333357,-3.333333333333333,0.11111111111111116,-0.03495962694098734
-0.011111111111111113,3.3333333333333357,-1.1111111111111107,0.11111111111111116,-0.03495962694098734
-0.011111111111111113,3.3333333333333357,1.1111111111111107,0.11111111111111116,0.03495962694098734
-0.011111111111111113,3.3333333333333357,3.333333333333334,0.11111111111111116,0.03495962694098734
-0.011111111111111113,3.3333333333333357,5.555555555555557,0.11111111111111116,0.03495962694098734
-0.011111111111111113,3.3333333333333357,7.777777777777779,0.11111111111111116,0.03495962694098734
-0.011111111111111113,3.3333333333333357,10.0,0.11111111111111116,0.03495962694098734
-0.011111111111111113,10.0,-10.0,0.11111111111111116,-0.03495962694098734
-0.011111111111111113,10.0,-7.777777777777778,0.11111111111111116,-0.03495962694098734
-0.011111111111111113,10.0,-5.555555555555555,0.11111111111111116,-0.03495962694098734
-0.011111111111111113,10.0,-3.333333333333333,0.11111111111111116,-0.03495962694098734
-0.011111111111111113,10.0,-1.1111111111111107,0.11111111111111116,-0.03495962694098734
-0.011111111111111113,10.0,1.1111111111111107,0.11111111111111116,0.03495962694098734
-0.011111111111111113,10.0,3.333333333333334,0.11111111111111116,0.03495962694098734
-0.011111111111111113,10.0,5.555555555555557,0.11111111111111116,0.03495962694098734
-0.011111111111111113,10.0,7.777777777777779,0.11111111111111116,0.03495962694098734
-0.011111111111111113,10.0,10.0,0.11111111111111116,0.03495962694098734
-0.011111111111111113,16.66666666666667,-10.0,0.11111111111111116,-0.03495962694098734
-0.011111111111111113,16.66666666666667,-7.777777777777778,0.11111111111111116,-0.03495962694098734
-0.011111111111111113,16.66666666666667,-5.555555555555555,0.11111111111111116,-0.03495962694098734
-0.011111111111111113,16.66666666666667,-3.333333333333333,0.11111111111111116,-0.03495962694098734
-0.011111111111111113,16.66666666666667,-1.1111111111111107,0.11111111111111116,-0.03495962694098734
-0.011111111111111113,16.66666666666667,1.1111111111111107,0.11111111111111116,0.03495962694098734
-0.011111111111111113,16.66666666666667,3.333333333333334,0.11111111111111116,0.03495962694098734
-0.011111111111111113,16.66666666666667,5.555555555555557,0.11111111111111116,0.03495962694098734
-0.011111111111111113,16.66666666666667,7.777777777777779,0.11111111111111116,0.03495962694098734
-0.011111111111111113,16.66666666666667,10.0,0.11111111111111116,0.03495962694098734
-0.011111111111111113,23.333333333333336,-10.0,0.11111111111111116,-0.03495962694098734
-0.011111111111111113,23.333333333333336,-7.777777777777778,0.11111111111111116,-0.03495962694098734
-0.011111111111111113,23.333333333333336,-5.555555555555555,0.11111111111111116,-0.03495962694098734
-0.011111111111111113,23.333333333333336,-3.333333333333333,0.11111111111111116,-0.03495962694098734
-0.011111111111111113,23.333333333333336,-1.1111111111111107,0.11111111111111116,-0.03495962694098734
-0.011111111111111113,23.333333333333336,1.1111111111111107,0.11111111111111116,0.03495962694098734
-0.011111111111111113,23.333333333333336,3.333333333333334,0.11111111111111116,0.03495962694098734
-0.011111111111111113,23.333333333333336,5.555555555555557,0.11111111111111116,0.03495962694098734
-0.011111111111111113,23.333333333333336,7.777777777777779,0.11111111111111116,0.03495962694098734
-0.011111111111111113,23.333333333333336,10.0,0.11111111111111116,0.03495962694098734
-0.011111111111111113,30.0,-10.0,0.11111111111111116,-0.03495962694098734
-0.011111111111111113,30.0,-7.777777777777778,0.11111111111111116,-0.03495962694098734
-0.011111111111111113,30.0,-5.555555555555555,0.11111111111111116,-0.03495962694098734
-0.011111111111111113,30.0,-3.333333333333333,0.11111111111111116,-0.03495962694098734
-0.011111111111111113,30.0,-1.1111111111111107,0.11111111111111116,-0.03495962694098734
-0.011111111111111113,30.0,1.1111111111111107,0.11111111111111116,0.03495962694098734
-0.011111111111111113,30.0,3.333333333333334,0.11111111111111116,0.03495962694098734
-0.011111111111111113,30.0,5.555555555555557,0.11111111111111116,0.03495962694098734
-0.011111111111111113,30.0,7.777777777777779,0.11111111111111116,0.03495962694098734
-0.011111111111111113,30.0,10.0,0.11111111111111116,0.03495962694098734
0.011111111111111113,-30.0,-10.0,0.11111111111111116,-0.03495962694098734
0.011111111111111113,-30.0,-7.777777777777778,0.11111111111111116,-0.03495962694098734
0.011111111111111113,-30.0,-5.555555555555555,0.11111111111111116,-0.03495962694098734
0.011111111111111113,-30.0,-3.333333333333333,0.11111111111111116,-0.03495962694098734
0.011111111111111113,-30.0,-1.1111111111111107,0.11111111111111116,-0.03495962694098734
0.011111111111111113,-30.0,1.1111111111111107,0.11111111111111116,0.03495962694098734
0.011111111111111113,-30.0,3.333333333333334,0.11111111111111116,0.03495962694098734
0.011111111111111113,-30.0,5.555555555555557,0.11111111111111116,0.03495962694098734
0.011111111111111113,-30.0,7.777777777777779,0.11111111111111116,0.03495962694098734
0.011111111111111113,-30.0,10.0,0.11111111111111116,0.03495962694098734
0.011111111111111113,-23.333333333333332,-10.0,0.11111111111111116,-0.03495962694098734
0.011111111111111113,-23.333333333333332,-7.777777777777778,0.11111111111111116,-0.03495962694098734
0.011111111111111113,-23.333333333333332,-5.555555555555555,0.11111111111111116,-0.03495962694098734
0.011111111111111113,-23.333333333333332,-3.333333333333333,0.11111111111111116,-0.03495962694098734
0.011111111111111113,-23.333333333333332,-1.1111111111111107,0.11111111111111116,-0.03495962694098734
0.011111111111111113,-23.333333333333332,1.1111111111111107,0.11111111111111116,0.03495962694098734
0.011111111111111113,-23.333333333333332,3.333333333333334,0.11111111111111116,0.03495962694098734
0.011111111111111113,-23.333333333333332,5.555555555555557,0.11111111111111116,0.03495962694098734
0.011111111111111113,-23.333333333333332,7.777777777777779,0.11111111111111116,0.03495962694098734
0.011111111111111113,-23.333333333333332,10.0,0.11111111111111116,0.03495962694098734
0.011111111111111113,-16.666666666666664,-10.0,0.11111111111111116,-0.03495962694098734
0.011111111111111113,-16.666666666666664,-7.777777777777778,0.11111111111111116,-0.03495962694098734
0.011111111111111113,-16.666666666666664,-5.555555555555555,0.11111111111111116,-0.03495962694098734
0.011111111111111113,-16.666666666666664,-3.333333333333333,0.11111111111111116,-0.03495962694098734
0.011111111111111113,-16.666666666666664,-1.1111111111111107,0.11111111111111116,-0.03495962694098734
0.011111111111111113,-16.666666666666664,1.1111111111111107,0.11111111111111116,0.03495962694098734
0.011111111111111113,-16.666666666666664,3.333333333333334,0.11111111111111116,0.03495962694098734
0.011111111111111113,-16.666666666666664,5.555555555555557,0.11111111111111116,0.03495962694098734
0.011111111111111113,-16.666666666666664,7.777777777777779,0.11111111111111116,0.03495962694098734
0.011111111111111113,-16.666666666666664,10.0,0.11111111111111116,0.03495962694098734
0.011111111111111113,-10.0,-10.0,0.11111111111111116,-0.03495962694098734
0.011111111111111113,-10.0,-7.777777777777778,0.11111111111111116,-0.03495962694098734
0.011111111111111113,-10.0,-5.555555555555555,0.11111111111111116,-0.03495962694098734
0.011111111111111113,-10.0,-3.333333333333333,0.11111111111111116,-0.03495962694098734
0.011111111111111113,-10.0,-1.1111111111111107,0.11111111111111116,-0.03495962694098734
0.011111111111111113,-10.0,1.1111111111111107,0.11111111111111116,0.03495962694098734
0.011111111111111113,-10.0,3.333333333333334,0.11111111111111116,0.03495962694098734
0.011111111111111113,-10.0,5.555555555555557,0.11111111111111116,0.03495962694098734
0.011111111111111113,-10.0,7.777777777777779,0.11111111111111116,0.03495962694098734
0.011111111111111113,-10.0,10.0,0.11111111111111116,0.03495962694098734
0.011111111111111113,-3.333333333333332,-10.0,0.11111111111111116,-0.03495962694098734
0.011111111111111113,-3.333333333333332,-7.777777777777778,0.11111111111111116,-0.03495962694098734
0.011111111111111113,-3.333333333333332,-5.555555555555555,0.11111111111111116,-0.03495962694098734
0.011111111111111113,-3.333333333333332,-3.333333333333333,0.11111111111111116,-0.03495962694098734
0.011111111111111113,-3.333333333333332,-1.1111111111111107,0.11111111111111116,-0.03495962694098734
0.011111111111111113,-3.333333333333332,1.1111111111111107,0.11111111111111116,0.03495962694098734
0.011111111111111113,-3.333333333333332,3.333333333333334,0.11111111111111116,0.03495962694098734
0.011111111111111113,-3.333333333333332,5.555555555555557,0.11111111111111116,0.03495962694098734
0.011111111111111113,-3.333333333333332,7.777777777777779,0.11111111111111116,0.03495962694098734
0.011111111111111113,-3.333333333333332,10.0,0.11111111111111116,0.03495962694098734
0.011111111111111113,3.3333333333333357,-10.0,0.11111111111111116,-0.03495962694098734
0.011111111111111113,3.3333333333333357,-7.777777777777778,0.11111111111111116,-0.03495962694098734
0.011111111111111113,3.3333333333333357,-5.555555555555555,0.11111111111111116,-0.03495962694098734
0.011111111111111113,3.3333333333333357,-3.333333333333333,0.11111111111111116,-0.03495962694098734
0.011111111111111113,3.3333333333333357,-1.1111111111111107,0.11111111111111116,-0.03495962694098734
0.011111111111111113,3.3333333333333357,1.1111111111111107,0.11111111111111116,0.03495962694098734
0.011111111111111113,3.3333333333333357,3.333333333333334,0.11111111111111116,0.03495962694098734
0.011111111111111113,3.3333333333333357,5.555555555555557,0.11111111111111116,0.03495962694098734
0.011111111111111113,3.3333333333333357,7.777777777777779,0.11111111111111116,0.03495962694098734
0.011111111111111113,3.3333333333333357,10.0,0.11111111111111116,0.03495962694098734
0.011111111111111113,10.0,-10.0,0.11111111111111116,-0.03495962694098734
0.011111111111111113,10.0,-7.777777777777778,0.11111111111111116,-0.03495962694098734
0.011111111111111113,10.0,-5.555555555555555,0.11111111111111116,-0.03495962694098734
0.011111111111111113,10.0,-3.333333333333333,0.11111111111111116,-0.03495962694098734
0.011111111111111113,10.0,-1.1111111111111107,0.11111111111111116,-0.03495962694098734
0.011111111111111113,10.0,1.1111111111111107,0.11111111111111116,0.03495962694098734
0.011111111111111113,10.0,3.333333333333334,0.11111111111111116,0.03495962694098734
0.011111111111111113,10.0,5.555555555555557,0.11111111111111116,0.03495962694098734
0.011111111111111113,10.0,7.777777777777779,0.11111111111111116,0.03495962694098734
0.011111111111111113,10.0,10.0,0.11111111111111116,0.03495962694098734
0.011111111111111113,16.66666666666667,-10.0,0.11111111111111116,-0.03495962694098734
0.011111111111111113,16.66666666666667,-7.777777777777778,0.11111111111111116,-0.03495962694098734
0.011111111111111113,16.66666666666667,-5.555555555555555,0.11111111111111116,-0.03495962694098734
0.011111111111111113,16.66666666666667,-3.333333333333333,0.11111111111111116,-0.03495962694098734
0.011111111111111113,16.66666666666667,-1.1111111111111107,0.11111111111111116,-0.03495962694098734
0.011111111111111113,16.66666666666667,1.1111111111111107,0.11111111111111116,0.03495962694098734
0.011111111111111113,16.66666666666667,3.333333333333334,0.11111111111111116,0.03495962694098734
0.011111111111111113,16.66666666666667,5.555555555555557,0.11111111111111116,0.03495962694098734
0.011111111111111113,16.66666666666667,7.777777777777779,0.11111111111111116,0.03495962694098734
0.011111111111111113,16.66666666666667,10.0,0.11111111111111116,0.03495962694098734
0.011111111111111113,23.333333333333336,-10.0,0.11111111111111116,-0.03495962694098734
0.011111111111111113,23.333333333333336,-7.777777777777778,0.11111111111111116,-0.03495962694098734
0.011111111111111113,23.333333333333336,-5.555555555555555,0.11111111111111116,-0.03495962694098734
0.011111111111111113,23.333333333333336,-3.333333333333333,0.11111111111111116,-0.03495962694098734
0.011111111111111113,23.333333333333336,-1.1111111111111107,0.11111111111111116,-0.03495962694098734
0.011111111111111113,23.333333333333336,1.1111111111111107,0.11111111111111116,0.03495962694098734
0.011111111111111113,23.333333333333336,3.333333333333334,0.11111111111111116,0.03495962694098734
0.011111111111111113,23.333333333333336,5.555555555555557,0.11111111111111116,0.03495962694098734
0.011111111111111113,23.333333333333336,7.777777777777779,0.11111111111111116,0.03495962694098734
0.011111111111111113,23.333333333333336,10.0,0.11111111111111116,0.03495962694098734
0.011111111111111113,30.0,-10.0,0.11111111111111116,-0.03495962694098734
0.011111111111111113,30.0,-7.777777777777778,0.11111111111111116,-0.03495962694098734
0.011111111111111113,30.0,-5.555555555555555,0.11111111111111116,-0.03495962694098734
0.011111111111111113,30.0,-3.333333333333333,0.11111111111111116,-0.03495962694098734
0.011111111111111113,30.0,-1.1111111111111107,0.11111111111111116,-0.03495962694098734
0.011111111111111113,30.0,1.1111111111111107,0.11111111111111116,0.03495962694098734
0.011111111111111113,30.0,3.333333333333334,0.11111111111111116,0.03495962694098734
0.011111111111111113,30.0,5.555555555555557,0.11111111111111116,0.03495962694098734
0.011111111111111113,30.0,7.777777777777779,0.11111111111111116,0.03495962694098734
0.011111111111111113,30.0,10.0,0.11111111111111116,0.03495962694098734
0.033333333333333326,-30.0,-10.0,0.11111111111111116,-0.00219820100322545
0.033333333333333326,-30.0,-7.777777777777778,0.11111111111111116,-0.00219820100322545
0.033333333333333326,-30.0,-5.555555555555555,0.11111111111111116,-0.00219820100322545
0.033333333333333326,-30.0,-3.333333333333333,0.11111111111111116,-0.00219820100322545
0.033333333333333326,-30.0,-1.1111111111111107,0.11111111111111116,-0.00219820100322545
0.033333333333333326,-30.0,1.1111111111111107,0.11111111111111116,0.00219820100322545
0.033333333333333326,-30.0,3.333333333333334,0.11111111111111116,0.00219820100322545
0.033333333333333326,-30.0,5.555555555555557,0.11111111111111116,0.00219820100322545
0.033333333333333326,-30.0,7.777777777777779,0.11111111111111116,0.00219820100322545
0.033333333333333326,-30.0,10.0,0.11111111111111116,0.00219820100322545
0.033333333333333326,-23.333333333333332,-10.0,0.11111111111111116,-0.00219820100322545
0.033333333333333326,-23.333333333333332,-7.777777777777778,0.11111111111111116,-0.00219820100322545
0.033333333333333326,-23.333333333333332,-5.555555555555555,0.11111111111111116,-0.00219820100322545
0.033333333333333326,-23.333333333333332,-3.333333333333333,0.11111111111111116,-0.00219820100322545
0.033333333333333326,-23.333333333333332,-1.1111111111111107,0.11111111111111116,-0.00219820100322545
0.033333333333333326,-23.333333333333332,1.1111111111111107,0.11111111111111116,0.00219820100322545
0.033333333333333326,-23.333333333333332,3.333333333333334,0.11111111111111116,0.00219820100322545
0.033333333333333326,-23.333333333333332,5.555555555555557,0.11111111111111116,0.00219820100322545
0.033333333333333326,-23.333333333333332,7.777777777777779,0.11111111111111116,0.00219820100322545
0.033333333333333326,-23.333333333333332,10.0,0.11111111111111116,0.00219820100322545
0.033333333333333326,-16.666666666666664,-10.0,0.11111111111111116,-0.00219820100322545
0.033333333333333326,-16.666666666666664,-7.777777777777778,0.11111111111111116,-0.00219820100322545
0.033333333333333326,-16.666666666666664,-5.555555555555555,0.11111111111111116,-0.00219820100322545
0.033333333333333326,-16.666666666666664,-3.333333333333333,0.11111111111111116,-0.00219820100322545
0.033333333333333326,-16.666666666666664,-1.1111111111111107,0.11111111111111116,-0.00219820100322545
0.033333333333333326,-16.666666666666664,1.1111111111111107,0.11111111111111116,0.00219820100322545
0.033333333333333326,-16.666666666666664,3.333333333333334,0.11111111111111116,0.00219820100322545
0.033333333333333326,-16.666666666666664,5.555555555555557,0.11111111111111116,0.00219820100322545
0.033333333333333326,-16.666666666666664,7.777777777777779,0.11111111111111116,0.00219820100322545
0.033333333333333326,-16.666666666666664,10.0,0.11111111111111116,0.00219820100322545
0.033333333333333326,-10.0,-10.0,0.11111111111111116,-0.00219820100322545
0.033333333333333326,-10.0,-7.777777777777778,0.11111111111111116,-0.00219820100322545
0.033333333333333326,-10.0,-5.555555555555555,0.11111111111111116,-0.00219820100322545
0.033333333333333326,-10.0,-3.333333333333333,0.11111111111111116,-0.00219820100322545
0.033333333333333326,-10.0,-1.1111111111111107,0.11111111111111116,-0.00219820100322545
0.033333333333333326,-10.0,1.1111111111111107,0.11111111111111116,0.00219820100322545
0.033333333333333326,-10.0,3.333333333333334,0.11111111111111116,0.00219820100322545
0.033333333333333326,-10.0,5.555555555555557,0.11111111111111116,0.00219820100322545
0.033333333333333326,-10.0,7.777777777777779,0.11111111111111116,0.00219820100322545
0.033333333333333326,-10.0,10.0,0.11111111111111116,0.00219820100322545
0.033333333333333326,-3.333333333333332,-10.0,0.11111111111111116,-0.00219820100322545
0.033333333333333326,-3.333333333333332,-7.777777777777778,0.11111111111111116,-0.00219820100322545
0.033333333333333326,-3.333333333333332,-5.555555555555555,0.11111111111111116,-0.00219820100322545
0.033333333333333326,-3.333333333333332,-3.333333333333333,0.11111111111111116,-0.00219820100322545
0.033333333333333326,-3.333333333333332,-1.1111111111111107,0.11111111111111116,-0.00219820100322545
0.033333333333333326,-3.333333333333332,1.1111111111111107,0.11111111111111116,0.00219820100322545
0.033333333333333326,-3.333333333333332,3.333333333333334,0.11111111111111116,0.00219820100322545
0.033333333333333326,-3.333333333333332,5.555555555555557,0.11111111111111116,0.00219820100322545
0.033333333333333326,-3.333333333333332,7.777777777777779,0.11111111111111116,0.00219820100322545
0.033333333333333326,-3.333333333333332,10.0,0.11111111111111116,0.00219820100322545
0.033333333333333326,3.3333333333333357,-10.0,0.11111111111111116,-0.00219820100322545
0.033333333333333326,3.3333333333333357,-7.777777777777778,0.11111111111111116,-0.00219820100322545
0.033333333333333326,3.3333333333333357,-5.555555555555555,0.11111111111111116,-0.00219820100322545
0.033333333333333326,3.3333333333333357,-3.333333333333333,0.11111111111111116,-0.00219820100322545
0.033333333333333326,3.3333333333333357,-1.1111111111111107,0.11111111111111116,-0.00219820100322545
0.033333333333333326,3.3333333333333357,1.1111111111111107,0.11111111111111116,0.00219820100322545
0.033333333333333326,3.3333333333333357,3.333333333333334,0.11111111111111116,0.00219820100322545
0.033333333333333326,3.3333333333333357,5.555555555555557,0.11111111111111116,0.00219820100322545
0.033333333333333326,3.3333333333333357,7.777777777777779,0.11111111111111116,0.00219820100322545
0.033333333333333326,3.3333333333333357,10.0,0.11111111111111116,0.00219820100322545
0.033333333333333326,10.0,-10.0,0.11111111111111116,-0.00219820100322545
0.033333333333333326,10.0,-7.777777777777778,0.11111111111111116,-0.00219820100322545
0.033333333333333326,10.0,-5.555555555555555,0.11111111111111116,-0.00219820100322545
0.033333333333333326,10.0,-3.333333333333333,0.11111111111111116,-0.00219820100322545
0.033333333333333326,10.0,-1.1111111111111107,0.11111111111111116,-0.00219820100322545
0.033333333333333326,10.0,1.1111111111111107,0.11111111111111116,0.00219820100322545
0.033333333333333326,10.0,3.333333333333334,0.11111111111111116,0.00219820100322545
0.033333333333333326,10.0,5.555555555555557,0.11111111111111116,0.00219820100322545
0.033333333333333326,10.0,7.777777777777779,0.11111111111111116,0.00219820100322545
0.033333333333333326,10.0,10.0,0.11111111111111116,0.00219820100322545
0.033333333333333326,16.66666666666667,-10.0,0.11111111111111116,-0.00219820100322545
0.033333333333333326,16.66666666666667,-7.777777777777778,0.11111111111111116,-0.00219820100322545
0.033333333333333326,16.66666666666667,-5.555555555555555,0.11111111111111116,-0.00219820100322545
0.033333333333333326,16.66666666666667,-3.333333333333333,0.11111111111111116,-0.00219820100322545
0.033333333333333326,16.66666666666667,-1.1111111111111107,0.11111111111111116,-0.00219820100322545
0.033333333333333326,16.66666666666667,1.1111111111111107,0.11111111111111116,0.00219820100322545
0.033333333333333326,16.66666666666667,3.333333333333334,0.11111111111111116,0.00219820100322545
0.033333333333333326,16.66666666666667,5.555555555555557,0.11111111111111116,0.00219820100322545
0.033333333333333326,16.66666666666667,7.777777777777779,0.11111111111111116,0.00219820100322545
0.033333333333333326,16.66666666666667,10.0,0.11111111111111116,0.00219820100322545
0.033333333333333326,23.333333333333336,-10.0,0.11111111111111116,-0.00219820100322545
0.033333333333333326,23.333333333333336,-7.777777777777778,0.11111111111111116,-0.00219820100322545
0.033333333333333326,23.333333333333336,-5.555555555555555,0.11111111111111116,-0.00219820100322545
0.033333333333333326,23.333333333333336,-3.333333333333333,0.11111111111111116,-0.00219820100322545
0.033333333333333326,23.333333333333336,-1.1111111111111107,0.11111111111111116,-0.00219820100322545
0.033333333333333326,23.333333333333336,1.1111111111111107,0.11111111111111116,0.00219820100322545
0.033333333333333326,23.333333333333336,3.333333333333334,0.11111111111111116,0.00219820100322545
0.033333333333333326,23.333333333333336,5.555555555555557,0.11111111111111116,0.00219820100322545
0.033333333333333326,23.333333333333336,7.777777777777779,0.11111111111111116,0.00219820100322545
0.033333333333333326,23.333333333333336,10.0,0.11111111111111116,0.00219820100322545
0.033333333333333326,30.0,-10.0,0.11111111111111116,-0.00219820100322545
0.033333333333333326,30.0,-7.777777777777778,0.11111111111111116,-0.00219820100322545
0.033333333333333326,30.0,-5.555555555555555,0.11111111111111116,-0.00219820100322545
0.033333333333333326,30.0,-3.333333333333333,0.11111111111111116,-0.00219820100322545
0.033333333333333326,30.0,-1.1111111111111107,0.11111111111111116,-0.00219820100322545
0.033333333333333326,30.0,1.1111111111111107,0.11111111111111116,0.00219820100322545
0.033333333333333326,30.0,3.333333333333334,0.11111111111111116,0.00219820100322545
0.033333333333333326,30.0,5.555555555555557,0.11111111111111116,0.00219820100322545
0.033333333333333326,30.0,7.777777777777779,0.11111111111111116,0.00219820100322545
0.033333333333333326,30.0,10.0,0.11111111111111116,0.00219820100322545
0.05555555555555555,-30.0,-10.0,0.11111111111111116,-0.000115592896344213
0.05555555555555555,-30.0,-7.777777777777778,0.11111111111111116,-0.000115592896344213
0.05555555555555555,-30.0,-5.555555555555555,0.11111111111111116,-0.000115592896344213
0.05555555555555555,-30.0,-3.333333333333333,0.11111111111111116,-0.000115592896344213
0.05555555555555555,-30.0,-1.1111111111111107,0.11111111111111116,-0.000115592896344213
0.05555555555555555,-30.0,1.1111111111111107,0.11111111111111116,0.000115592896344213
0.05555555555555555,-30.0,3.333333333333334,0.11111111111111116,0.000115592896344213
0.05555555555555555,-30.0,5.555555555555557,0.11111111111111116,0.000115592896344213
0.05555555555555555,-30.0,7.777777777777779,0.11111111111111116,0.000115592896344213
0.05555555555555555,-30.0,10.0,0.11111111111111116,0.000115592896344213
0.05555555555555555,-23.333333333333332,-10.0,0.11111111111111116,-0.000115592896344213
0.05555555555555555,-23.333333333333332,-7.777777777777778,0.11111111111111116,-0.000115592896344213
0.05555555555555555,-23.333333333333332,-5.555555555555555,0.11111111111111116,-0.000115592896344213
0.05555555555555555,-23.333333333333332,-3.333333333333333,0.11111111111111116,-0.000115592896344213
0.05555555555555555,-23.333333333333332,-1.1111111111111107,0.11111111111111116,-0.000115592896344213
0.05555555555555555,-23.333333333333332,1.1111111111111107,0.11111111111111116,0.000115592896344213
0.05555555555555555,-23.333333333333332,3.333333333333334,0.11111111111111116,0.000115592896344213
0.05555555555555555,-23.333333333333332,5.555555555555557,0.11111111111111116,0.000115592896344213
0.05555555555555555,-23.333333333333332,7.777777777777779,0.11111111111111116,0.000115592896344213
0.05555555555555555,-23.333333333333332,10.0,0.11111111111111116,0.000115592896344213
0.05555555555555555,-16.666666666666664,-10.0,0.11111111111111116,-0.000115592896344213
0.05555555555555555,-16.666666666666664,-7.777777777777778,0.11111111111111116,-0.000115592896344213
0.05555555555555555,-16.666666666666664,-5.555555555555555,0.11111111111111116,-0.000115592896344213
0.05555555555555555,-16.666666666666664,-3.333333333333333,0.11111111111111116,-0.000115592896344213
0.05555555555555555,-16.666666666666664,-1.1111111111111107,0.11111111111111116,-0.000115592896344213
0.05555555555555555,-16.666666666666664,1.1111111111111107,0.11111111111111116,0.000115592896344213
0.05555555555555555,-16.666666666666664,3.333333333333334,0.11111111111111116,0.000115592896344213
0.05555555555555555,-16.666666666666664,5.555555555555557,0.11111111111111116,0.000115592896344213
0.05555555555555555,-16.666666666666664,7.777777777777779,0.11111111111111116,0.000115592896344213
0.05555555555555555,-16.666666666666664,10.0,0.11111111111111116,0.000115592896344213
0.05555555555555555,-10.0,-10.0,0.11111111111111116,-0.000115592896344213
0.05555555555555555,-10.0,-7.777777777777778,0.11111111111111116,-0.000115592896344213
0.05555555555555555,-10.0,-5.555555555555555,0.11111111111111116,-0.000115592896344213
0.05555555555555555,-10.0,-3.333333333333333,0.11111111111111116,-0.000115592896344213
0.05555555555555555,-10.0,-1.1111111111111107,0.11111111111111116,-0.000115592896344213
0.05555555555555555,-10.0,1.1111111111111107,0.11111111111111116,0.000115592896344213
0.05555555555555555,-10.0,3.333333333333334,0.11111111111111116,0.000115592896344213
0.05555555555555555,-10.0,5.555555555555557,0.11111111111111116,0.000115592896344213
0.05555555555555555,-10.0,7.777777777777779,0.11111111111111116,0.000115592896344213
0.05555555555555555,-10.0,10.0,0.11111111111111116,0.000115592896344213
0.05555555555555555,-3.333333333333332,-10.0,0.11111111111111116,-0.000115592896344213
0.05555555555555555,-3.333333333333332,-7.777777777777778,0.11111111111111116,-0.000115592896344213
0.05555555555555555,-3.333333333333332,-5.555555555555555,0.11111111111111116,-0.000115592896344213
0.05555555555555555,-3.333333333333332,-3.333333333333333,0.11111111111111116,-0.000115592896344213
0.05555555555555555,-3.333333333333332,-1.1111111111111107,0.11111111111111116,-0.000115592896344213
0.05555555555555555,-3.333333333333332,1.1111111111111107,0.11111111111111116,0.000115592896344213
0.05555555555555555,-3.333333333333332,3.333333333333334,0.11111111111111116,0.000115592896344213
0.05555555555555555,-3.333333333333332,5.555555555555557,0.11111111111111116,0.000115592896344213
0.05555555555555555,-3.333333333333332,7.777777777777779,0.11111111111111116,0.000115592896344213
0.05555555555555555,-3.333333333333332,10.0,0.11111111111111116,0.000115592896344213
0.05555555555555555,3.3333333333333357,-10.0,0.11111111111111116,-0.000115592896344213
0.05555555555555555,3.3333333333333357,-7.777777777777778,0.11111111111111116,-0.000115592896344213
0.05555555555555555,3.3333333333333357,-5.555555555555555,0.11111111111111116,-0.000115592896344213
0.05555555555555555,3.3333333333333357,-3.333333333333333,0.11111111111111116,-0.000115592896344213
0.05555555555555555,3.3333333333333357,-1.1111111111111107,0.11111111111111116,-0.000115592896344213
0.05555555555555555,3.3333333333333357,1.1111111111111107,0.11111111111111116,0.000115592896344213
0.05555555555555555,3.3333333333333357,3.333333333333334,0.11111111111111116,0.000115592896344213
0.05555555555555555,3.3333333333333357,5.555555555555557,0.11111111111111116,0.000115592896344213
0.05555555555555555,3.3333333333333357,7.777777777777779,0.11111111111111116,0.000115592896344213
0.05555555555555555,3.3333333333333357,10.0,0.11111111111111116,0.000115592896344213
0.05555555555555555,10.0,-10.0,0.11111111111111116,-0.000115592896344213
0.05555555555555555,10.0,-7.777777777777778,0.11111111111111116,-0.000115592896344213
0.05555555555555555,10.0,-5.555555555555555,0.11111111111111116,-0.000115592896344213
0.05555555555555555,10.0,-3.333333333333333,0.11111111111111116,-0.000115592896344213
0.05555555555555555,10.0,-1.1111111111111107,0.11111111111111116,-0.000115592896344213
0.05555555555555555,10.0,1.1111111111111107,0.11111111111111116,0.000115592896344213
0.05555555555555555,10.0,3.333333333333334,0.11111111111111116,0.000115592896344213
0.05555555555555555,10.0,5.555555555555557,0.11111111111111116,0.000115592896344213
0.05555555555555555,10.0,7.777777777777779,0.11111111111111116,0.000115592896344213
0.05555555555555555,10.0,10.0,0.11111111111111116,0.000115592896344213
0.05555555555555555,16.66666666666667,-10.0,0.11111111111111116,-0.000115592896344213
0.05555555555555555,16.66666666666667,-7.777777777777778,0.11111111111111116,-0.000115592896344213
0.05555555555555555,16.66666666666667,-5.555555555555555,0.11111111111111116,-0.000115592896344213
0.05555555555555555,16.66666666666667,-3.333333333333333,0.11111111111111116,-0.000115592896344213
0.05555555555555555,16.66666666666667,-1.1111111111111107,0.11111111111111116,-0.000115592896344213
0.05555555555555555,16.66666666666667,1.1111111111111107,0.11111111111111116,0.000115592896344213
0.05555555555555555,16.66666666666667,3.333333333333334,0.11111111111111116,0.000115592896344213
0.05555555555555555,16.66666666666667,5.555555555555557,0.11111111111111116,0.000115592896344213
0.05555555555555555,16.66666666666667,7.777777777777779,0.11111111111111116,0.000115592896344213
0.05555555555555555,16.66666666666667,10.0,0.11111111111111116,0.000115592896344213
0.05555555555555555,23.333333333333336,-10.0,0.11111111111111116,-0.000115592896344213
0.05555555555555555,23.333333333333336,-7.777777777777778,0.11111111111111116,-0.000115592896344213
0.05555555555555555,23.333333333333336,-5.555555555555555,0.11111111111111116,-0.000115592896344213
0.05555555555555555,23.333333333333336,-3.333333333333333,0.11111111111111116,-0.000115592896344213
0.05555555555555555,23.333333333333336,-1.1111111111111107,0.11111111111111116,-0.000115592896344213
0.05555555555555555,23.333333333333336,1.1111111111111107,0.11111111111111116,0.000115592896344213
0.05555555555555555,23.333333333333336,3.333333333333334,0.11111111111111116,0.000115592896344213
0.05555555555555555,23.333333333333336,5.555555555555557,0.11111111111111116,0.000115592896344213
0.05555555555555555,23.333333333333336,7.777777777777779,0.11111111111111116,0.000115592896344213
0.05555555555555555,23.333333333333336,10.0,0.11111111111111116,0.000115592896344213
0.05555555555555555,30.0,-10.0,0.11111111111111116,-0.000115592896344213
0.05555555555555555,30.0,-7.777777777777778,0.11111111111111116,-0.000115592896344213
0.05555555555555555,30.0,-5.555555555555555,0.11111111111111116,-0.000115592896344213
0.05555555555555555,30.0,-3.333333333333333,0.11111111111111116,-0.000115592896344213
0.05555555555555555,30.0,-1.1111111111111107,0.11111111111111116,-0.000115592896344213
0.05555555555555555,30.0,1.1111111111111107,0.11111111111111116,0.000115592896344213
0.05555555555555555,30.0,3.333333333333334,0.11111111111111116,0.000115592896344213
0.05555555555555555,30.0,5.555555555555557,0.11111111111111116,0.000115592896344213
0.05555555555555555,30.0,7.777777777777779,0.11111111111111116,0.000115592896344213
0.05555555555555555,30.0,10.0,0.11111111111111116,0.000115592896344213
0.07777777777777778,-30.0,-10.0,0.11111111111111116,-0.0
0.07777777777777778,-30.0,-7.777777777777778,0.11111111111111116,-0.0
0.07777777777777778,-30.0,-5.555555555555555,0.11111111111111116,-0.0
0.07777777777777778,-30.0,-3.333333333333333,0.11111111111111116,-0.0
0.07777777777777778,-30.0,-1.1111111111111107,0.11111111111111116,-0.0
0.07777777777777778,-30.0,1.1111111111111107,0.11111111111111116,0.0
0.07777777777777778,-30.0,3.333333333333334,0.11111111111111116,0.0
0.07777777777777778,-30.0,5.555555555555557,0.11111111111111116,0.0
0.07777777777777778,-30.0,7.777777777777779,0.11111111111111116,0.0
0.07777777777777778,-30.0,10.0,0.11111111111111116,0.0
0.07777777777777778,-23.333333333333332,-10.0,0.11111111111111116,-0.0
0.07777777777777778,-23.333333333333332,-7.777777777777778,0.11111111111111116,-0.0
0.07777777777777778,-23.333333333333332,-5.555555555555555,0.11111111111111116,-0.0
0.07777777777777778,-23.333333333333332,-3.333333333333333,0.11111111111111116,-0.0
0.07777777777777778,-23.333333333333332,-1.1111111111111107,0.11111111111111116,-0.0
0.07777777777777778,-23.333333333333332,1.1111111111111107,0.11111111111111116,0.0
0.07777777777777778,-23.333333333333332,3.333333333333334,0.11111111111111116,0.0
0.07777777777777778,-23.333333333333332,5.555555555555557,0.11111111111111116,0.0
0.07777777777777778,-23.333333333333332,7.777777777777779,0.11111111111111116,0.0
0.07777777777777778,-23.333333333333332,10.0,0.11111111111111116,0.0
0.07777777777777778,-16.666666666666664,-10.0,0.11111111111111116,-0.0
0.07777777777777778,-16.666666666666664,-7.777777777777778,0.11111111111111116,-0.0
0.07777777777777778,-16.666666666666664,-5.555555555555555,0.11111111111111116,-0.0
0.07777777777777778,-16.666666666666664,-3.333333333333333,0.11111111111111116,-0.0
0.07777777777777778,-16.666666666666664,-1.1111111111111107,0.11111111111111116,-0.0
0.07777777777777778,-16.666666666666664,1.1111111111111107,0.11111111111111116,0.0
0.07777777777777778,-16.666666666666664,3.333333333333334,0.11111111111111116,0.0
0.07777777777777778,-16.666666666666664,5.555555555555557,0.11111111111111116,0.0
0.07777777777777778,-16.666666666666664,7.777777777777779,0.11111111111111116,0.0
0.07777777777777778,-16.666666666666664,10.0,0.11111111111111116,0.0
0.07777777777777778,-10.0,-10.0,0.11111111111111116,-0.0
0.07777777777777778,-10.0,-7.777777777777778,0.11111111111111116,-0.0
0.07777777777777778,-10.0,-5.555555555555555,0.11111111111111116,-0.0
0.07777777777777778,-10.0,-3.333333333333333,0.11111111111111116,-0.0
0.07777777777777778,-10.0,-1.1111111111111107,0.11111111111111116,-0.0
0.07777777777777778,-10.0,1.1111111111111107,0.11111111111111116,0.0
0.07777777777777778,-10.0,3.333333333333334,0.11111111111111116,0.0
0.07777777777777778,-10.0,5.555555555555557,0.11111111111111116,0.0
0.07777777777777778,-10.0,7.777777777777779,0.11111111111111116,0.0
0.07777777777777778,-10.0,10.0,0.11111111111111116,0.0
0.07777777777777778,-3.333333333333332,-10.0,0.11111111111111116,-0.0
0.07777777777777778,-3.333333333333332,-7.777777777777778,0.11111111111111116,-0.0
0.07777777777777778,-3.333333333333332,-5.555555555555555,0.11111111111111116,-0.0
0.07777777777777778,-3.333333333333332,-3.333333333333333,0.11111111111111116,-0.0
0.07777777777777778,-3.333333333333332,-1.1111111111111107,0.11111111111111116,-0.0
0.07777777777777778,-3.333333333333332,1.1111111111111107,0.11111111111111116,0.0
0.07777777777777778,-3.333333333333332,3.333333333333334,0.11111111111111116,0.0
0.07777777777777778,-3.333333333333332,5.555555555555557,0.11111111111111116,0.0
0.07777777777777778,-3.333333333333332,7.777777777777779,0.11111111111111116,0.0
0.07777777777777778,-3.333333333333332,10.0,0.11111111111111116,0.0
0.07777777777777778,3.3333333333333357,-10.0,0.11111111111111116,-0.0
0.07777777777777778,3.3333333333333357,-7.777777777777778,0.11111111111111116,-0.0
0.07777777777777778,3.3333333333333357,-5.555555555555555,0.11111111111111116,-0.0
0.07777777777777778,3.3333333333333357,-3.333333333333333,0.11111111111111116,-0.0
0.07777777777777778,3.3333333333333357,-1.1111111111111107,0.11111111111111116,-0.0
0.07777777777777778,3.3333333333333357,1.1111111111111107,0.11111111111111116,0.0
0.07777777777777778,3.3333333333333357,3.333333333333334,0.11111111111111116,0.0
0.07777777777777778,3.3333333333333357,5.555555555555557,0.11111111111111116,0.0
0.07777777777777778,3.3333333333333357,7.777777777777779,0.11111111111111116,0.0
0.07777777777777778,3.3333333333333357,10.0,0.11111111111111116,0.0
0.07777777777777778,10.0,-10.0,0.11111111111111116,-0.0
0.07777777777777778,10.0,-7.777777777777778,0.11111111111111116,-0.0
0.07777777777777778,10.0,-5.555555555555555,0.11111111111111116,-0.0
0.07777777777777778,10.0,-3.333333333333333,0.11111111111111116,-0.0
0.07777777777777778,10.0,-1.1111111111111107,0.11111111111111116,-0.0
0.07777777777777778,10.0,1.1111111111111107,0.11111111111111116,0.0
0.07777777777777778,10.0,3.333333333333334,0.11111111111111116,0.0
0.07777777777777778,10.0,5.555555555555557,0.11111111111111116,0.0
0.07777777777777778,10.0,7.777777777777779,0.11111111111111116,0.0
0.07777777777777778,10.0,10.0,0.11111111111111116,0.0
0.07777777777777778,16.66666666666667,-10.0,0.11111111111111116,-0.0
0.07777777777777778,16.66666666666667,-7.777777777777778,0.11111111111111116,-0.0
0.07777777777777778,16.66666666666667,-5.555555555555555,0.11111111111111116,-0.0
0.07777777777777778,16.66666666666667,-3.333333333333333,0.11111111111111116,-0.0
0.07777777777777778,16.66666666666667,-1.1111111111111107,0.11111111111111116,-0.0
0.07777777777777778,16.66666666666667,1.1111111111111107,0.11111111111111116,0.0
0.07777777777777778,16.66666666666667,3.333333333333334,0.11111111111111116,0.0
0.07777777777777778,16.66666666666667,5.555555555555557,0.11111111111111116,0.0
0.07777777777777778,16.66666666666667,7.777777777777779,0.11111111111111116,0.0
0.07777777777777778,16.66666666666667,10.0,0.11111111111111116,0.0
0.07777777777777778,23.333333333333336,-10.0,0.11111111111111116,-0.0
0.07777777777777778,23.333333333333336,-7.777777777777778,0.11111111111111116,-0.0
0.07777777777777778,23.333333333333336,-5.555555555555555,0.11111111111111116,-0.0
0.07777777777777778,23.333333333333336,-3.333333333333333,0.11111111111111116,-0.0
0.07777777777777778,23.333333333333336,-1.1111111111111107,0.11111111111111116,-0.0
0.07777777777777778,23.333333333333336,1.1111111111111107,0.11111111111111116,0.0
0.07777777777777778,23.333333333333336,3.333333333333334,0.11111111111111116,0.0
0.07777777777777778,23.333333333333336,5.555555555555557,0.11111111111111116,0.0
0.07777777777777778,23.333333333333336,7.777777777777779,0.11111111111111116,0.0
0.07777777777777778,23.333333333333336,10.0,0.11111111111111116,0.0
0.07777777777777778,30.0,-10.0,0.11111111111111116,-0.0
0.07777777777777778,30.0,-7.777777777777778,0.11111111111111116,-0.0
0.07777777777777778,30.0,-5.555555555555555,0.11111111111111116,-0.0
0.07777777777777778,30.0,-3.333333333333333,0.11111111111111116,-0.0
0.07777777777777778,30.0,-1.1111111111111107,0.11111111111111116,-0.0
0.07777777777777778,30.0,1.1111111111111107,0.11111111111111116,0.0
0.07777777777777778,30.0,3.333333333333334,0.11111111111111116,0.0
0.07777777777777778,30.0,5.555555555555557,0.11111111111111116,0.0
0.07777777777777778,30.0,7.777777777777779,0.11111111111111116,0.0
0.07777777777777778,30.0,10.0,0.11111111111111116,0.0
0.1,-30.0,-10.0,0.11111111111111116,-0.0
0.1,-30.0,-7.777777777777778,0.11111111111111116,-0.0
0.1,-30.0,-5.555555555555555,0.11111111111111116,-0.0
0.1,-30.0,-3.333333333333333,0.11111111111111116,-0.0
0.1,-30.0,-1.1111111111111107,0.11111111111111116,-0.0
0.1,-30.0,1.1111111111111107,0.11111111111111116,0.0
0.1,-30.0,3.333333333333334,0.11111111111111116,0.0
0.1,-30.0,5.555555555555557,0.11111111111111116,0.0
0.1,-30.0,7.777777777777779,0.11111111111111116,0.0
0.1,-30.0,10.0,0.11111111111111116,0.0
0.1,-23.333333333333332,-10.0,0.11111111111111116,-0.0
0.1,-23.333333333333332,-7.777777777777778,0.11111111111111116,-0.0
0.1,-23.333333333333332,-5.555555555555555,0.11111111111111116,-0.0
0.1,-23.333333333333332,-3.333333333333333,0.11111111111111116,-0.0
0.1,-23.333333333333332,-1.1111111111111107,0.11111111111111116,-0.0
0.1,-23.333333333333332,1.1111111111111107,0.11111111111111116,0.0
0.1,-23.333333333333332,3.333333333333334,0.11111111111111116,0.0
0.1,-23.333333333333332,5.555555555555557,0.11111111111111116,0.0
0.1,-23.333333333333332,7.777777777777779,0.11111111111111116,0.0
0.1,-23.333333333333332,10.0,0.11111111111111116,0.0
0.1,-16.666666666666664,-10.0,0.11111111111111116,-0.0
0.1,-16.666666666666664,-7.777777777777778,0.11111111111111116,-0.0
0.1,-16.666666666666664,-5.555555555555555,0.11111111111111116,-0.0
0.1,-16.666666666666664,-3.333333333333333,0.11111111111111116,-0.0
0.1,-16.666666666666664,-1.1111111111111107,0.11111111111111116,-0.0
0.1,-16.666666666666664,1.1111111111111107,0.11111111111111116,0.0
0.1,-16.666666666666664,3.333333333333334,0.11111111111111116,0.0
0.1,-16.666666666666664,5.555555555555557,0.11111111111111116,0.0
0.1,-16.666666666666664,7.777777777777779,0.11111111111111116,0.0
0.1,-16.666666666666664,10.0,0.11111111111111116,0.0
0.1,-10.0,-10.0,0.11111111111111116,-0.0
0.1,-10.0,-7.777777777777778,0.11111111111111116,-0.0
0.1,-10.0,-5.555555555555555,0.11111111111111116,-0.0
0.1,-10.0,-3.333333333333333,0.11111111111111116,-0.0
0.1,-10.0,-1.1111111111111107,0.11111111111111116,-0.0
0.1,-10.0,1.1111111111111107,0.11111111111111116,0.0
0.1,-10.0,3.333333333333334,0.11111111111111116,0.0
0.1,-10.0,5.555555555555557,0.11111111111111116,0.0
0.1,-10.0,7.777777777777779,0.11111111111111116,0.0
0.1,-10.0,10.0,0.11111111111111116,0.0
0.1,-3.333333333333332,-10.0,0.11111111111111116,-0.0
0.1,-3.333333333333332,-7.777777777777778,0.11111111111111116,-0.0
0.1,-3.333333333333332,-5.555555555555555,0.11111111111111116,-0.0
0.1,-3.333333333333332,-3.333333333333333,0.11111111111111116,-0.0
0.1,-3.333333333333332,-1.1111111111111107,0.11111111111111116,-0.0
0.1,-3.333333333333332,1.1111111111111107,0.11111111111111116,0.0
0.1,-3.333333333333332,3.333333333333334,0.11111111111111116,0.0
0.1,-3.333333333333332,5.555555555555557,0.11111111111111116,0.0
0.1,-3.333333333333332,7.777777777777779,0.11111111111111116,0.0
0.1,-3.333333333333332,10.0,0.11111111111111116,0.0
0.1,3.3333333333333357,-10.0,0.11111111111111116,-0.0
0.1,3.3333333333333357,-7.777777777777778,0.11111111111111116,-0.0
0.1,3.3333333333333357,-5.555555555555555,0.11111111111111116,-0.0
0.1,3.3333333333333357,-3.333333333333333,0.11111111111111116,-0.0
0.1,3.3333333333333357,-1.1111111111111107,0.11111111111111116,-0.0
0.1,3.3333333333333357,1.1111111111111107,0.11111111111111116,0.0
0.1,3.3333333333333357,3.333333333333334,0.11111111111111116,0.0
0.1,3.3333333333333357,5.555555555555557,0.11111111111111116,0.0
0.1,3.3333333333333357,7.777777777777779,0.11111111111111116,0.0
0.1,3.3333333333333357,10.0,0.11111111111111116,0.0
0.1,10.0,-10.0,0.11111111111111116,-0.0
0.1,10.0,-7.777777777777778,0.11111111111111116,-0.0
0.1,10.0,-5.555555555555555,0.11111111111111116,-0.0
0.1,10.0,-3.333333333333333,0.11111111111111116,-0.0
0.1,10.0,-1.1111111111111107,0.11111111111111116,-0.0
0.1,10.0,1.1111111111111107,0.11111111111111116,0.0
0.1,10.0,3.333333333333334,0.11111111111111116,0.0
0.1,10.0,5.555555555555557,0.11111111111111116,0.0
0.1,10.0,7.777777777777779,0.11111111111111116,0.0
0.1,10.0,10.0,0.11111111111111116,0.0
0.1,16.66666666666667,-10.0,0.11111111111111116,-0.0
0.1,16.66666666666667,-7.777777777777778,0.11111111111111116,-0.0
0.1,16.66666666666667,-5.555555555555555,0.11111111111111116,-0.0
0.1,16.66666666666667,-3.333333333333333,0.11111111111111116,-0.0
0.1,16.66666666666667,-1.1111111111111107,0.11111111111111116,-0.0
0.1,16.66666666666667,1.1111111111111107,0.11111111111111116,0.0
0.1,16.66666666666667,3.333333333333334,0.11111111111111116,0.0
0.1,16.66666666666667,5.555555555555557,0.11111111111111116,0.0
0.1,16.66666666666667,7.777777777777779,0.11111111111111116,0.0
0.1,16.66666666666667,10.0,0.11111111111111116,0.0
0.1,23.333333333333336,-10.0,0.11111111111111116,-0.0
0.1,23.333333333333336,-7.777777777777778,0.11111111111111116,-0.0
0.1,23.333333333333336,-5.555555555555555,0.11111111111111116,-0.0
0.1,23.333333333333336,-3.333333333333333,0.11111111111111116,-0.0
0.1,23.333333333333336,-1.1111111111111107,0.11111111111111116,-0.0
0.1,23.333333333333336,1.1111111111111107,0.11111111111111116,0.0
0.1,23.333333333333336,3.333333333333334,0.11111111111111116,0.0
0.1,23.333333333333336,5.555555555555557,0.11111111111111116,0.0
0.1,23.333333333333336,7.777777777777779,0.11111111111111116,0.0
0.1,23.333333333333336,10.0,0.11111111111111116,0.0
0.1,30.0,-10.0,0.11111111111111116,-0.0
0.1,30.0,-7.777777777777778,0.11111111111111116,-0.0
0.1,30.0,-5.555555555555555,0.11111111111111116,-0.0
0.1,30.0,-3.333333333333333,0.11111111111111116,-0.0
0.1,30.0,-1.1111111111111107,0.11111111111111116,-0.0
0.1,30.0,1.1111111111111107,0.11111111111111116,0.0
0.1,30.0,3.333333333333334,0.11111111111111116,0.0
0.1,30.0,5.555555555555557,0.11111111111111116,0.0
0.1,30.0,7.777777777777779,0.11111111111111116,0.0
0.1,30.0,10.0,0.11111111111111116,0.0
-0.1,-30.0,-10.0,0.33333333333333326,-0.0
-0.1,-30.0,-7.777777777777778,0.33333333333333326,-0.0
-0.1,-30.0,-5.555555555555555,0.33333333333333326,-0.0
-0.1,-30.0,-3.333333333333333,0.33333333333333326,-0.0
-0.1,-30.0,-1.1111111111111107,0.33333333333333326,-0.0
-0.1,-30.0,1.1111111111111107,0.33333333333333326,0.0
-0.1,-30.0,3.333333333333334,0.33333333333333326,0.0
-0.1,-30.0,5.555555555555557,0.33333333333333326,0.0
-0.1,-30.0,7.777777777777779,0.33333333333333326,0.0
-0.1,-30.0,10.0,0.33333333333333326,0.0
-0.1,-23.333333333333332,-10.0,0.33333333333333326,-0.0
-0.1,-23.333333333333332,-7.777777777777778,0.33333333333333326,-0.0
-0.1,-23.333333333333332,-5.555555555555555,0.33333333333333326,-0.0
-0.1,-23.333333333333332,-3.333333333333333,0.33333333333333326,-0.0
-0.1,-23.333333333333332,-1.1111111111111107,0.33333333333333326,-0.0
-0.1,-23.333333333333332,1.1111111111111107,0.33333333333333326,0.0
-0.1,-23.333333333333332,3.333333333333334,0.33333333333333326,0.0
-0.1,-23.333333333333332,5.555555555555557,0.33333333333333326,0.0
-0.1,-23.333333333333332,7.777777777777779,0.33333333333333326,0.0
-0.1,-23.333333333333332,10.0,0.33333333333333326,0.0
-0.1,-16.666666666666664,-10.0,0.33333333333333326,-0.0
-0.1,-16.666666666666664,-7.777777777777778,0.33333333333333326,-0.0
-0.1,-16.666666666666664,-5.555555555555555,0.33333333333333326,-0.0
-0.1,-16.666666666666664,-3.333333333333333,0.33333333333333326,-0.0
-0.1,-16.666666666666664,-1.1111111111111107,0.33333333333333326,-0.0
-0.1,-16.666666666666664,1.1111111111111107,0.33333333333333326,0.0
-0.1,-16.666666666666664,3.333333333333334,0.33333333333333326,0.0
-0.1,-16.666666666666664,5.555555555555557,0.33333333333333326,0.0
-0.1,-16.666666666666664,7.777777777777779,0.33333333333333326,0.0
-0.1,-16.666666666666664,10.0,0.33333333333333326,0.0
-0.1,-10.0,-10.0,0.33333333333333326,-0.0
-0.1,-10.0,-7.777777777777778,0.33333333333333326,-0.0
-0.1,-10.0,-5.555555555555555,0.33333333333333326,-0.0
-0.1,-10.0,-3.333333333333333,0.33333333333333326,-0.0
-0.1,-10.0,-1.1111111111111107,0.33333333333333326,-0.0
-0.1,-10.0,1.1111111111111107,0.33333333333333326,0.0
-0.1,-10.0,3.333333333333334,0.33333333333333326,0.0
-0.1,-10.0,5.555555555555557,0.33333333333333326,0.0
-0.1,-10.0,7.777777777777779,0.33333333333333326,0.0
-0.1,-10.0,10.0,0.33333333333333326,0.0
-0.1,-3.333333333333332,-10.0,0.33333333333333326,-0.0
-0.1,-3.333333333333332,-7.777777777777778,0.33333333333333326,-0.0
-0.1,-3.333333333333332,-5.555555555555555,0.33333333333333326,-0.0
-0.1,-3.333333333333332,-3.333333333333333,0.33333333333333326,-0.0
-0.1,-3.333333333333332,-1.1111111111111107,0.33333333333333326,-0.0
-0.1,-3.333333333333332,1.1111111111111107,0.33333333333333326,0.0
-0.1,-3.333333333333332,3.333333333333334,0.33333333333333326,0.0
-0.1,-3.333333333333332,5.555555555555557,0.33333333333333326,0.0
-0.1,-3.333333333333332,7.777777777777779,0.33333333333333326,0.0
-0.1,-3.333333333333332,10.0,0.33333333333333326,0.0
-0.1,3.3333333333333357,-10.0,0.33333333333333326,-0.0
-0.1,3.3333333333333357,-7.777777777777778,0.33333333333333326,-0.0
-0.1,3.3333333333333357,-5.555555555555555,0.33333333333333326,-0.0
-0.1,3.3333333333333357,-3.333333333333333,0.33333333333333326,-0.0
-0.1,3.3333333333333357,-1.1111111111111107,0.33333333333333326,-0.0
-0.1,3.3333333333333357,1.1111111111111107,0.33333333333333326,0.0
-0.1,3.3333333333333357,3.333333333333334,0.33333333333333326,0.0
-0.1,3.3333333333333357,5.555555555555557,0.33333333333333326,0.0
-0.1,3.3333333333333357,7.777777777777779,0.33333333333333326,0.0
-0.1,3.3333333333333357,10.0,0.33333333333333326,0.0
-0.1,10.0,-10.0,0.33333333333333326,-0.0
-0.1,10.0,-7.777777777777778,0.33333333333333326,-0.0
-0.1,10.0,-5.555555555555555,0.33333333333333326,-0.0
-0.1,10.0,-3.333333333333333,0.33333333333333326,-0.0
-0.1,10.0,-1.1111111111111107,0.33333333333333326,-0.0
-0.1,10.0,1.1111111111111107,0.33333333333333326,0.0
-0.1,10.0,3.333333333333334,0.33333333333333326,0.0
-0.1,10.0,5.555555555555557,0.33333333333333326,0.0
-0.1,10.0,7.777777777777779,0.33333333333333326,0.0
-0.1,10.0,10.0,0.33333333333333326,0.0
-0.1,16.66666666666667,-10.0,0.33333333333333326,-0.0
-0.1,16.66666666666667,-7.777777777777778,0.33333333333333326,-0.0
-0.1,16.66666666666667,-5.555555555555555,0.33333333333333326,-0.0
-0.1,16.66666666666667,-3.333333333333333,0.33333333333333326,-0.0
-0.1,16.66666666666667,-1.1111111111111107,0.33333333333333326,-0.0
-0.1,16.66666666666667,1.1111111111111107,0.33333333333333326,0.0
-0.1,16.66666666666667,3.333333333333334,0.33333333333333326,0.0
-0.1,16.66666666666667,5.555555555555557,0.33333333333333326,0.0
-0.1,16.66666666666667,7.777777777777779,0.33333333333333326,0.0
-0.1,16.66666666666667,10.0,0.33333333333333326,0.0
-0.1,23.333333333333336,-10.0,0.33333333333333326,-0.0
-0.1,23.333333333333336,-7.777777777777778,0.33333333333333326,-0.0
-0.1,23.333333333333336,-5.555555555555555,0.33333333333333326,-0.0
-0.1,23.333333333333336,-3.333333333333333,0.33333333333333326,-0.0
-0.1,23.333333333333336,-1.1111111111111107,0.33333333333333326,-0.0
-0.1,23.333333333333336,1.1111111111111107,0.33333333333333326,0.0
-0.1,23.333333333333336,3.333333333333334,0.33333333333333326,0.0
-0.1,23.333333333333336,5.555555555555557,0.33333333333333326,0.0
-0.1,23.333333333333336,7.777777777777779,0.33333333333333326,0.0
-0.1,23.333333333333336,10.0,0.33333333333333326,0.0
-0.1,30.0,-10.0,0.33333333333333326,-0.0
-0.1,30.0,-7.777777777777778,0.33333333333333326,-0.0
-0.1,30.0,-5.555555555555555,0.33333333333333326,-0.0
-0.1,30.0,-3.333333333333333,0.33333333333333326,-0.0
-0.1,30.0,-1.1111111111111107,0.33333333333333326,-0.0
-0.1,30.0,1.1111111111111107,0.33333333333333326,0.0
-0.1,30.0,3.333333333333334,0.33333333333333326,0.0
-0.1,30.0,5.555555555555557,0.33333333333333326,0.0
-0.1,30.0,7.777777777777779,0.33333333333333326,0.0
-0.1,30.0,10.0,0.33333333333333326,0.0
-0.07777777777777778,-30.0,-10.0,0.33333333333333326,-0.0
-0.07777777777777778,-30.0,-7.777777777777778,0.33333333333333326,-0.0
-0.07777777777777778,-30.0,-5.555555555555555,0.33333333333333326,-0.0
-0.07777777777777778,-30.0,-3.333333333333333,0.33333333333333326,-0.0
-0.07777777777777778,-30.0,-1.1111111111111107,0.33333333333333326,-0.0
-0.07777777777777778,-30.0,1.1111111111111107,0.33333333333333326,0.0
-0.07777777777777778,-30.0,3.333333333333334,0.33333333333333326,0.0
-0.07777777777777778,-30.0,5.555555555555557,0.33333333333333326,0.0
-0.07777777777777778,-30.0,7.777777777777779,0.33333333333333326,0.0
-0.07777777777777778,-30.0,10.0,0.33333333333333326,0.0
-0.07777777777777778,-23.333333333333332,-10.0,0.33333333333333326,-0.0
-0.07777777777777778,-23.333333333333332,-7.777777777777778,0.33333333333333326,-0.0
-0.07777777777777778,-23.333333333333332,-5.555555555555555,0.33333333333333326,-0.0
-0.07777777777777778,-23.333333333333332,-3.333333333333333,0.33333333333333326,-0.0
-0.07777777777777778,-23.333333333333332,-1.1111111111111107,0.33333333333333326,-0.0
-0.07777777777777778,-23.333333333333332,1.1111111111111107,0.33333333333333326,0.0
-0.07777777777777778,-23.333333333333332,3.333333333333334,0.33333333333333326,0.0
-0.07777777777777778,-23.333333333333332,5.555555555555557,0.33333333333333326,0.0
-0.07777777777777778,-23.333333333333332,7.777777777777779,0.33333333333333326,0.0
-0.07777777777777778,-23.333333333333332,10.0,0.33333333333333326,0.0
-0.07777777777777778,-16.666666666666664,-10.0,0.33333333333333326,-0.0
-0.07777777777777778,-16.666666666666664,-7.777777777777778,0.33333333333333326,-0.0
-0.07777777777777778,-16.666666666666664,-5.555555555555555,0.33333333333333326,-0.0
-0.07777777777777778,-16.666666666666664,-3.333333333333333,0.33333333333333326,-0.0
-0.07777777777777778,-16.666666666666664,-1.1111111111111107,0.33333333333333326,-0.0
-0.07777777777777778,-16.666666666666664,1.1111111111111107,0.33333333333333326,0.0
-0.07777777777777778,-16.666666666666664,3.333333333333334,0.33333333333333326,0.0
-0.07777777777777778,-16.666666666666664,5.555555555555557,0.33333333333333326,0.0
-0.07777777777777778,-16.666666666666664,7.777777777777779,0.33333333333333326,0.0
-0.07777777777777778,-16.666666666666664,10.0,0.33333333333333326,0.0
-0.07777777777777778,-10.0,-10.0,0.33333333333333326,-0.0
-0.07777777777777778,-10.0,-7.777777777777778,0.33333333333333326,-0.0
-0.07777777777777778,-10.0,-5.555555555555555,0.33333333333333326,-0.0
-0.07777777777777778,-10.0,-3.333333333333333,0.33333333333333326,-0.0
-0.07777777777777778,-10.0,-1.1111111111111107,0.33333333333333326,-0.0
-0.07777777777777778,-10.0,1.1111111111111107,0.33333333333333326,0.0
-0.07777777777777778,-10.0,3.333333333333334,0.33333333333333326,0.0
-0.07777777777777778,-10.0,5.555555555555557,0.33333333333333326,0.0
-0.07777777777777778,-10.0,7.777777777777779,0.33333333333333326,0.0
-0.07777777777777778,-10.0,10.0,0.33333333333333326,0.0
-0.07777777777777778,-3.333333333333332,-10.0,0.33333333333333326,-0.0
-0.07777777777777778,-3.333333333333332,-7.777777777777778,0.33333333333333326,-0.0
-0.07777777777777778,-3.333333333333332,-5.555555555555555,0.33333333333333326,-0.0
-0.07777777777777778,-3.333333333333332,-3.333333333333333,0.33333333333333326,-0.0
-0.07777777777777778,-3.333333333333332,-1.1111111111111107,0.33333333333333326,-0.0
-0.07777777777777778,-3.333333333333332,1.1111111111111107,0.33333333333333326,0.0
-0.07777777777777778,-3.333333333333332,3.333333333333334,0.33333333333333326,0.0
-0.07777777777777778,-3.333333333333332,5.555555555555557,0.33333333333333326,0.0
-0.07777777777777778,-3.333333333333332,7.777777777777779,0.33333333333333326,0.0
-0.07777777777777778,-3.333333333333332,10.0,0.33333333333333326,0.0
-0.07777777777777778,3.3333333333333357,-10.0,0.33333333333333326,-0.0
-0.07777777777777778,3.3333333333333357,-7.777777777777778,0.33333333333333326,-0.0
-0.07777777777777778,3.3333333333333357,-5.555555555555555,0.33333333333333326,-0.0
-0.07777777777777778,3.3333333333333357,-3.333333333333333,0.33333333333333326,-0.0
-0.07777777777777778,3.3333333333333357,-1.1111111111111107,0.33333333333333326,-0.0
-0.07777777777777778,3.3333333333333357,1.1111111111111107,0.33333333333333326,0.0
-0.07777777777777778,3.3333333333333357,3.333333333333334,0.33333333333333326,0.0
-0.07777777777777778,3.3333333333333357,5.555555555555557,0.33333333333333326,0.0
-0.07777777777777778,3.3333333333333357,7.777777777777779,0.33333333333333326,0.0
-0.07777777777777778,3.3333333333333357,10.0,0.33333333333333326,0.0
-0.07777777777777778,10.0,-10.0,0.33333333333333326,-0.0
-0.07777777777777778,10.0,-7.777777777777778,0.33333333333333326,-0.0
-0.07777777777777778,10.0,-5.555555555555555,0.33333333333333326,-0.0
-0.07777777777777778,10.0,-3.333333333333333,0.33333333333333326,-0.0
-0.07777777777777778,10.0,-1.1111111111111107,0.33333333333333326,-0.0
-0.07777777777777778,10.0,1.1111111111111107,0.33333333333333326,0.0
-0.07777777777777778,10.0,3.333333333333334,0.33333333333333326,0.0
-0.07777777777777778,10.0,5.555555555555557,0.33333333333333326,0.0
-0.07777777777777778,10.0,7.777777777777779,0.33333333333333326,0.0
-0.07777777777777778,10.0,10.0,0.33333333333333326,0.0
-0.07777777777777778,16.66666666666667,-10.0,0.33333333333333326,-0.0
-0.07777777777777778,16.66666666666667,-7.777777777777778,0.33333333333333326,-0.0
-0.07777777777777778,16.66666666666667,-5.555555555555555,0.33333333333333326,-0.0
-0.07777777777777778,16.66666666666667,-3.333333333333333,0.33333333333333326,-0.0
-0.07777777777777778,16.66666666666667,-1.1111111111111107,0.33333333333333326,-0.0
-0.07777777777777778,16.66666666666667,1.1111111111111107,0.33333333333333326,0.0
-0.07777777777777778,16.66666666666667,3.333333333333334,0.33333333333333326,0.0
-0.07777777777777778,16.66666666666667,5.555555555555557,0.33333333333333326,0.0
-0.07777777777777778,16.66666666666667,7.777777777777779,0.33333333333333326,0.0
-0.07777777777777778,16.66666666666667,10.0,0.33333333333333326,0.0
-0.07777777777777778,23.333333333333336,-10.0,0.33333333333333326,-0.0
-0.07777777777777778,23.333333333333336,-7.777777777777778,0.33333333333333326,-0.0
-0.07777777777777778,23.333333333333336,-5.555555555555555,0.33333333333333326,-0.0
-0.07777777777777778,23.333333333333336,-3.333333333333333,0.33333333333333326,-0.0
-0.07777777777777778,23.333333333333336,-1.1111111111111107,0.33333333333333326,-0.0
-0.07777777777777778,23.333333333333336,1.1111111111111107,0.33333333333333326,0.0
-0.07777777777777778,23.333333333333336,3.333333333333334,0.33333333333333326,0.0
-0.07777777777777778,23.333333333333336,5.555555555555557,0.33333333333333326,0.0
-0.07777777777777778,23.333333333333336,7.777777777777779,0.33333333333333326,0.0
-0.07777777777777778,23.333333333333336,10.0,0.33333333333333326,0.0
-0.07777777777777778,30.0,-10.0,0.33333333333333326,-0.0
-0.07777777777777778,30.0,-7.777777777777778,0.33333333333333326,-0.0
-0.07777777777777778,30.0,-5.555555555555555,0.33333333333333326,-0.0
-0.07777777777777778,30.0,-3.333333333333333,0.33333333333333326,-0.0
-0.07777777777777778,30.0,-1.1111111111111107,0.33333333333333326,-0.0
-0.07777777777777778,30.0,1.1111111111111107,0.33333333333333326,0.0
-0.07777777777777778,30.0,3.333333333333334,0.33333333333333326,0.0
-0.07777777777777778,30.0,5.555555555555557,0.33333333333333326,0.0
-0.07777777777777778,30.0,7.777777777777779,0.33333333333333326,0.0
-0.07777777777777778,30.0,10.0,0.33333333333333326,0.0
-0.05555555555555556,-30.0,-10.0,0.33333333333333326,-0.00012140918515615154
-0.05555555555555556,-30.0,-7.777777777777778,0.33333333333333326,-0.00012140918515615154
-0.05555555555555556,-30.0,-5.555555555555555,0.33333333333333326,-0.00012140918515615154
-0.05555555555555556,-30.0,-3.333333333333333,0.33333333333333326,-0.00012140918515615154
-0.05555555555555556,-30.0,-1.1111111111111107,0.33333333333333326,-0.00012140918515615154
-0.05555555555555556,-30.0,1.1111111111111107,0.33333333333333326,0.00012140918515615154
-0.05555555555555556,-30.0,3.333333333333334,0.33333333333333326,0.00012140918515615154
-0.05555555555555556,-30.0,5.555555555555557,0.33333333333333326,0.00012140918515615154
-0.05555555555555556,-30.0,7.777777777777779,0.33333333333333326,0.00012140918515615154
-0.05555555555555556,-30.0,10.0,0.33333333333333326,0.00012140918515615154
-0.05555555555555556,-23.333333333333332,-10.0,0.33333333333333326,-0.00012140918515615154
-0.05555555555555556,-23.333333333333332,-7.777777777777778,0.33333333333333326,-0.00012140918515615154
-0.05555555555555556,-23.333333333333332,-5.555555555555555,0.33333333333333326,-0.00012140918515615154
-0.05555555555555556,-23.333333333333332,-3.333333333333333,0.33333333333333326,-0.00012140918515615154
-0.05555555555555556,-23.333333333333332,-1.1111111111111107,0.33333333333333326,-0.00012140918515615154
-0.05555555555555556,-23.333333333333332,1.1111111111111107,0.33333333333333326,0.00012140918515615154
-0.05555555555555556,-23.333333333333332,3.333333333333334,0.33333333333333326,0.00012140918515615154
-0.05555555555555556,-23.333333333333332,5.555555555555557,0.33333333333333326,0.00012140918515615154
-0.05555555555555556,-23.333333333333332,7.777777777777779,0.33333333333333326,0.00012140918515615154
-0.05555555555555556,-23.333333333333332,10.0,0.33333333333333326,0.00012140918515615154
-0.05555555555555556,-16.666666666666664,-10.0,0.33333333333333326,-0.00012140918515615154
-0.05555555555555556,-16.666666666666664,-7.777777777777778,0.33333333333333326,-0.00012140918515615154
-0.05555555555555556,-16.666666666666664,-5.555555555555555,0.33333333333333326,-0.00012140918515615154
-0.05555555555555556,-16.666666666666664,-3.333333333333333,0.33333333333333326,-0.00012140918515615154
-0.05555555555555556,-16.666666666666664,-1.1111111111111107,0.33333333333333326,-0.00012140918515615154
-0.05555555555555556,-16.666666666666664,1.1111111111111107,0.33333333333333326,0.00012140918515615154
-0.05555555555555556,-16.666666666666664,3.333333333333334,0.33333333333333326,0.00012140918515615154
-0.05555555555555556,-16.666666666666664,5.555555555555557,0.33333333333333326,0.00012140918515615154
-0.05555555555555556,-16.666666666666664,7.777777777777779,0.33333333333333326,0.00012140918515615154
-0.05555555555555556,-16.666666666666664,10.0,0.33333333333333326,0.00012140918515615154
-0.05555555555555556,-10.0,-10.0,0.33333333333333326,-0.00012140918515615154
-0.05555555555555556,-10.0,-7.777777777777778,0.33333333333333326,-0.00012140918515615154
-0.05555555555555556,-10.0,-5.555555555555555,0.33333333333333326,-0.00012140918515615154
-0.05555555555555556,-10.0,-3.333333333333333,0.33333333333333326,-0.00012140918515615154
-0.05555555555555556,-10.0,-1.1111111111111107,0.33333333333333326,-0.00012140918515615154
-0.05555555555555556,-10.0,1.1111111111111107,0.33333333333333326,0.00012140918515615154
-0.05555555555555556,-10.0,3.333333333333334,0.33333333333333326,0.00012140918515615154
-0.05555555555555556,-10.0,5.555555555555557,0.33333333333333326,0.00012140918515615154
-0.05555555555555556,-10.0,7.777777777777779,0.33333333333333326,0.00012140918515615154
-0.05555555555555556,-10.0,10.0,0.33333333333333326,0.00012140918515615154
-0.05555555555555556,-3.333333333333332,-10.0,0.33333333333333326,-0.00012140918515615154
-0.05555555555555556,-3.333333333333332,-7.777777777777778,0.33333333333333326,-0.00012140918515615154
-0.05555555555555556,-3.333333333333332,-5.555555555555555,0.33333333333333326,-0.00012140918515615154
-0.05555555555555556,-3.333333333333332,-3.333333333333333,0.33333333333333326,-0.00012140918515615154
-0.05555555555555556,-3.333333333333332,-1.1111111111111107,0.33333333333333326,-0.00012140918515615154
-0.05555555555555556,-3.333333333333332,1.1111111111111107,0.33333333333333326,0.00012140918515615154
-0.05555555555555556,-3.333333333333332,3.333333333333334,0.33333333333333326,0.00012140918515615154
-0.05555555555555556,-3.333333333333332,5.555555555555557,0.33333333333333326,0.00012140918515615154
-0.05555555555555556,-3.333333333333332,7.777777777777779,0.33333333333333326,0.00012140918515615154
-0.05555555555555556,-3.333333333333332,10.0,0.33333333333333326,0.00012140918515615154
-0.05555555555555556,3.3333333333333357,-10.0,0.33333333333333326,-0.00012140918515615154
-0.05555555555555556,3.3333333333333357,-7.777777777777778,0.33333333333333326,-0.00012140918515615154
-0.05555555555555556,3.3333333333333357,-5.555555555555555,0.33333333333333326,-0.00012140918515615154
-0.05555555555555556,3.3333333333333357,-3.333333333333333,0.33333333333333326,-0.00012140918515615154
-0.05555555555555556,3.3333333333333357,-1.1111111111111107,0.33333333333333326,-0.00012140918515615154
-0.05555555555555556,3.3333333333333357,1.1111111111111107,0.33333333333333326,0.00012140918515615154
-0.05555555555555556,3.3333333333333357,3.333333333333334,0.33333333333333326,0.00012140918515615154
-0.05555555555555556,3.3333333333333357,5.555555555555557,0.33333333333333326,0.00012140918515615154
-0.05555555555555556,3.3333333333333357,7.777777777777779,0.33333333333333326,0.00012140918515615154
-0.05555555555555556,3.3333333333333357,10.0,0.33333333333333326,0.00012140918515615154
-0.05555555555555556,10.0,-10.0,0.33333333333333326,-0.00012140918515615154
-0.05555555555555556,10.0,-7.777777777777778,0.33333333333333326,-0.00012140918515615154
-0.05555555555555556,10.0,-5.555555555555555,0.33333333333333326,-0.00012140918515615154
-0.05555555555555556,10.0,-3.333333333333333,0.33333333333333326,-0.00012140918515615154
-0.05555555555555556,10.0,-1.1111111111111107,0.33333333333333326,-0.00012140918515615154
-0.05555555555555556,10.0,1.1111111111111107,0.33333333333333326,0.00012140918515615154
-0.05555555555555556,10.0,3.333333333333334,0.33333333333333326,0.00012140918515615154
-0.05555555555555556,10.0,5.555555555555557,0.33333333333333326,0.00012140918515615154
-0.05555555555555556,10.0,7.777777777777779,0.33333333333333326,0.00012140918515615154
-0.05555555555555556,10.0,10.0,0.33333333333333326,0.00012140918515615154
-0.05555555555555556,16.66666666666667,-10.0,0.33333333333333326,-0.00012140918515615154
-0.05555555555555556,16.66666666666667,-7.777777777777778,0.33333333333333326,-0.00012140918515615154
-0.05555555555555556,16.66666666666667,-5.555555555555555,0.33333333333333326,-0.00012140918515615154
-0.05555555555555556,16.66666666666667,-3.333333333333333,0.33333333333333326,-0.00012140918515615154
-0.05555555555555556,16.66666666666667,-1.1111111111111107,0.33333333333333326,-0.00012140918515615154
-0.05555555555555556,16.66666666666667,1.1111111111111107,0.33333333333333326,0.00012140918515615154
-0.05555555555555556,16.66666666666667,3.333333333333334,0.33333333333333326,0.00012140918515615154
-0.05555555555555556,16.66666666666667,5.555555555555557,0.33333333333333326,0.00012140918515615154
-0.05555555555555556,16.66666666666667,7.777777777777779,0.33333333333333326,0.00012140918515615154
-0.05555555555555556,16.66666666666667,10.0,0.33333333333333326,0.00012140918515615154
-0.05555555555555556,23.333333333333336,-10.0,0.33333333333333326,-0.00012140918515615154
-0.05555555555555556,23.333333333333336,-7.777777777777778,0.33333333333333326,-0.00012140918515615154
-0.05555555555555556,23.333333333333336,-5.555555555555555,0.33333333333333326,-0.00012140918515615154
-0.05555555555555556,23.333333333333336,-3.333333333333333,0.33333333333333326,-0.00012140918515615154
-0.05555555555555556,23.333333333333336,-1.1111111111111107,0.33333333333333326,-0.00012140918515615154
-0.05555555555555556,23.333333333333336,1.1111111111111107,0.33333333333333326,0.00012140918515615154
-0.05555555555555556,23.333333333333336,3.333333333333334,0.33333333333333326,0.00012140918515615154
-0.05555555555555556,23.333333333333336,5.555555555555557,0.33333333333333326,0.00012140918515615154
-0.05555555555555556,23.333333333333336,7.777777777777779,0.33333333333333326,0.00012140918515615154
-0.05555555555555556,23.333333333333336,10.0,0.33333333333333326,0.00012140918515615154
-0.05555555555555556,30.0,-10.0,0.33333333333333326,-0.00012140918515615154
-0.05555555555555556,30.0,-7.777777777777778,0.33333333333333326,-0.00012140918515615154
-0.05555555555555556,30.0,-5.555555555555555,0.33333333333333326,-0.00012140918515615154
-0.05555555555555556,30.0,-3.333333333333333,0.33333333333333326,-0.00012140918515615154
-0.05555555555555556,30.0,-1.1111111111111107,0.33333333333333326,-0.00012140918515615154
-0.05555555555555556,30.0,1.1111111111111107,0.33333333333333326,0.00012140918515615154
-0.05555555555555556,30.0,3.333333333333334,0.33333333333333326,0.00012140918515615154
-0.05555555555555556,30.0,5.555555555555557,0.33333333333333326,0.00012140918515615154
-0.05555555555555556,30.0,7.777777777777779,0.33333333333333326,0.00012140918515615154
-0.05555555555555556,30.0,10.0,0.33333333333333326,0.00012140918515615154
-0.03333333333333334,-30.0,-10.0,0.33333333333333326,-0.002329917383019088
-0.03333333333333334,-30.0,-7.777777777777778,0.33333333333333326,-0.002329917383019088
-0.03333333333333334,-30.0,-5.555555555555555,0.33333333333333326,-0.002329917383019088
-0.03333333333333334,-30.0,-3.333333333333333,0.33333333333333326,-0.002329917383019088
-0.03333333333333334,-30.0,-1.1111111111111107,0.33333333333333326,-0.002329917383019088
-0.03333333333333334,-30.0,1.1111111111111107,0.33333333333333326,0.002329917383019088
-0.03333333333333334,-30.0,3.333333333333334,0.33333333333333326,0.002329917383019088
-0.03333333333333334,-30.0,5.555555555555557,0.33333333333333326,0.002329917383019088
-0.03333333333333334,-30.0,7.777777777777779,0.33333333333333326,0.002329917383019088
-0.03333333333333334,-30.0,10.0,0.33333333333333326,0.002329917383019088
-0.03333333333333334,-23.333333333333332,-10.0,0.33333333333333326,-0.002329917383019088
-0.03333333333333334,-23.333333333333332,-7.777777777777778,0.33333333333333326,-0.002329917383019088
-0.03333333333333334,-23.333333333333332,-5.555555555555555,0.33333333333333326,-0.002329917383019088
-0.03333333333333334,-23.333333333333332,-3.333333333333333,0.33333333333333326,-0.002329917383019088
-0.03333333333333334,-23.333333333333332,-1.1111111111111107,0.33333333333333326,-0.002329917383019088
-0.03333333333333334,-23.333333333333332,1.1111111111111107,0.33333333333333326,0.002329917383019088
-0.03333333333333334,-23.333333333333332,3.333333333333334,0.33333333333333326,0.002329917383019088
-0.03333333333333334,-23.333333333333332,5.555555555555557,0.33333333333333326,0.002329917383019088
-0.03333333333333334,-23.333333333333332,7.777777777777779,0.33333333333333326,0.002329917383019088
-0.03333333333333334,-23.333333333333332,10.0,0.33333333333333326,0.002329917383019088
-0.03333333333333334,-16.666666666666664,-10.0,0.33333333333333326,-0.002329917383019088
-0.03333333333333334,-16.666666666666664,-7.777777777777778,0.33333333333333326,-0.002329917383019088
-0.03333333333333334,-16.666666666666664,-5.555555555555555,0.33333333333333326,-0.002329917383019088
-0.03333333333333334,-16.666666666666664,-3.333333333333333,0.33333333333333326,-0.002329917383019088
-0.03333333333333334,-16.666666666666664,-1.1111111111111107,0.33333333333333326,-0.002329917383019088
-0.03333333333333334,-16.666666666666664,1.1111111111111107,0.33333333333333326,0.002329917383019088
-0.03333333333333334,-16.666666666666664,3.333333333333334,0.33333333333333326,0.002329917383019088
-0.03333333333333334,-16.666666666666664,5.555555555555557,0.33333333333333326,0.002329917383019088
-0.03333333333333334,-16.666666666666664,7.777777777777779,0.33333333333333326,0.002329917383019088
-0.03333333333333334,-16.666666666666664,10.0,0.33333333333333326,0.002329917383019088
-0.03333333333333334,-10.0,-10.0,0.33333333333333326,-0.002329917383019088
-0.03333333333333334,-10.0,-7.777777777777778,0.33333333333333326,-0.002329917383019088
-0.03333333333333334,-10.0,-5.555555555555555,0.33333333333333326,-0.002329917383019088
-0.03333333333333334,-10.0,-3.333333333333333,0.33333333333333326,-0.002329917383019088
-0.03333333333333334,-10.0,-1.1111111111111107,0.33333333333333326,-0.002329917383019088
-0.03333333333333334,-10.0,1.1111111111111107,0.33333333333333326,0.002329917383019088
-0.03333333333333334,-10.0,3.333333333333334,0.33333333333333326,0.002329917383019088
-0.03333333333333334,-10.0,5.555555555555557,0.33333333333333326,0.002329917383019088
-0.03333333333333334,-10.0,7.777777777777779,0.33333333333333326,0.002329917383019088
-0.03333333333333334,-10.0,10.0,0.33333333333333326,0.002329917383019088
-0.03333333333333334,-3.333333333333332,-10.0,0.33333333333333326,-0.002329917383019088
-0.03333333333333334,-3.333333333333332,-7.777777777777778,0.33333333333333326,-0.002329917383019088
-0.03333333333333334,-3.333333333333332,-5.555555555555555,0.33333333333333326,-0.002329917383019088
-0.03333333333333334,-3.333333333333332,-3.333333333333333,0.33333333333333326,-0.002329917383019088
-0.03333333333333334,-3.333333333333332,-1.1111111111111107,0.33333333333333326,-0.002329917383019088
-0.03333333333333334,-3.333333333333332,1.1111111111111107,0.33333333333333326,0.002329917383019088
-0.03333333333333334,-3.333333333333332,3.333333333333334,0.33333333333333326,0.002329917383019088
-0.03333333333333334,-3.333333333333332,5.555555555555557,0.33333333333333326,0.002329917383019088
-0.03333333333333334,-3.333333333333332,7.777777777777779,0.33333333333333326,0.002329917383019088
-0.03333333333333334,-3.333333333333332,10.0,0.33333333333333326,0.002329917383019088
-0.03333333333333334,3.3333333333333357,-10.0,0.33333333333333326,-0.002329917383019088
-0.03333333333333334,3.3333333333333357,-7.777777777777778,0.33333333333333326,-0.002329917383019088
-0.03333333333333334,3.3333333333333357,-5.555555555555555,0.33333333333333326,-0.002329917383019088
-0.03333333333333334,3.3333333333333357,-3.333333333333333,0.33333333333333326,-0.002329917383019088
-0.03333333333333334,3.3333333333333357,-1.1111111111111107,0.33333333333333326,-0.002329917383019088
-0.03333333333333334,3.3333333333333357,1.1111111111111107,0.33333333333333326,0.002329917383019088
-0.03333333333333334,3.3333333333333357,3.333333333333334,0.33333333333333326,0.002329917383019088
-0.03333333333333334,3.3333333333333357,5.555555555555557,0.33333333333333326,0.002329917383019088
-0.03333333333333334,3.3333333333333357,7.777777777777779,0.33333333333333326,0.002329917383019088
-0.03333333333333334,3.3333333333333357,10.0,0.33333333333333326,0.002329917383019088
-0.03333333333333334,10.0,-10.0,0.33333333333333326,-0.002329917383019088
-0.03333333333333334,10.0,-7.777777777777778,0.33333333333333326,-0.002329917383019088
-0.03333333333333334,10.0,-5.555555555555555,0.33333333333333326,-0.002329917383019088
-0.03333333333333334,10.0,-3.333333333333333,0.33333333333333326,-0.002329917383019088
-0.03333333333333334,10.0,-1.1111111111111107,0.33333333333333326,-0.002329917383019088
-0.03333333333333334,10.0,1.1111111111111107,0.33333333333333326,0.002329917383019088
-0.03333333333333334,10.0,3.333333333333334,0.33333333333333326,0.002329917383019088
-0.03333333333333334,10.0,5.555555555555557,0.33333333333333326,0.002329917383019088
-0.03333333333333334,10.0,7.777777777777779,0.33333333333333326,0.002329917383019088
-0.03333333333333334,10.0,10.0,0.33333333333333326,0.002329917383019088
-0.03333333333333334,16.66666666666667,-10.0,0.33333333333333326,-0.002329917383019088
-0.03333333333333334,16.66666666666667,-7.777777777777778,0.33333333333333326,-0.002329917383019088
-0.03333333333333334,16.66666666666667,-5.555555555555555,0.33333333333333326,-0.002329917383019088
-0.03333333333333334,16.66666666666667,-3.333333333333333,0.33333333333333326,-0.002329917383019088
-0.03333333333333334,16.66666666666667,-1.1111111111111107,0.33333333333333326,-0.002329917383019088
-0.03333333333333334,16.66666666666667,1.1111111111111107,0.33333333333333326,0.002329917383019088
-0.03333333333333334,16.66666666666667,3.333333333333334,0.33333333333333326,0.002329917383019088
-0.03333333333333334,16.66666666666667,5.555555555555557,0.33333333333333326,0.002329917383019088
-0.03333333333333334,16.66666666666667,7.777777777777779,0.33333333333333326,0.002329917383019088
-0.03333333333333334,16.66666666666667,10.0,0.33333333333333326,0.002329917383019088
-0.03333333333333334,23.333333333333336,-10.0,0.33333333333333326,-0.002329917383019088
-0.03333333333333334,23.333333333333336,-7.777777777777778,0.33333333333333326,-0.002329917383019088
-0.03333333333333334,23.333333333333336,-5.555555555555555,0.33333333333333326,-0.002329917383019088
-0.03333333333333334,23.333333333333336,-3.333333333333333,0.33333333333333326,-0.002329917383019088
-0.03333333333333334,23.333333333333336,-1.1111111111111107,0.33333333333333326,-0.002329917383019088
-0.03333333333333334,23.333333333333336,1.1111111111111107,0.33333333333333326,0.002329917383019088
-0.03333333333333334,23.333333333333336,3.333333333333334,0.33333333333333326,0.002329917383019088
-0.03333333333333334,23.333333333333336,5.555555555555557,0.33333333333333326,0.002329917383019088
-0.03333333333333334,23.333333333333336,7.777777777777779,0.33333333333333326,0.002329917383019088
-0.03333333333333334,23.333333333333336,10.0,0.33333333333333326,0.002329917383019088
-0.03333333333333334,30.0,-10.0,0.33333333333333326,-0.002329917383019088
-0.03333333333333334,30.0,-7.777777777777778,0.33333333333333326,-0.002329917383019088
-0.03333333333333334,30.0,-5.555555555555555,0.33333333333333326,-0.002329917383019088
-0.03333333333333334,30.0,-3.333333333333333,0.33333333333333326,-0.002329917383019088
-0.03333333333333334,30.0,-1.1111111111111107,0.33333333333333326,-0.002329917383019088
-0.03333333333333334,30.0,1.1111111111111107,0.33333333333333326,0.002329917383019088
-0.03333333333333334,30.0,3.333333333333334,0.33333333333333326,0.002329917383019088
-0.03333333333333334,30.0,5.555555555555557,0.33333333333333326,0.002329917383019088
-0.03333333333333334,30.0,7.777777777777779,0.33333333333333326,0.002329917383019088
-0.03333333333333334,30.0,10.0,0.33333333333333326,0.002329917383019088
-0.011111111111111113,-30.0,-10.0,0.33333333333333326,-0.03701110395049143
-0.011111111111111113,-30.0,-7.777777777777778,0.33333333333333326,-0.03701110395049143
-0.011111111111111113,-30.0,-5.555555555555555,0.33333333333333326,-0.03701110395049143
-0.011111111111111113,-30.0,-3.333333333333333,0.33333333333333326,-0.03701110395049143
-0.011111111111111113,-30.0,-1.1111111111111107,0.33333333333333326,-0.03701110395049143
-0.011111111111111113,-30.0,1.1111111111111107,0.33333333333333326,0.03701110395049143
-0.011111111111111113,-30.0,3.333333333333334,0.33333333333333326,0.03701110395049143
-0.011111111111111113,-30.0,5.555555555555557,0.33333333333333326,0.03701110395049143
-0.011111111111111113,-30.0,7.777777777777779,0.33333333333333326,0.03701110395049143
-0.011111111111111113,-30.0,10.0,0.33333333333333326,0.03701110395049143
-0.011111111111111113,-23.333333333333332,-10.0,0.33333333333333326,-0.03701110395049143
-0.011111111111111113,-23.333333333333332,-7.777777777777778,0.33333333333333326,-0.03701110395049143
-0.011111111111111113,-23.333333333333332,-5.555555555555555,0.33333333333333326,-0.03701110395049143
-0.011111111111111113,-23.333333333333332,-3.333333333333333,0.33333333333333326,-0.03701110395049143
-0.011111111111111113,-23.333333333333332,-1.1111111111111107,0.33333333333333326,-0.03701110395049143
-0.011111111111111113,-23.333333333333332,1.1111111111111107,0.33333333333333326,0.03701110395049143
-0.011111111111111113,-23.333333333333332,3.333333333333334,0.33333333333333326,0.03701110395049143
-0.011111111111111113,-23.333333333333332,5.555555555555557,0.33333333333333326,0.03701110395049143
-0.011111111111111113,-23.333333333333332,7.777777777777779,0.33333333333333326,0.03701110395049143
-0.011111111111111113,-23.333333333333332,10.0,0.33333333333333326,0.03701110395049143
-0.011111111111111113,-16.666666666666664,-10.0,0.33333333333333326,-0.03701110395049143
-0.011111111111111113,-16.666666666666664,-7.777777777777778,0.33333333333333326,-0.03701110395049143
-0.011111111111111113,-16.666666666666664,-5.555555555555555,0.33333333333333326,-0.03701110395049143
-0.011111111111111113,-16.666666666666664,-3.333333333333333,0.33333333333333326,-0.03701110395049143
-0.011111111111111113,-16.666666666666664,-1.1111111111111107,0.33333333333333326,-0.03701110395049143
-0.011111111111111113,-16.666666666666664,1.1111111111111107,0.33333333333333326,0.03701110395049143
-0.011111111111111113,-16.666666666666664,3.333333333333334,0.33333333333333326,0.03701110395049143
-0.011111111111111113,-16.666666666666664,5.555555555555557,0.33333333333333326,0.03701110395049143
-0.011111111111111113,-16.666666666666664,7.777777777777779,0.33333333333333326,0.03701110395049143
-0.011111111111111113,-16.666666666666664,10.0,0.33333333333333326,0.03701110395049143
-0.011111111111111113,-10.0,-10.0,0.33333333333333326,-0.03701110395049143
-0.011111111111111113,-10.0,-7.777777777777778,0.33333333333333326,-0.03701110395049143
-0.011111111111111113,-10.0,-5.555555555555555,0.33333333333333326,-0.03701110395049143
-0.011111111111111113,-10.0,-3.333333333333333,0.33333333333333326,-0.03701110395049143
-0.011111111111111113,-10.0,-1.1111111111111107,0.33333333333333326,-0.03701110395049143
-0.011111111111111113,-10.0,1.1111111111111107,0.33333333333333326,0.03701110395049143
-0.011111111111111113,-10.0,3.333333333333334,0.33333333333333326,0.03701110395049143
-0.011111111111111113,-10.0,5.555555555555557,0.33333333333333326,0.03701110395049143
-0.011111111111111113,-10.0,7.777777777777779,0.33333333333333326,0.03701110395049143
-0.011111111111111113,-10.0,10.0,0.33333333333333326,0.03701110395049143
-0.011111111111111113,-3.333333333333332,-10.0,0.33333333333333326,-0.03701110395049143
-0.011111111111111113,-3.333333333333332,-7.777777777777778,0.33333333333333326,-0.03701110395049143
-0.011111111111111113,-3.333333333333332,-5.555555555555555,0.33333333333333326,-0.03701110395049143
-0.011111111111111113,-3.333333333333332,-3.333333333333333,0.33333333333333326,-0.03701110395049143
-0.011111111111111113,-3.333333333333332,-1.1111111111111107,0.33333333333333326,-0.03701110395049143
-0.011111111111111113,-3.333333333333332,1.1111111111111107,0.33333333333333326,0.03701110395049143
-0.011111111111111113,-3.333333333333332,3.333333333333334,0.33333333333333326,0.03701110395049143
-0.011111111111111113,-3.333333333333332,5.555555555555557,0.33333333333333326,0.03701110395049143
-0.011111111111111113,-3.333333333333332,7.777777777777779,0.33333333333333326,0.03701110395049143
-0.011111111111111113,-3.333333333333332,10.0,0.33333333333333326,0.03701110395049143
-0.011111111111111113,3.3333333333333357,-10.0,0.33333333333333326,-0.03701110395049143
-0.011111111111111113,3.3333333333333357,-7.777777777777778,0.33333333333333326,-0.03701110395049143
-0.011111111111111113,3.3333333333333357,-5.555555555555555,0.33333333333333326,-0.03701110395049143
-0.011111111111111113,3.3333333333333357,-3.333333333333333,0.33333333333333326,-0.03701110395049143
-0.011111111111111113,3.3333333333333357,-1.1111111111111107,0.33333333333333326,-0.03701110395049143
-0.011111111111111113,3.3333333333333357,1.1111111111111107,0.33333333333333326,0.03701110395049143
-0.011111111111111113,3.3333333333333357,3.333333333333334,0.33333333333333326,0.03701110395049143
-0.011111111111111113,3.3333333333333357,5.555555555555557,0.33333333333333326,0.03701110395049143
-0.011111111111111113,3.3333333333333357,7.777777777777779,0.33333333333333326,0.03701110395049143
-0.011111111111111113,3.3333333333333357,10.0,0.33333333333333326,0.03701110395049143
-0.011111111111111113,10.0,-10.0,0.33333333333333326,-0.03701110395049143
-0.011111111111111113,10.0,-7.777777777777778,0.33333333333333326,-0.03701110395049143
-0.011111111111111113,10.0,-5.555555555555555,0.33333333333333326,-0.03701110395049143
-0.011111111111111113,10.0,-3.333333333333333,0.33333333333333326,-0.03701110395049143
-0.011111111111111113,10.0,-1.1111111111111107,0.33333333333333326,-0.03701110395049143
-0.011111111111111113,10.0,1.1111111111111107,0.33333333333333326,0.03701110395049143
-0.011111111111111113,10.0,3.333333333333334,0.33333333333333326,0.03701110395049143
-0.011111111111111113,10.0,5.555555555555557,0.33333333333333326,0.03701110395049143
-0.011111111111111113,10.0,7.777777777777779,0.33333333333333326,0.03701110395049143
-0.011111111111111113,10.0,10.0,0.33333333333333326,0.03701110395049143
-0.011111111111111113,16.66666666666667,-10.0,0.33333333333333326,-0.03701110395049143
-0.011111111111111113,16.66666666666667,-7.777777777777778,0.33333333333333326,-0.03701110395049143
-0.011111111111111113,16.66666666666667,-5.555555555555555,0.33333333333333326,-0.03701110395049143
-0.011111111111111113,16.66666666666667,-3.333333333333333,0.33333333333333326,-0.03701110395049143
-0.011111111111111113,16.66666666666667,-1.1111111111111107,0.33333333333333326,-0.03701110395049143
-0.011111111111111113,16.66666666666667,1.1111111111111107,0.33333333333333326,0.03701110395049143
-0.011111111111111113,16.66666666666667,3.333333333333334,0.33333333333333326,0.03701110395049143
-0.011111111111111113,16.66666666666667,5.555555555555557,0.33333333333333326,0.03701110395049143
-0.011111111111111113,16.66666666666667,7.777777777777779,0.33333333333333326,0.03701110395049143
-0.011111111111111113,16.66666666666667,10.0,0.33333333333333326,0.03701110395049143
-0.011111111111111113,23.333333333333336,-10.0,0.33333333333333326,-0.03701110395049143
-0.011111111111111113,23.333333333333336,-7.777777777777778,0.33333333333333326,-0.03701110395049143
-0.011111111111111113,23.333333333333336,-5.555555555555555,0.33333333333333326,-0.03701110395049143
-0.011111111111111113,23.333333333333336,-3.333333333333333,0.33333333333333326,-0.03701110395049143
-0.011111111111111113,23.333333333333336,-1.1111111111111107,0.33333333333333326,-0.03701110395049143
-0.011111111111111113,23.333333333333336,1.1111111111111107,0.33333333333333326,0.03701110395049143
-0.011111111111111113,23.333333333333336,3.333333333333334,0.33333333333333326,0.03701110395049143
-0.011111111111111113,23.333333333333336,5.555555555555557,0.33333333333333326,0.03701110395049143
-0.011111111111111113,23.333333333333336,7.777777777777779,0.33333333333333326,0.03701110395049143
-0.011111111111111113,23.333333333333336,10.0,0.33333333333333326,0.03701110395049143
-0.011111111111111113,30.0,-10.0,0.33333333333333326,-0.03701110395049143
-0.011111111111111113,30.0,-7.777777777777778,0.33333333333333326,-0.03701110395049143
-0.011111111111111113,30.0,-5.555555555555555,0.33333333333333326,-0.03701110395049143
-0.011111111111111113,30.0,-3.333333333333333,0.33333333333333326,-0.03701110395049143
-0.011111111111111113,30.0,-1.1111111111111107,0.33333333333333326,-0.03701110395049143
-0.011111111111111113,30.0,1.1111111111111107,0.33333333333333326,0.03701110395049143
-0.011111111111111113,30.0,3.333333333333334,0.33333333333333326,0.03701110395049143
-0.011111111111111113,30.0,5.555555555555557,0.33333333333333326,0.03701110395049143
-0.011111111111111113,30.0,7.777777777777779,0.33333333333333326,0.03701110395049143
-0.011111111111111113,30.0,10.0,0.33333333333333326,0.03701110395049143
0.011111111111111113,-30.0,-10.0,0.33333333333333326,-0.03701110395049143
0.011111111111111113,-30.0,-7.777777777777778,0.33333333333333326,-0.03701110395049143
0.011111111111111113,-30.0,-5.555555555555555,0.33333333333333326,-0.03701110395049143
0.011111111111111113,-30.0,-3.333333333333333,0.33333333333333326,-0.03701110395049143
0.011111111111111113,-30.0,-1.1111111111111107,0.33333333333333326,-0.03701110395049143
0.011111111111111113,-30.0,1.1111111111111107,0.33333333333333326,0.03701110395049143
0.011111111111111113,-30.0,3.333333333333334,0.33333333333333326,0.03701110395049143
0.011111111111111113,-30.0,5.555555555555557,0.33333333333333326,0.03701110395049143
0.011111111111111113,-30.0,7.777777777777779,0.33333333333333326,0.03701110395049143
0.011111111111111113,-30.0,10.0,0.33333333333333326,0.03701110395049143
0.011111111111111113,-23.333333333333332,-10.0,0.33333333333333326,-0.03701110395049143
0.011111111111111113,-23.333333333333332,-7.777777777777778,0.33333333333333326,-0.03701110395049143
0.011111111111111113,-23.333333333333332,-5.555555555555555,0.33333333333333326,-0.03701110395049143
0.011111111111111113,-23.333333333333332,-3.333333333333333,0.33333333333333326,-0.03701110395049143
0.011111111111111113,-23.333333333333332,-1.1111111111111107,0.33333333333333326,-0.03701110395049143
0.011111111111111113,-23.333333333333332,1.1111111111111107,0.33333333333333326,0.03701110395049143
0.011111111111111113,-23.333333333333332,3.333333333333334,0.33333333333333326,0.03701110395049143
0.011111111111111113,-23.333333333333332,5.555555555555557,0.33333333333333326,0.03701110395049143
0.011111111111111113,-23.333333333333332,7.777777777777779,0.33333333333333326,0.03701110395049143
0.011111111111111113,-23.333333333333332,10.0,0.33333333333333326,0.03701110395049143
0.011111111111111113,-16.666666666666664,-10.0,0.33333333333333326,-0.03701110395049143
0.011111111111111113,-16.666666666666664,-7.777777777777778,0.33333333333333326,-0.03701110395049143
0.011111111111111113,-16.666666666666664,-5.555555555555555,0.33333333333333326,-0.03701110395049143
0.011111111111111113,-16.666666666666664,-3.333333333333333,0.33333333333333326,-0.03701110395049143
0.011111111111111113,-16.666666666666664,-1.1111111111111107,0.33333333333333326,-0.03701110395049143
0.011111111111111113,-16.666666666666664,1.1111111111111107,0.33333333333333326,0.03701110395049143
0.011111111111111113,-16.666666666666664,3.333333333333334,0.33333333333333326,0.03701110395049143
0.011111111111111113,-16.666666666666664,5.555555555555557,0.33333333333333326,0.03701110395049143
0.011111111111111113,-16.666666666666664,7.777777777777779,0.33333333333333326,0.03701110395049143
0.011111111111111113,-16.666666666666664,10.0,0.33333333333333326,0.03701110395049143
0.011111111111111113,-10.0,-10.0,0.33333333333333326,-0.03701110395049143
0.011111111111111113,-10.0,-7.777777777777778,0.33333333333333326,-0.03701110395049143
0.011111111111111113,-10.0,-5.555555555555555,0.33333333333333326,-0.03701110395049143
0.011111111111111113,-10.0,-3.333333333333333,0.33333333333333326,-0.03701110395049143
0.011111111111111113,-10.0,-1.1111111111111107,0.33333333333333326,-0.03701110395049143
0.011111111111111113,-10.0,1.1111111111111107,0.33333333333333326,0.03701110395049143
0.011111111111111113,-10.0,3.333333333333334,0.33333333333333326,0.03701110395049143
0.011111111111111113,-10.0,5.555555555555557,0.33333333333333326,0.03701110395049143
0.011111111111111113,-10.0,7.777777777777779,0.33333333333333326,0.03701110395049143
0.011111111111111113,-10.0,10.0,0.33333333333333326,0.03701110395049143
0.011111111111111113,-3.333333333333332,-10.0,0.33333333333333326,-0.03701110395049143
0.011111111111111113,-3.333333333333332,-7.777777777777778,0.33333333333333326,-0.03701110395049143
0.011111111111111113,-3.333333333333332,-5.555555555555555,0.33333333333333326,-0.03701110395049143
0.011111111111111113,-3.333333333333332,-3.333333333333333,0.33333333333333326,-0.03701110395049143
0.011111111111111113,-3.333333333333332,-1.1111111111111107,0.33333333333333326,-0.03701110395049143
0.011111111111111113,-3.333333333333332,1.1111111111111107,0.33333333333333326,0.03701110395049143
0.011111111111111113,-3.333333333333332,3.333333333333334,0.33333333333333326,0.03701110395049143
0.011111111111111113,-3.333333333333332,5.555555555555557,0.33333333333333326,0.03701110395049143
0.011111111111111113,-3.333333333333332,7.777777777777779,0.33333333333333326,0.03701110395049143
0.011111111111111113,-3.333333333333332,10.0,0.33333333333333326,0.03701110395049143
0.011111111111111113,3.3333333333333357,-10.0,0.33333333333333326,-0.03701110395049143
0.011111111111111113,3.3333333333333357,-7.777777777777778,0.33333333333333326,-0.03701110395049143
0.011111111111111113,3.3333333333333357,-5.555555555555555,0.33333333333333326,-0.03701110395049143
0.011111111111111113,3.3333333333333357,-3.333333333333333,0.33333333333333326,-0.03701110395049143
0.011111111111111113,3.3333333333333357,-1.1111111111111107,0.33333333333333326,-0.03701110395049143
0.011111111111111113,3.3333333333333357,1.1111111111111107,0.33333333333333326,0.03701110395049143
0.011111111111111113,3.3333333333333357,3.333333333333334,0.33333333333333326,0.03701110395049143
0.011111111111111113,3.3333333333333357,5.555555555555557,0.33333333333333326,0.03701110395049143
0.011111111111111113,3.3333333333333357,7.777777777777779,0.33333333333333326,0.03701110395049143
0.011111111111111113,3.3333333333333357,10.0,0.33333333333333326,0.03701110395049143
0.011111111111111113,10.0,-10.0,0.33333333333333326,-0.03701110395049143
0.011111111111111113,10.0,-7.777777777777778,0.33333333333333326,-0.03701110395049143
0.011111111111111113,10.0,-5.555555555555555,0.33333333333333326,-0.03701110395049143
0.011111111111111113,10.0,-3.333333333333333,0.33333333333333326,-0.03701110395049143
0.011111111111111113,10.0,-1.1111111111111107,0.33333333333333326,-0.03701110395049143
0.011111111111111113,10.0,1.1111111111111107,0.33333333333333326,0.03701110395049143
0.011111111111111113,10.0,3.333333333333334,0.33333333333333326,0.03701110395049143
0.011111111111111113,10.0,5.555555555555557,0.33333333333333326,0.03701110395049143
0.011111111111111113,10.0,7.777777777777779,0.33333333333333326,0.03701110395049143
0.011111111111111113,10.0,10.0,0.33333333333333326,0.03701110395049143
0.011111111111111113,16.66666666666667,-10.0,0.33333333333333326,-0.03701110395049143
0.011111111111111113,16.66666666666667,-7.777777777777778,0.33333333333333326,-0.03701110395049143
0.011111111111111113,16.66666666666667,-5.555555555555555,0.33333333333333326,-0.03701110395049143
0.011111111111111113,16.66666666666667,-3.333333333333333,0.33333333333333326,-0.03701110395049143
0.011111111111111113,16.66666666666667,-1.1111111111111107,0.33333333333333326,-0.03701110395049143
0.011111111111111113,16.66666666666667,1.1111111111111107,0.33333333333333326,0.03701110395049143
0.011111111111111113,16.66666666666667,3.333333333333334,0.33333333333333326,0.03701110395049143
0.011111111111111113,16.66666666666667,5.555555555555557,0.33333333333333326,0.03701110395049143
0.011111111111111113,16.66666666666667,7.777777777777779,0.33333333333333326,0.03701110395049143
0.011111111111111113,16.66666666666667,10.0,0.33333333333333326,0.03701110395049143
0.011111111111111113,23.333333333333336,-10.0,0.33333333333333326,-0.03701110395049143
0.011111111111111113,23.333333333333336,-7.777777777777778,0.33333333333333326,-0.03701110395049143
0.011111111111111113,23.333333333333336,-5.555555555555555,0.33333333333333326,-0.03701110395049143
0.011111111111111113,23.333333333333336,-3.333333333333333,0.33333333333333326,-0.03701110395049143
0.011111111111111113,23.333333333333336,-1.1111111111111107,0.33333333333333326,-0.03701110395049143
0.011111111111111113,23.333333333333336,1.1111111111111107,0.33333333333333326,0.03701110395049143
0.011111111111111113,23.333333333333336,3.333333333333334,0.33333333333333326,0.03701110395049143
0.011111111111111113,23.333333333333336,5.555555555555557,0.33333333333333326,0.03701110395049143
0.011111111111111113,23.333333333333336,7.777777777777779,0.33333333333333326,0.03701110395049143
0.011111111111111113,23.333333333333336,10.0,0.33333333333333326,0.03701110395049143
0.011111111111111113,30.0,-10.0,0.33333333333333326,-0.03701110395049143
0.011111111111111113,30.0,-7.777777777777778,0.33333333333333326,-0.03701110395049143
0.011111111111111113,30.0,-5.555555555555555,0.33333333333333326,-0.03701110395049143
0.011111111111111113,30.0,-3.333333333333333,0.33333333333333326,-0.03701110395049143
0.011111111111111113,30.0,-1.1111111111111107,0.33333333333333326,-0.03701110395049143
0.011111111111111113,30.0,1.1111111111111107,0.33333333333333326,0.03701110395049143
0.011111111111111113,30.0,3.333333333333334,0.33333333333333326,0.03701110395049143
0.011111111111111113,30.0,5.555555555555557,0.33333333333333326,0.03701110395049143
0.011111111111111113,30.0,7.777777777777779,0.33333333333333326,0.03701110395049143
0.011111111111111113,30.0,10.0,0.33333333333333326,0.03701110395049143
0.033333333333333326,-30.0,-10.0,0.33333333333333326,-0.0023299173830191194
0.033333333333333326,-30.0,-7.777777777777778,0.33333333333333326,-0.0023299173830191194
0.033333333333333326,-30.0,-5.555555555555555,0.33333333333333326,-0.0023299173830191194
0.033333333333333326,-30.0,-3.333333333333333,0.33333333333333326,-0.0023299173830191194
0.033333333333333326,-30.0,-1.1111111111111107,0.33333333333333326,-0.0023299173830191194
0.033333333333333326,-30.0,1.1111111111111107,0.33333333333333326,0.0023299173830191194
0.033333333333333326,-30.0,3.333333333333334,0.33333333333333326,0.0023299173830191194
0.033333333333333326,-30.0,5.555555555555557,0.33333333333333326,0.0023299173830191194
0.033333333333333326,-30.0,7.777777777777779,0.33333333333333326,0.0023299173830191194
0.033333333333333326,-30.0,10.0,0.33333333333333326,0.0023299173830191194
0.033333333333333326,-23.333333333333332,-10.0,0.33333333333333326,-0.0023299173830191194
0.033333333333333326,-23.333333333333332,-7.777777777777778,0.33333333333333326,-0.0023299173830191194
0.033333333333333326,-23.333333333333332,-5.555555555555555,0.33333333333333326,-0.0023299173830191194
0.033333333333333326,-23.333333333333332,-3.333333333333333,0.33333333333333326,-0.0023299173830191194
0.033333333333333326,-23.333333333333332,-1.1111111111111107,0.33333333333333326,-0.0023299173830191194
0.033333333333333326,-23.333333333333332,1.1111111111111107,0.33333333333333326,0.0023299173830191194
0.033333333333333326,-23.333333333333332,3.333333333333334,0.33333333333333326,0.0023299173830191194
0.033333333333333326,-23.333333333333332,5.555555555555557,0.33333333333333326,0.0023299173830191194
0.033333333333333326,-23.333333333333332,7.777777777777779,0.33333333333333326,0.0023299173830191194
0.033333333333333326,-23.333333333333332,10.0,0.33333333333333326,0.0023299173830191194
0.033333333333333326,-16.666666666666664,-10.0,0.33333333333333326,-0.0023299173830191194
0.033333333333333326,-16.666666666666664,-7.777777777777778,0.33333333333333326,-0.0023299173830191194
0.033333333333333326,-16.666666666666664,-5.555555555555555,0.33333333333333326,-0.0023299173830191194
0.033333333333333326,-16.666666666666664,-3.333333333333333,0.33333333333333326,-0.0023299173830191194
0.033333333333333326,-16.666666666666664,-1.1111111111111107,0.33333333333333326,-0.0023299173830191194
0.033333333333333326,-16.666666666666664,1.1111111111111107,0.33333333333333326,0.0023299173830191194
0.033333333333333326,-16.666666666666664,3.333333333333334,0.33333333333333326,0.0023299173830191194
0.033333333333333326,-16.666666666666664,5.555555555555557,0.33333333333333326,0.0023299173830191194
0.033333333333333326,-16.666666666666664,7.777777777777779,0.33333333333333326,0.0023299173830191194
0.033333333333333326,-16.666666666666664,10.0,0.33333333333333326,0.0023299173830191194
0.033333333333333326,-10.0,-10.0,0.33333333333333326,-0.0023299173830191194
0.033333333333333326,-10.0,-7.777777777777778,0.33333333333333326,-0.0023299173830191194
0.033333333333333326,-10.0,-5.555555555555555,0.33333333333333326,-0.0023299173830191194
0.033333333333333326,-10.0,-3.333333333333333,0.33333333333333326,-0.0023299173830191194
0.033333333333333326,-10.0,-1.1111111111111107,0.33333333333333326,-0.0023299173830191194
0.033333333333333326,-10.0,1.1111111111111107,0.33333333333333326,0.0023299173830191194
0.033333333333333326,-10.0,3.333333333333334,0.33333333333333326,0.0023299173830191194
0.033333333333333326,-10.0,5.555555555555557,0.33333333333333326,0.0023299173830191194
0.033333333333333326,-10.0,7.777777777777779,0.33333333333333326,0.0023299173830191194
0.033333333333333326,-10.0,10.0,0.33333333333333326,0.0023299173830191194
0.033333333333333326,-3.333333333333332,-10.0,0.33333333333333326,-0.0023299173830191194
0.033333333333333326,-3.333333333333332,-7.777777777777778,0.33333333333333326,-0.0023299173830191194
0.033333333333333326,-3.333333333333332,-5.555555555555555,0.33333333333333326,-0.0023299173830191194
0.033333333333333326,-3.333333333333332,-3.333333333333333,0.33333333333333326,-0.0023299173830191194
0.033333333333333326,-3.333333333333332,-1.1111111111111107,0.33333333333333326,-0.0023299173830191194
0.033333333333333326,-3.333333333333332,1.1111111111111107,0.33333333333333326,0.0023299173830191194
0.033333333333333326,-3.333333333333332,3.333333333333334,0.33333333333333326,0.0023299173830191194
0.033333333333333326,-3.333333333333332,5.555555555555557,0.33333333333333326,0.0023299173830191194
0.033333333333333326,-3.333333333333332,7.777777777777779,0.33333333333333326,0.0023299173830191194
0.033333333333333326,-3.333333333333332,10.0,0.33333333333333326,0.0023299173830191194
0.033333333333333326,3.3333333333333357,-10.0,0.33333333333333326,-0.0023299173830191194
0.033333333333333326,3.3333333333333357,-7.777777777777778,0.33333333333333326,-0.0023299173830191194
0.033333333333333326,3.3333333333333357,-5.555555555555555,0.33333333333333326,-0.0023299173830191194
0.033333333333333326,3.3333333333333357,-3.333333333333333,0.33333333333333326,-0.0023299173830191194
0.033333333333333326,3.3333333333333357,-1.1111111111111107,0.33333333333333326,-0.0023299173830191194
0.033333333333333326,3.3333333333333357,1.1111111111111107,0.33333333333333326,0.0023299173830191194
0.033333333333333326,3.3333333333333357,3.333333333333334,0.33333333333333326,0.0023299173830191194
0.033333333333333326,3.3333333333333357,5.555555555555557,0.33333333333333326,0.0023299173830191194
0.033333333333333326,3.3333333333333357,7.777777777777779,0.33333333333333326,0.0023299173830191194
0.033333333333333326,3.3333333333333357,10.0,0.33333333333333326,0.0023299173830191194
0.033333333333333326,10.0,-10.0,0.33333333333333326,-0.0023299173830191194
0.033333333333333326,10.0,-7.777777777777778,0.33333333333333326,-0.0023299173830191194
0.033333333333333326,10.0,-5.555555555555555,0.33333333333333326,-0.0023299173830191194
0.033333333333333326,10.0,-3.333333333333333,0.33333333333333326,-0.0023299173830191194
0.033333333333333326,10.0,-1.1111111111111107,0.33333333333333326,-0.0023299173830191194
0.033333333333333326,10.0,1.1111111111111107,0.33333333333333326,0.0023299173830191194
0.033333333333333326,10.0,3.333333333333334,0.33333333333333326,0.0023299173830191194
0.033333333333333326,10.0,5.555555555555557,0.33333333333333326,0.0023299173830191194
0.033333333333333326,10.0,7.777777777777779,0.33333333333333326,0.0023299173830191194
0.033333333333333326,10.0,10.0,0.33333333333333326,0.0023299173830191194
0.033333333333333326,16.66666666666667,-10.0,0.33333333333333326,-0.0023299173830191194
0.033333333333333326,16.66666666666667,-7.777777777777778,0.33333333333333326,-0.0023299173830191194
0.033333333333333326,16.66666666666667,-5.555555555555555,0.33333333333333326,-0.0023299173830191194
0.033333333333333326,16.66666666666667,-3.333333333333333,0.33333333333333326,-0.0023299173830191194
0.033333333333333326,16.66666666666667,-1.1111111111111107,0.33333333333333326,-0.0023299173830191194
0.033333333333333326,16.66666666666667,1.1111111111111107,0.33333333333333326,0.0023299173830191194
0.033333333333333326,16.66666666666667,3.333333333333334,0.33333333333333326,0.0023299173830191194
0.033333333333333326,16.66666666666667,5.555555555555557,0.33333333333333326,0.0023299173830191194
0.033333333333333326,16.66666666666667,7.777777777777779,0.33333333333333326,0.0023299173830191194
0.033333333333333326,16.66666666666667,10.0,0.33333333333333326,0.0023299173830191194
0.033333333333333326,23.333333333333336,-10.0,0.33333333333333326,-0.0023299173830191194
0.033333333333333326,23.333333333333336,-7.777777777777778,0.33333333333333326,-0.0023299173830191194
0.033333333333333326,23.333333333333336,-5.555555555555555,0.33333333333333326,-0.0023299173830191194
0.033333333333333326,23.333333333333336,-3.333333333333333,0.33333333333333326,-0.0023299173830191194
0.033333333333333326,23.333333333333336,-1.1111111111111107,0.33333333333333326,-0.0023299173830191194
0.033333333333333326,23.333333333333336,1.1111111111111107,0.33333333333333326,0.0023299173830191194
0.033333333333333326,23.333333333333336,3.333333333333334,0.33333333333333326,0.0023299173830191194
0.033333333333333326,23.333333333333336,5.555555555555557,0.33333333333333326,0.0023299173830191194
0.033333333333333326,23.333333333333336,7.777777777777779,0.33333333333333326,0.0023299173830191194
0.033333333333333326,23.333333333333336,10.0,0.33333333333333326,0.0023299173830191194
0.033333333333333326,30.0,-10.0,0.33333333333333326,-0.0023299173830191194
0.033333333333333326,30.0,-7.777777777777778,0.33333333333333326,-0.0023299173830191194
0.033333333333333326,30.0,-5.555555555555555,0.33333333333333326,-0.0023299173830191194
0.033333333333333326,30.0,-3.333333333333333,0.33333333333333326,-0.0023299173830191194
0.033333333333333326,30.0,-1.1111111111111107,0.33333333333333326,-0.0023299173830191194
0.033333333333333326,30.0,1.1111111111111107,0.33333333333333326,0.0023299173830191194
0.033333333333333326,30.0,3.333333333333334,0.33333333333333326,0.0023299173830191194
0.033333333333333326,30.0,5.555555555555557,0.33333333333333326,0.0023299173830191194
0.033333333333333326,30.0,7.777777777777779,0.33333333333333326,0.0023299173830191194
0.033333333333333326,30.0,10.0,0.33333333333333326,0.0023299173830191194
0.05555555555555555,-30.0,-10.0,0.33333333333333326,-0.00012140918515614873
0.05555555555555555,-30.0,-7.777777777777778,0.33333333333333326,-0.00012140918515614873
0.05555555555555555,-30.0,-5.555555555555555,0.33333333333333326,-0.00012140918515614873
0.05555555555555555,-30.0,-3.333333333333333,0.33333333333333326,-0.00012140918515614873
0.05555555555555555,-30.0,-1.1111111111111107,0.33333333333333326,-0.00012140918515614873
0.05555555555555555,-30.0,1.1111111111111107,0.33333333333333326,0.00012140918515614873
0.05555555555555555,-30.0,3.333333333333334,0.33333333333333326,0.00012140918515614873
0.05555555555555555,-30.0,5.555555555555557,0.33333333333333326,0.00012140918515614873
0.05555555555555555,-30.0,7.777777777777779,0.33333333333333326,0.00012140918515614873
0.05555555555555555,-30.0,10.0,0.33333333333333326,0.00012140918515614873
0.05555555555555555,-23.333333333333332,-10.0,0.33333333333333326,-0.00012140918515614873
0.05555555555555555,-23.333333333333332,-7.777777777777778,0.33333333333333326,-0.00012140918515614873
0.05555555555555555,-23.333333333333332,-5.555555555555555,0.33333333333333326,-0.00012140918515614873
0.05555555555555555,-23.333333333333332,-3.333333333333333,0.33333333333333326,-0.00012140918515614873
0.05555555555555555,-23.333333333333332,-1.1111111111111107,0.33333333333333326,-0.00012140918515614873
0.05555555555555555,-23.333333333333332,1.1111111111111107,0.33333333333333326,0.00012140918515614873
0.05555555555555555,-23.333333333333332,3.333333333333334,0.33333333333333326,0.00012140918515614873
0.05555555555555555,-23.333333333333332,5.555555555555557,0.33333333333333326,0.00012140918515614873
0.05555555555555555,-23.333333333333332,7.777777777777779,0.33333333333333326,0.00012140918515614873
0.05555555555555555,-23.333333333333332,10.0,0.33333333333333326,0.00012140918515614873
0.05555555555555555,-16.666666666666664,-10.0,0.33333333333333326,-0.00012140918515614873
0.05555555555555555,-16.666666666666664,-7.777777777777778,0.33333333333333326,-0.00012140918515614873
0.05555555555555555,-16.666666666666664,-5.555555555555555,0.33333333333333326,-0.00012140918515614873
0.05555555555555555,-16.666666666666664,-3.333333333333333,0.33333333333333326,-0.00012140918515614873
0.05555555555555555,-16.666666666666664,-1.1111111111111107,0.33333333333333326,-0.00012140918515614873
0.05555555555555555,-16.666666666666664,1.1111111111111107,0.33333333333333326,0.00012140918515614873
0.05555555555555555,-16.666666666666664,3.333333333333334,0.33333333333333326,0.00012140918515614873
0.05555555555555555,-16.666666666666664,5.555555555555557,0.33333333333333326,0.00012140918515614873
0.05555555555555555,-16.666666666666664,7.777777777777779,0.33333333333333326,0.00012140918515614873
0.05555555555555555,-16.666666666666664,10.0,0.33333333333333326,0.00012140918515614873
0.05555555555555555,-10.0,-10.0,0.33333333333333326,-0.00012140918515614873
0.05555555555555555,-10.0,-7.777777777777778,0.33333333333333326,-0.00012140918515614873
0.05555555555555555,-10.0,-5.555555555555555,0.33333333333333326,-0.00012140918515614873
0.05555555555555555,-10.0,-3.333333333333333,0.33333333333333326,-0.00012140918515614873
0.05555555555555555,-10.0,-1.1111111111111107,0.33333333333333326,-0.00012140918515614873
0.05555555555555555,-10.0,1.1111111111111107,0.33333333333333326,0.00012140918515614873
0.05555555555555555,-10.0,3.333333333333334,0.33333333333333326,0.00012140918515614873
0.05555555555555555,-10.0,5.555555555555557,0.33333333333333326,0.00012140918515614873
0.05555555555555555,-10.0,7.777777777777779,0.33333333333333326,0.00012140918515614873
0.05555555555555555,-10.0,10.0,0.33333333333333326,0.00012140918515614873
0.05555555555555555,-3.333333333333332,-10.0,0.33333333333333326,-0.00012140918515614873
0.05555555555555555,-3.333333333333332,-7.777777777777778,0.33333333333333326,-0.00012140918515614873
0.05555555555555555,-3.333333333333332,-5.555555555555555,0.33333333333333326,-0.00012140918515614873
0.05555555555555555,-3.333333333333332,-3.333333333333333,0.33333333333333326,-0.00012140918515614873
0.05555555555555555,-3.333333333333332,-1.1111111111111107,0.33333333333333326,-0.00012140918515614873
0.05555555555555555,-3.333333333333332,1.1111111111111107,0.33333333333333326,0.00012140918515614873
0.05555555555555555,-3.333333333333332,3.333333333333334,0.33333333333333326,0.00012140918515614873
0.05555555555555555,-3.333333333333332,5.555555555555557,0.33333333333333326,0.00012140918515614873
0.05555555555555555,-3.333333333333332,7.777777777777779,0.33333333333333326,0.00012140918515614873
0.05555555555555555,-3.333333333333332,10.0,0.33333333333333326,0.00012140918515614873
0.05555555555555555,3.3333333333333357,-10.0,0.33333333333333326,-0.00012140918515614873
0.05555555555555555,3.3333333333333357,-7.777777777777778,0.33333333333333326,-0.00012140918515614873
0.05555555555555555,3.3333333333333357,-5.555555555555555,0.33333333333333326,-0.00012140918515614873
0.05555555555555555,3.3333333333333357,-3.333333333333333,0.33333333333333326,-0.00012140918515614873
0.05555555555555555,3.3333333333333357,-1.1111111111111107,0.33333333333333326,-0.00012140918515614873
0.05555555555555555,3.3333333333333357,1.1111111111111107,0.33333333333333326,0.00012140918515614873
0.05555555555555555,3.3333333333333357,3.333333333333334,0.33333333333333326,0.00012140918515614873
0.05555555555555555,3.3333333333333357,5.555555555555557,0.33333333333333326,0.00012140918515614873
0.05555555555555555,3.3333333333333357,7.777777777777779,0.33333333333333326,0.00012140918515614873
0.05555555555555555,3.3333333333333357,10.0,0.33333333333333326,0.00012140918515614873
0.05555555555555555,10.0,-10.0,0.33333333333333326,-0.00012140918515614873
0.05555555555555555,10.0,-7.777777777777778,0.33333333333333326,-0.00012140918515614873
0.05555555555555555,10.0,-5.555555555555555,0.33333333333333326,-0.00012140918515614873
0.05555555555555555,10.0,-3.333333333333333,0.33333333333333326,-0.00012140918515614873
0.05555555555555555,10.0,-1.1111111111111107,0.33333333333333326,-0.00012140918515614873
0.05555555555555555,10.0,1.1111111111111107,0.33333333333333326,0.00012140918515614873
0.05555555555555555,10.0,3.333333333333334,0.33333333333333326,0.00012140918515614873
0.05555555555555555,10.0,5.555555555555557,0.33333333333333326,0.00012140918515614873
0.05555555555555555,10.0,7.777777777777779,0.33333333333333326,0.00012140918515614873
0.05555555555555555,10.0,10.0,0.33333333333333326,0.00012140918515614873
0.05555555555555555,16.66666666666667,-10.0,0.33333333333333326,-0.00012140918515614873
0.05555555555555555,16.66666666666667,-7.777777777777778,0.33333333333333326,-0.00012140918515614873
0.05555555555555555,16.66666666666667,-5.555555555555555,0.33333333333333326,-0.00012140918515614873
0.05555555555555555,16.66666666666667,-3.333333333333333,0.33333333333333326,-0.00012140918515614873
0.05555555555555555,16.66666666666667,-1.1111111111111107,0.33333333333333326,-0.00012140918515614873
0.05555555555555555,16.66666666666667,1.1111111111111107,0.33333333333333326,0.00012140918515614873
0.05555555555555555,16.66666666666667,3.333333333333334,0.33333333333333326,0.00012140918515614873
0.05555555555555555,16.66666666666667,5.555555555555557,0.33333333333333326,0.00012140918515614873
0.05555555555555555,16.66666666666667,7.777777777777779,0.33333333333333326,0.00012140918515614873
0.05555555555555555,16.66666666666667,10.0,0.33333333333333326,0.00012140918515614873
0.05555555555555555,23.333333333333336,-10.0,0.33333333333333326,-0.00012140918515614873
0.05555555555555555,23.333333333333336,-7.777777777777778,0.33333333333333326,-0.00012140918515614873
0.05555555555555555,23.333333333333336,-5.555555555555555,0.33333333333333326,-0.00012140918515614873
0.05555555555555555,23.333333333333336,-3.333333333333333,0.33333333333333326,-0.00012140918515614873
0.05555555555555555,23.333333333333336,-1.1111111111111107,0.33333333333333326,-0.00012140918515614873
0.05555555555555555,23.333333333333336,1.1111111111111107,0.33333333333333326,0.00012140918515614873
0.05555555555555555,23.333333333333336,3.333333333333334,0.33333333333333326,0.00012140918515614873
0.05555555555555555,23.333333333333336,5.555555555555557,0.33333333333333326,0.00012140918515614873
0.05555555555555555,23.333333333333336,7.777777777777779,0.33333333333333326,0.00012140918515614873
0.05555555555555555,23.333333333333336,10.0,0.33333333333333326,0.00012140918515614873
0.05555555555555555,30.0,-10.0,0.33333333333333326,-0.00012140918515614873
0.05555555555555555,30.0,-7.777777777777778,0.33333333333333326,-0.00012140918515614873
0.05555555555555555,30.0,-5.555555555555555,0.33333333333333326,-0.00012140918515614873
0.05555555555555555,30.0,-3.333333333333333,0.33333333333333326,-0.00012140918515614873
0.05555555555555555,30.0,-1.1111111111111107,0.33333333333333326,-0.00012140918515614873
0.05555555555555555,30.0,1.1111111111111107,0.33333333333333326,0.00012140918515614873
0.05555555555555555,30.0,3.333333333333334,0.33333333333333326,0.00012140918515614873
0.05555555555555555,30.0,5.555555555555557,0.33333333333333326,0.00012140918515614873
0.05555555555555555,30.0,7.777777777777779,0.33333333333333326,0.00012140918515614873
0.05555555555555555,30.0,10.0,0.33333333333333326,0.00012140918515614873
0.07777777777777778,-30.0,-10.0,0.33333333333333326,-0.0
0.07777777777777778,-30.0,-7.777777777777778,0.33333333333333326,-0.0
0.07777777777777778,-30.0,-5.555555555555555,0.33333333333333326,-0.0
0.07777777777777778,-30.0,-3.333333333333333,0.33333333333333326,-0.0
0.07777777777777778,-30.0,-1.1111111111111107,0.33333333333333326,-0.0
0.07777777777777778,-30.0,1.1111111111111107,0.33333333333333326,0.0
0.07777777777777778,-30.0,3.333333333333334,0.33333333333333326,0.0
0.07777777777777778,-30.0,5.555555555555557,0.33333333333333326,0.0
0.07777777777777778,-30.0,7.777777777777779,0.33333333333333326,0.0
0.07777777777777778,-30.0,10.0,0.33333333333333326,0.0
0.07777777777777778,-23.333333333333332,-10.0,0.33333333333333326,-0.0
0.07777777777777778,-23.333333333333332,-7.777777777777778,0.33333333333333326,-0.0
0.07777777777777778,-23.333333333333332,-5.555555555555555,0.33333333333333326,-0.0
0.07777777777777778,-23.333333333333332,-3.333333333333333,0.33333333333333326,-0.0
0.07777777777777778,-23.333333333333332,-1.1111111111111107,0.33333333333333326,-0.0
0.07777777777777778,-23.333333333333332,1.1111111111111107,0.33333333333333326,0.0
0.07777777777777778,-23.333333333333332,3.333333333333334,0.33333333333333326,0.0
0.07777777777777778,-23.333333333333332,5.555555555555557,0.33333333333333326,0.0
0.07777777777777778,-23.333333333333332,7.777777777777779,0.33333333333333326,0.0
0.07777777777777778,-23.333333333333332,10.0,0.33333333333333326,0.0
0.07777777777777778,-16.666666666666664,-10.0,0.33333333333333326,-0.0
0.07777777777777778,-16.666666666666664,-7.777777777777778,0.33333333333333326,-0.0
0.07777777777777778,-16.666666666666664,-5.555555555555555,0.33333333333333326,-0.0
0.07777777777777778,-16.666666666666664,-3.333333333333333,0.33333333333333326,-0.0
0.07777777777777778,-16.666666666666664,-1.1111111111111107,0.33333333333333326,-0.0
0.07777777777777778,-16.666666666666664,1.1111111111111107,0.33333333333333326,0.0
0.07777777777777778,-16.666666666666664,3.333333333333334,0.33333333333333326,0.0
0.07777777777777778,-16.666666666666664,5.555555555555557,0.33333333333333326,0.0
0.07777777777777778,-16.666666666666664,7.777777777777779,0.33333333333333326,0.0
0.07777777777777778,-16.666666666666664,10.0,0.33333333333333326,0.0
0.07777777777777778,-10.0,-10.0,0.33333333333333326,-0.0
0.07777777777777778,-10.0,-7.777777777777778,0.33333333333333326,-0.0
0.07777777777777778,-10.0,-5.555555555555555,0.33333333333333326,-0.0
0.07777777777777778,-10.0,-3.333333333333333,0.33333333333333326,-0.0
0.07777777777777778,-10.0,-1.1111111111111107,0.33333333333333326,-0.0
0.07777777777777778,-10.0,1.1111111111111107,0.33333333333333326,0.0
0.07777777777777778,-10.0,3.333333333333334,0.33333333333333326,0.0
0.07777777777777778,-10.0,5.555555555555557,0.33333333333333326,0.0
0.07777777777777778,-10.0,7.777777777777779,0.33333333333333326,0.0
0.07777777777777778,-10.0,10.0,0.33333333333333326,0.0
0.07777777777777778,-3.333333333333332,-10.0,0.33333333333333326,-0.0
0.07777777777777778,-3.333333333333332,-7.777777777777778,0.33333333333333326,-0.0
0.07777777777777778,-3.333333333333332,-5.555555555555555,0.33333333333333326,-0.0
0.07777777777777778,-3.333333333333332,-3.333333333333333,0.33333333333333326,-0.0
0.07777777777777778,-3.333333333333332,-1.1111111111111107,0.33333333333333326,-0.0
0.07777777777777778,-3.333333333333332,1.1111111111111107,0.33333333333333326,0.0
0.07777777777777778,-3.333333333333332,3.333333333333334,0.33333333333333326,0.0
0.07777777777777778,-3.333333333333332,5.555555555555557,0.33333333333333326,0.0
0.07777777777777778,-3.333333333333332,7.777777777777779,0.33333333333333326,0.0
0.07777777777777778,-3.333333333333332,10.0,0.33333333333333326,0.0
0.07777777777777778,3.3333333333333357,-10.0,0.33333333333333326,-0.0
0.07777777777777778,3.3333333333333357,-7.777777777777778,0.33333333333333326,-0.0
0.07777777777777778,3.3333333333333357,-5.555555555555555,0.33333333333333326,-0.0
0.07777777777777778,3.3333333333333357,-3.333333333333333,0.33333333333333326,-0.0
0.07777777777777778,3.3333333333333357,-1.1111111111111107,0.33333333333333326,-0.0
0.07777777777777778,3.3333333333333357,1.1111111111111107,0.33333333333333326,0.0
0.07777777777777778,3.3333333333333357,3.333333333333334,0.33333333333333326,0.0
0.07777777777777778,3.3333333333333357,5.555555555555557,0.33333333333333326,0.0
0.07777777777777778,3.3333333333333357,7.777777777777779,0.33333333333333326,0.0
0.07777777777777778,3.3333333333333357,10.0,0.33333333333333326,0.0
0.07777777777777778,10.0,-10.0,0.33333333333333326,-0.0
0.07777777777777778,10.0,-7.777777777777778,0.33333333333333326,-0.0
0.07777777777777778,10.0,-5.555555555555555,0.33333333333333326,-0.0
0.07777777777777778,10.0,-3.333333333333333,0.33333333333333326,-0.0
0.07777777777777778,10.0,-1.1111111111111107,0.33333333333333326,-0.0
0.07777777777777778,10.0,1.1111111111111107,0.33333333333333326,0.0
0.07777777777777778,10.0,3.333333333333334,0.33333333333333326,0.0
0.07777777777777778,10.0,5.555555555555557,0.33333333333333326,0.0
0.07777777777777778,10.0,7.777777777777779,0.33333333333333326,0.0
0.07777777777777778,10.0,10.0,0.33333333333333326,0.0
0.07777777777777778,16.66666666666667,-10.0,0.33333333333333326,-0.0
0.07777777777777778,16.66666666666667,-7.777777777777778,0.33333333333333326,-0.0
0.07777777777777778,16.66666666666667,-5.555555555555555,0.33333333333333326,-0.0
0.07777777777777778,16.66666666666667,-3.333333333333333,0.33333333333333326,-0.0
0.07777777777777778,16.66666666666667,-1.1111111111111107,0.33333333333333326,-0.0
0.07777777777777778,16.66666666666667,1.1111111111111107,0.33333333333333326,0.0
0.07777777777777778,16.66666666666667,3.333333333333334,0.33333333333333326,0.0
0.07777777777777778,16.66666666666667,5.555555555555557,0.33333333333333326,0.0
0.07777777777777778,16.66666666666667,7.777777777777779,0.33333333333333326,0.0
0.07777777777777778,16.66666666666667,10.0,0.33333333333333326,0.0
0.07777777777777778,23.333333333333336,-10.0,0.33333333333333326,-0.0
0.07777777777777778,23.333333333333336,-7.777777777777778,0.33333333333333326,-0.0
0.07777777777777778,23.333333333333336,-5.555555555555555,0.33333333333333326,-0.0
0.07777777777777778,23.333333333333336,-3.333333333333333,0.33333333333333326,-0.0
0.07777777777777778,23.333333333333336,-1.1111111111111107,0.33333333333333326,-0.0
0.07777777777777778,23.333333333333336,1.1111111111111107,0.33333333333333326,0.0
0.07777777777777778,23.333333333333336,3.333333333333334,0.33333333333333326,0.0
0.07777777777777778,23.333333333333336,5.555555555555557,0.33333333333333326,0.0
0.07777777777777778,23.333333333333336,7.777777777777779,0.33333333333333326,0.0
0.07777777777777778,23.333333333333336,10.0,0.33333333333333326,0.0
0.07777777777777778,30.0,-10.0,0.33333333333333326,-0.0
0.07777777777777778,30.0,-7.777777777777778,0.33333333333333326,-0.0
0.07777777777777778,30.0,-5.555555555555555,0.33333333333333326,-0.0
0.07777777777777778,30.0,-3.333333333333333,0.33333333333333326,-0.0
0.07777777777777778,30.0,-1.1111111111111107,0.33333333333333326,-0.0
0.07777777777777778,30.0,1.1111111111111107,0.33333333333333326,0.0
0.07777777777777778,30.0,3.333333333333334,0.33333333333333326,0.0
0.07777777777777778,30.0,5.555555555555557,0.33333333333333326,0.0
0.07777777777777778,30.0,7.777777777777779,0.33333333333333326,0.0
0.07777777777777778,30.0,10.0,0.33333333333333326,0.0
0.1,-30.0,-10.0,0.33333333333333326,-0.0
0.1,-30.0,-7.777777777777778,0.33333333333333326,-0.0
0.1,-30.0,-5.555555555555555,0.33333333333333326,-0.0
0.1,-30.0,-3.333333333333333,0.33333333333333326,-0.0
0.1,-30.0,-1.1111111111111107,0.33333333333333326,-0.0
0.1,-30.0,1.1111111111111107,0.33333333333333326,0.0
0.1,-30.0,3.333333333333334,0.33333333333333326,0.0
0.1,-30.0,5.555555555555557,0.33333333333333326,0.0
0.1,-30.0,7.777777777777779,0.33333333333333326,0.0
0.1,-30.0,10.0,0.33333333333333326,0.0
0.1,-23.333333333333332,-10.0,0.33333333333333326,-0.0
0.1,-23.333333333333332,-7.777777777777778,0.33333333333333326,-0.0
0.1,-23.333333333333332,-5.555555555555555,0.33333333333333326,-0.0
0.1,-23.333333333333332,-3.333333333333333,0.33333333333333326,-0.0
0.1,-23.333333333333332,-1.1111111111111107,0.33333333333333326,-0.0
0.1,-23.333333333333332,1.1111111111111107,0.33333333333333326,0.0
0.1,-23.333333333333332,3.333333333333334,0.33333333333333326,0.0
0.1,-23.333333333333332,5.555555555555557,0.33333333333333326,0.0
0.1,-23.333333333333332,7.777777777777779,0.33333333333333326,0.0
0.1,-23.333333333333332,10.0,0.33333333333333326,0.0
0.1,-16.666666666666664,-10.0,0.33333333333333326,-0.0
0.1,-16.666666666666664,-7.777777777777778,0.33333333333333326,-0.0
0.1,-16.666666666666664,-5.555555555555555,0.33333333333333326,-0.0
0.1,-16.666666666666664,-3.333333333333333,0.33333333333333326,-0.0
0.1,-16.666666666666664,-1.1111111111111107,0.33333333333333326,-0.0
0.1,-16.666666666666664,1.1111111111111107,0.33333333333333326,0.0
0.1,-16.666666666666664,3.333333333333334,0.33333333333333326,0.0
0.1,-16.666666666666664,5.555555555555557,0.33333333333333326,0.0
0.1,-16.666666666666664,7.777777777777779,0.33333333333333326,0.0
0.1,-16.666666666666664,10.0,0.33333333333333326,0.0
0.1,-10.0,-10.0,0.33333333333333326,-0.0
0.1,-10.0,-7.777777777777778,0.33333333333333326,-0.0
0.1,-10.0,-5.555555555555555,0.33333333333333326,-0.0
0.1,-10.0,-3.333333333333333,0.33333333333333326,-0.0
0.1,-10.0,-1.1111111111111107,0.33333333333333326,-0.0
0.1,-10.0,1.1111111111111107,0.33333333333333326,0.0
0.1,-10.0,3.333333333333334,0.33333333333333326,0.0
0.1,-10.0,5.555555555555557,0.33333333333333326,0.0
0.1,-10.0,7.777777777777779,0.33333333333333326,0.0
0.1,-10.0,10.0,0.33333333333333326,0.0
0.1,-3.333333333333332,-10.0,0.33333333333333326,-0.0
0.1,-3.333333333333332,-7.777777777777778,0.33333333333333326,-0.0
0.1,-3.333333333333332,-5.555555555555555,0.33333333333333326,-0.0
0.1,-3.333333333333332,-3.333333333333333,0.33333333333333326,-0.0
0.1,-3.333333333333332,-1.1111111111111107,0.33333333333333326,-0.0
0.1,-3.333333333333332,1.1111111111111107,0.33333333333333326,0.0
0.1,-3.333333333333332,3.333333333333334,0.33333333333333326,0.0
0.1,-3.333333333333332,5.555555555555557,0.33333333333333326,0.0
0.1,-3.333333333333332,7.777777777777779,0.33333333333333326,0.0
0.1,-3.333333333333332,10.0,0.33333333333333326,0.0
0.1,3.3333333333333357,-10.0,0.33333333333333326,-0.0
0.1,3.3333333333333357,-7.777777777777778,0.33333333333333326,-0.0
0.1,3.3333333333333357,-5.555555555555555,0.33333333333333326,-0.0
0.1,3.3333333333333357,-3.333333333333333,0.33333333333333326,-0.0
0.1,3.3333333333333357,-1.1111111111111107,0.33333333333333326,-0.0
0.1,3.3333333333333357,1.1111111111111107,0.33333333333333326,0.0
0.1,3.3333333333333357,3.333333333333334,0.33333333333333326,0.0
0.1,3.3333333333333357,5.555555555555557,0.33333333333333326,0.0
0.1,3.3333333333333357,7.777777777777779,0.33333333333333326,0.0
0.1,3.3333333333333357,10.0,0.33333333333333326,0.0
0.1,10.0,-10.0,0.33333333333333326,-0.0
0.1,10.0,-7.777777777777778,0.33333333333333326,-0.0
0.1,10.0,-5.555555555555555,0.33333333333333326,-0.0
0.1,10.0,-3.333333333333333,0.33333333333333326,-0.0
0.1,10.0,-1.1111111111111107,0.33333333333333326,-0.0
0.1,10.0,1.1111111111111107,0.33333333333333326,0.0
0.1,10.0,3.333333333333334,0.33333333333333326,0.0
0.1,10.0,5.555555555555557,0.33333333333333326,0.0
0.1,10.0,7.777777777777779,0.33333333333333326,0.0
0.1,10.0,10.0,0.33333333333333326,0.0
0.1,16.66666666666667,-10.0,0.33333333333333326,-0.0
0.1,16.66666666666667,-7.777777777777778,0.33333333333333326,-0.0
0.1,16.66666666666667,-5.555555555555555,0.33333333333333326,-0.0
0.1,16.66666666666667,-3.333333333333333,0.33333333333333326,-0.0
0.1,16.66666666666667,-1.1111111111111107,0.33333333333333326,-0.0
0.1,16.66666666666667,1.1111111111111107,0.33333333333333326,0.0
0.1,16.66666666666667,3.333333333333334,0.33333333333333326,0.0
0.1,16.66666666666667,5.555555555555557,0.33333333333333326,0.0
0.1,16.66666666666667,7.777777777777779,0.33333333333333326,0.0
0.1,16.66666666666667,10.0,0.33333333333333326,0.0
0.1,23.333333333333336,-10.0,0.33333333333333326,-0.0
0.1,23.333333333333336,-7.777777777777778,0.33333333333333326,-0.0
0.1,23.333333333333336,-5.555555555555555,0.33333333333333326,-0.0
0.1,23.333333333333336,-3.333333333333333,0.33333333333333326,-0.0
0.1,23.333333333333336,-1.1111111111111107,0.33333333333333326,-0.0
0.1,23.333333333333336,1.1111111111111107,0.33333333333333326,0.0
0.1,23.333333333333336,3.333333333333334,0.33333333333333326,0.0
0.1,23.333333333333336,5.555555555555557,0.33333333333333326,0.0
0.1,23.333333333333336,7.777777777777779,0.33333333333333326,0.0
0.1,23.333333333333336,10.0,0.33333333333333326,0.0
0.1,30.0,-10.0,0.33333333333333326,-0.0
0.1,30.0,-7.777777777777778,0.33333333333333326,-0.0
0.1,30.0,-5.555555555555555,0.33333333333333326,-0.0
0.1,30.0,-3.333333333333333,0.33333333333333326,-0.0
0.1,30.0,-1.1111111111111107,0.33333333333333326,-0.0
0.1,30.0,1.1111111111111107,0.33333333333333326,0.0
0.1,30.0,3.333333333333334,0.33333333333333326,0.0
0.1,30.0,5.555555555555557,0.33333333333333326,0.0
0.1,30.0,7.777777777777779,0.33333333333333326,0.0
0.1,30.0,10.0,0.33333333333333326,0.0
-0.1,-30.0,-10.0,0.5555555555555554,-0.0
-0.1,-30.0,-7.777777777777778,0.5555555555555554,-0.0
-0.1,-30.0,-5.555555555555555,0.5555555555555554,-0.0
-0.1,-30.0,-3.333333333333333,0.5555555555555554,-0.0
-0.1,-30.0,-1.1111111111111107,0.5555555555555554,-0.0
-0.1,-30.0,1.1111111111111107,0.5555555555555554,0.0
-0.1,-30.0,3.333333333333334,0.5555555555555554,0.0
-0.1,-30.0,5.555555555555557,0.5555555555555554,0.0
-0.1,-30.0,7.777777777777779,0.5555555555555554,0.0
-0.1,-30.0,10.0,0.5555555555555554,0.0
-0.1,-23.333333333333332,-10.0,0.5555555555555554,-0.0
-0.1,-23.333333333333332,-7.777777777777778,0.5555555555555554,-0.0
-0.1,-23.333333333333332,-5.555555555555555,0.5555555555555554,-0.0
-0.1,-23.333333333333332,-3.333333333333333,0.5555555555555554,-0.0
-0.1,-23.333333333333332,-1.1111111111111107,0.5555555555555554,-0.0
-0.1,-23.333333333333332,1.1111111111111107,0.5555555555555554,0.0
-0.1,-23.333333333333332,3.333333333333334,0.5555555555555554,0.0
-0.1,-23.333333333333332,5.555555555555557,0.5555555555555554,0.0
-0.1,-23.333333333333332,7.777777777777779,0.5555555555555554,0.0
-0.1,-23.333333333333332,10.0,0.5555555555555554,0.0
-0.1,-16.666666666666664,-10.0,0.5555555555555554,-0.0
-0.1,-16.666666666666664,-7.777777777777778,0.5555555555555554,-0.0
-0.1,-16.666666666666664,-5.555555555555555,0.5555555555555554,-0.0
-0.1,-16.666666666666664,-3.333333333333333,0.5555555555555554,-0.0
-0.1,-16.666666666666664,-1.1111111111111107,0.5555555555555554,-0.0
-0.1,-16.666666666666664,1.1111111111111107,0.5555555555555554,0.0
-0.1,-16.666666666666664,3.333333333333334,0.5555555555555554,0.0
-0.1,-16.666666666666664,5.555555555555557,0.5555555555555554,0.0
-0.1,-16.666666666666664,7.777777777777779,0.5555555555555554,0.0
-0.1,-16.666666666666664,10.0,0.5555555555555554,0.0
-0.1,-10.0,-10.0,0.5555555555555554,-0.0
-0.1,-10.0,-7.777777777777778,0.5555555555555554,-0.0
-0.1,-10.0,-5.555555555555555,0.5555555555555554,-0.0
-0.1,-10.0,-3.333333333333333,0.5555555555555554,-0.0
-0.1,-10.0,-1.1111111111111107,0.5555555555555554,-0.0
-0.1,-10.0,1.1111111111111107,0.5555555555555554,0.0
-0.1,-10.0,3.333333333333334,0.5555555555555554,0.0
-0.1,-10.0,5.555555555555557,0.5555555555555554,0.0
-0.1,-10.0,7.777777777777779,0.5555555555555554,0.0
-0.1,-10.0,10.0,0.5555555555555554,0.0
-0.1,-3.333333333333332,-10.0,0.5555555555555554,-0.0
-0.1,-3.333333333333332,-7.777777777777778,0.5555555555555554,-0.0
-0.1,-3.333333333333332,-5.555555555555555,0.5555555555555554,-0.0
-0.1,-3.333333333333332,-3.333333333333333,0.5555555555555554,-0.0
-0.1,-3.333333333333332,-1.1111111111111107,0.5555555555555554,-0.0
-0.1,-3.333333333333332,1.1111111111111107,0.5555555555555554,0.0
-0.1,-3.333333333333332,3.333333333333334,0.5555555555555554,0.0
-0.1,-3.333333333333332,5.555555555555557,0.5555555555555554,0.0
-0.1,-3.333333333333332,7.777777777777779,0.5555555555555554,0.0
-0.1,-3.333333333333332,10.0,0.5555555555555554,0.0
-0.1,3.3333333333333357,-10.0,0.5555555555555554,-0.0
-0.1,3.3333333333333357,-7.777777777777778,0.5555555555555554,-0.0
-0.1,3.3333333333333357,-5.555555555555555,0.5555555555555554,-0.0
-0.1,3.3333333333333357,-3.333333333333333,0.5555555555555554,-0.0
-0.1,3.3333333333333357,-1.1111111111111107,0.5555555555555554,-0.0
-0.1,3.3333333333333357,1.1111111111111107,0.5555555555555554,0.0
-0.1,3.3333333333333357,3.333333333333334,0.5555555555555554,0.0
-0.1,3.3333333333333357,5.555555555555557,0.5555555555555554,0.0
-0.1,3.3333333333333357,7.777777777777779,0.5555555555555554,0.0
-0.1,3.3333333333333357,10.0,0.5555555555555554,0.0
-0.1,10.0,-10.0,0.5555555555555554,-0.0
-0.1,10.0,-7.777777777777778,0.5555555555555554,-0.0
-0.1,10.0,-5.555555555555555,0.5555555555555554,-0.0
-0.1,10.0,-3.333333333333333,0.5555555555555554,-0.0
-0.1,10.0,-1.1111111111111107,0.5555555555555554,-0.0
-0.1,10.0,1.1111111111111107,0.5555555555555554,0.0
-0.1,10.0,3.333333333333334,0.5555555555555554,0.0
-0.1,10.0,5.555555555555557,0.5555555555555554,0.0
-0.1,10.0,7.777777777777779,0.5555555555555554,0.0
-0.1,10.0,10.0,0.5555555555555554,0.0
-0.1,16.66666666666667,-10.0,0.5555555555555554,-0.0
-0.1,16.66666666666667,-7.777777777777778,0.5555555555555554,-0.0
-0.1,16.66666666666667,-5.555555555555555,0.5555555555555554,-0.0
-0.1,16.66666666666667,-3.333333333333333,0.5555555555555554,-0.0
-0.1,16.66666666666667,-1.1111111111111107,0.5555555555555554,-0.0
-0.1,16.66666666666667,1.1111111111111107,0.5555555555555554,0.0
-0.1,16.66666666666667,3.333333333333334,0.5555555555555554,0.0
-0.1,16.66666666666667,5.555555555555557,0.5555555555555554,0.0
-0.1,16.66666666666667,7.777777777777779,0.5555555555555554,0.0
-0.1,16.66666666666667,10.0,0.5555555555555554,0.0
-0.1,23.333333333333336,-10.0,0.5555555555555554,-0.0
-0.1,23.333333333333336,-7.777777777777778,0.5555555555555554,-0.0
-0.1,23.333333333333336,-5.555555555555555,0.5555555555555554,-0.0
-0.1,23.333333333333336,-3.333333333333333,0.5555555555555554,-0.0
-0.1,23.333333333333336,-1.1111111111111107,0.5555555555555554,-0.0
-0.1,23.333333333333336,1.1111111111111107,0.5555555555555554,0.0
-0.1,23.333333333333336,3.333333333333334,0.5555555555555554,0.0
-0.1,23.333333333333336,5.555555555555557,0.5555555555555554,0.0
-0.1,23.333333333333336,7.777777777777779,0.5555555555555554,0.0
-0.1,23.333333333333336,10.0,0.5555555555555554,0.0
-0.1,30.0,-10.0,0.5555555555555554,-0.0
-0.1,30.0,-7.777777777777778,0.5555555555555554,-0.0
-0.1,30.0,-5.555555555555555,0.5555555555555554,-0.0
-0.1,30.0,-3.333333333333333,0.5555555555555554,-0.0
-0.1,30.0,-1.1111111111111107,0.5555555555555554,-0.0
-0.1,30.0,1.1111111111111107,0.5555555555555554,0.0
-0.1,30.0,3.333333333333334,0.5555555555555554,0.0
-0.1,30.0,5.555555555555557,0.5555555555555554,0.0
-0.1,30.0,7.777777777777779,0.5555555555555554,0.0
-0.1,30.0,10.0,0.5555555555555554,0.0
-0.07777777777777778,-30.0,-10.0,0.5555555555555554,-0.0
-0.07777777777777778,-30.0,-7.777777777777778,0.5555555555555554,-0.0
-0.07777777777777778,-30.0,-5.555555555555555,0.5555555555555554,-0.0
-0.07777777777777778,-30.0,-3.333333333333333,0.5555555555555554,-0.0
-0.07777777777777778,-30.0,-1.1111111111111107,0.5555555555555554,-0.0
-0.07777777777777778,-30.0,1.1111111111111107,0.5555555555555554,0.0
-0.07777777777777778,-30.0,3.333333333333334,0.5555555555555554,0.0
-0.07777777777777778,-30.0,5.555555555555557,0.5555555555555554,0.0
-0.07777777777777778,-30.0,7.777777777777779,0.5555555555555554,0.0
-0.07777777777777778,-30.0,10.0,0.5555555555555554,0.0
-0.07777777777777778,-23.333333333333332,-10.0,0.5555555555555554,-0.0
-0.07777777777777778,-23.333333333333332,-7.777777777777778,0.5555555555555554,-0.0
-0.07777777777777778,-23.333333333333332,-5.555555555555555,0.5555555555555554,-0.0
-0.07777777777777778,-23.333333333333332,-3.333333333333333,0.5555555555555554,-0.0
-0.07777777777777778,-23.333333333333332,-1.1111111111111107,0.5555555555555554,-0.0
-0.07777777777777778,-23.333333333333332,1.1111111111111107,0.5555555555555554,0.0
-0.07777777777777778,-23.333333333333332,3.333333333333334,0.5555555555555554,0.0
-0.07777777777777778,-23.333333333333332,5.555555555555557,0.5555555555555554,0.0
-0.07777777777777778,-23.333333333333332,7.777777777777779,0.5555555555555554,0.0
-0.07777777777777778,-23.333333333333332,10.0,0.5555555555555554,0.0
-0.07777777777777778,-16.666666666666664,-10.0,0.5555555555555554,-0.0
-0.07777777777777778,-16.666666666666664,-7.777777777777778,0.5555555555555554,-0.0
-0.07777777777777778,-16.666666666666664,-5.555555555555555,0.5555555555555554,-0.0
-0.07777777777777778,-16.666666666666664,-3.333333333333333,0.5555555555555554,-0.0
-0.07777777777777778,-16.666666666666664,-1.1111111111111107,0.5555555555555554,-0.0
-0.07777777777777778,-16.666666666666664,1.1111111111111107,0.5555555555555554,0.0
-0.07777777777777778,-16.666666666666664,3.333333333333334,0.5555555555555554,0.0
-0.07777777777777778,-16.666666666666664,5.555555555555557,0.5555555555555554,0.0
-0.07777777777777778,-16.666666666666664,7.777777777777779,0.5555555555555554,0.0
-0.07777777777777778,-16.666666666666664,10.0,0.5555555555555554,0.0
-0.07777777777777778,-10.0,-10.0,0.5555555555555554,-0.0
-0.07777777777777778,-10.0,-7.777777777777778,0.5555555555555554,-0.0
-0.07777777777777778,-10.0,-5.555555555555555,0.5555555555555554,-0.0
-0.07777777777777778,-10.0,-3.333333333333333,0.5555555555555554,-0.0
-0.07777777777777778,-10.0,-1.1111111111111107,0.5555555555555554,-0.0
-0.07777777777777778,-10.0,1.1111111111111107,0.5555555555555554,0.0
-0.07777777777777778,-10.0,3.333333333333334,0.5555555555555554,0.0
-0.07777777777777778,-10.0,5.555555555555557,0.5555555555555554,0.0
-0.07777777777777778,-10.0,7.777777777777779,0.5555555555555554,0.0
-0.07777777777777778,-10.0,10.0,0.5555555555555554,0.0
-0.07777777777777778,-3.333333333333332,-10.0,0.5555555555555554,-0.0
-0.07777777777777778,-3.333333333333332,-7.777777777777778,0.5555555555555554,-0.0
-0.07777777777777778,-3.333333333333332,-5.555555555555555,0.5555555555555554,-0.0
-0.07777777777777778,-3.333333333333332,-3.333333333333333,0.5555555555555554,-0.0
-0.07777777777777778,-3.333333333333332,-1.1111111111111107,0.5555555555555554,-0.0
-0.07777777777777778,-3.333333333333332,1.1111111111111107,0.5555555555555554,0.0
-0.07777777777777778,-3.333333333333332,3.333333333333334,0.5555555555555554,0.0
-0.07777777777777778,-3.333333333333332,5.555555555555557,0.5555555555555554,0.0
-0.07777777777777778,-3.333333333333332,7.777777777777779,0.5555555555555554,0.0
-0.07777777777777778,-3.333333333333332,10.0,0.5555555555555554,0.0
-0.07777777777777778,3.3333333333333357,-10.0,0.5555555555555554,-0.0
-0.07777777777777778,3.3333333333333357,-7.777777777777778,0.5555555555555554,-0.0
-0.07777777777777778,3.3333333333333357,-5.555555555555555,0.5555555555555554,-0.0
-0.07777777777777778,3.3333333333333357,-3.333333333333333,0.5555555555555554,-0.0
-0.07777777777777778,3.3333333333333357,-1.1111111111111107,0.5555555555555554,-0.0
-0.07777777777777778,3.3333333333333357,1.1111111111111107,0.5555555555555554,0.0
-0.07777777777777778,3.3333333333333357,3.333333333333334,0.5555555555555554,0.0
-0.07777777777777778,3.3333333333333357,5.555555555555557,0.5555555555555554,0.0
-0.07777777777777778,3.3333333333333357,7.777777777777779,0.5555555555555554,0.0
-0.07777777777777778,3.3333333333333357,10.0,0.5555555555555554,0.0
-0.07777777777777778,10.0,-10.0,0.5555555555555554,-0.0
-0.07777777777777778,10.0,-7.777777777777778,0.5555555555555554,-0.0
-0.07777777777777778,10.0,-5.555555555555555,0.5555555555555554,-0.0
-0.07777777777777778,10.0,-3.333333333333333,0.5555555555555554,-0.0
-0.07777777777777778,10.0,-1.1111111111111107,0.5555555555555554,-0.0
-0.07777777777777778,10.0,1.1111111111111107,0.5555555555555554,0.0
-0.07777777777777778,10.0,3.333333333333334,0.5555555555555554,0.0
-0.07777777777777778,10.0,5.555555555555557,0.5555555555555554,0.0
-0.07777777777777778,10.0,7.777777777777779,0.5555555555555554,0.0
-0.07777777777777778,10.0,10.0,0.5555555555555554,0.0
-0.07777777777777778,16.66666666666667,-10.0,0.5555555555555554,-0.0
-0.07777777777777778,16.66666666666667,-7.777777777777778,0.5555555555555554,-0.0
-0.07777777777777778,16.66666666666667,-5.555555555555555,0.5555555555555554,-0.0
-0.07777777777777778,16.66666666666667,-3.333333333333333,0.5555555555555554,-0.0
-0.07777777777777778,16.66666666666667,-1.1111111111111107,0.5555555555555554,-0.0
-0.07777777777777778,16.66666666666667,1.1111111111111107,0.5555555555555554,0.0
-0.07777777777777778,16.66666666666667,3.333333333333334,0.5555555555555554,0.0
-0.07777777777777778,16.66666666666667,5.555555555555557,0.5555555555555554,0.0
-0.07777777777777778,16.66666666666667,7.777777777777779,0.5555555555555554,0.0
-0.07777777777777778,16.66666666666667,10.0,0.5555555555555554,0.0
-0.07777777777777778,23.333333333333336,-10.0,0.5555555555555554,-0.0
-0.07777777777777778,23.333333333333336,-7.777777777777778,0.5555555555555554,-0.0
-0.07777777777777778,23.333333333333336,-5.555555555555555,0.5555555555555554,-0.0
-0.07777777777777778,23.333333333333336,-3.333333333333333,0.5555555555555554,-0.0
-0.07777777777777778,23.333333333333336,-1.1111111111111107,0.5555555555555554,-0.0
-0.07777777777777778,23.333333333333336,1.1111111111111107,0.5555555555555554,0.0
-0.07777777777777778,23.333333333333336,3.333333333333334,0.5555555555555554,0.0
-0.07777777777777778,23.333333333333336,5.555555555555557,0.5555555555555554,0.0
-0.07777777777777778,23.333333333333336,7.777777777777779,0.5555555555555554,0.0
-0.07777777777777778,23.333333333333336,10.0,0.5555555555555554,0.0
-0.07777777777777778,30.0,-10.0,0.5555555555555554,-0.0
-0.07777777777777778,30.0,-7.777777777777778,0.5555555555555554,-0.0
-0.07777777777777778,30.0,-5.555555555555555,0.5555555555555554,-0.0
-0.07777777777777778,30.0,-3.333333333333333,0.5555555555555554,-0.0
-0.07777777777777778,30.0,-1.1111111111111107,0.5555555555555554,-0.0
-0.07777777777777778,30.0,1.1111111111111107,0.5555555555555554,0.0
-0.07777777777777778,30.0,3.333333333333334,0.5555555555555554,0.0
-0.07777777777777778,30.0,5.555555555555557,0.5555555555555554,0.0
-0.07777777777777778,30.0,7.777777777777779,0.5555555555555554,0.0
-0.07777777777777778,30.0,10.0,0.5555555555555554,0.0
-0.05555555555555556,-30.0,-10.0,0.5555555555555554,-0.000128780943900962
-0.05555555555555556,-30.0,-7.777777777777778,0.5555555555555554,-0.000128780943900962
-0.05555555555555556,-30.0,-5.555555555555555,0.5555555555555554,-0.000128780943900962
-0.05555555555555556,-30.0,-3.333333333333333,0.5555555555555554,-0.000128780943900962
-0.05555555555555556,-30.0,-1.1111111111111107,0.5555555555555554,-0.000128780943900962
-0.05555555555555556,-30.0,1.1111111111111107,0.5555555555555554,0.000128780943900962
-0.05555555555555556,-30.0,3.333333333333334,0.5555555555555554,0.000128780943900962
-0.05555555555555556,-30.0,5.555555555555557,0.5555555555555554,0.000128780943900962
-0.05555555555555556,-30.0,7.777777777777779,0.5555555555555554,0.000128780943900962
-0.05555555555555556,-30.0,10.0,0.5555555555555554,0.000128780943900962
-0.05555555555555556,-23.333333333333332,-10.0,0.5555555555555554,-0.000128780943900962
-0.05555555555555556,-23.333333333333332,-7.777777777777778,0.5555555555555554,-0.000128780943900962
-0.05555555555555556,-23.333333333333332,-5.555555555555555,0.5555555555555554,-0.000128780943900962
-0.05555555555555556,-23.333333333333332,-3.333333333333333,0.5555555555555554,-0.000128780943900962
-0.05555555555555556,-23.333333333333332,-1.1111111111111107,0.5555555555555554,-0.000128780943900962
-0.05555555555555556,-23.333333333333332,1.1111111111111107,0.5555555555555554,0.000128780943900962
-0.05555555555555556,-23.333333333333332,3.333333333333334,0.5555555555555554,0.000128780943900962
-0.05555555555555556,-23.333333333333332,5.555555555555557,0.5555555555555554,0.000128780943900962
-0.05555555555555556,-23.333333333333332,7.777777777777779,0.5555555555555554,0.000128780943900962
-0.05555555555555556,-23.333333333333332,10.0,0.5555555555555554,0.000128780943900962
-0.05555555555555556,-16.666666666666664,-10.0,0.5555555555555554,-0.000128780943900962
-0.05555555555555556,-16.666666666666664,-7.777777777777778,0.5555555555555554,-0.000128780943900962
-0.05555555555555556,-16.666666666666664,-5.555555555555555,0.5555555555555554,-0.000128780943900962
-0.05555555555555556,-16.666666666666664,-3.333333333333333,0.5555555555555554,-0.000128780943900962
-0.05555555555555556,-16.666666666666664,-1.1111111111111107,0.5555555555555554,-0.000128780943900962
-0.05555555555555556,-16.666666666666664,1.1111111111111107,0.5555555555555554,0.000128780943900962
-0.05555555555555556,-16.666666666666664,3.333333333333334,0.5555555555555554,0.000128780943900962
-0.05555555555555556,-16.666666666666664,5.555555555555557,0.5555555555555554,0.000128780943900962
-0.05555555555555556,-16.666666666666664,7.777777777777779,0.5555555555555554,0.000128780943900962
-0.05555555555555556,-16.666666666666664,10.0,0.5555555555555554,0.000128780943900962
-0.05555555555555556,-10.0,-10.0,0.5555555555555554,-0.000128780943900962
-0.05555555555555556,-10.0,-7.777777777777778,0.5555555555555554,-0.000128780943900962
-0.05555555555555556,-10.0,-5.555555555555555,0.5555555555555554,-0.000128780943900962
-0.05555555555555556,-10.0,-3.333333333333333,0.5555555555555554,-0.000128780943900962
-0.05555555555555556,-10.0,-1.1111111111111107,0.5555555555555554,-0.000128780943900962
-0.05555555555555556,-10.0,1.1111111111111107,0.5555555555555554,0.000128780943900962
-0.05555555555555556,-10.0,3.333333333333334,0.5555555555555554,0.000128780943900962
-0.05555555555555556,-10.0,5.555555555555557,0.5555555555555554,0.000128780943900962
-0.05555555555555556,-10.0,7.777777777777779,0.5555555555555554,0.000128780943900962
-0.05555555555555556,-10.0,10.0,0.5555555555555554,0.000128780943900962
-0.05555555555555556,-3.333333333333332,-10.0,0.5555555555555554,-0.000128780943900962
-0.05555555555555556,-3.333333333333332,-7.777777777777778,0.5555555555555554,-0.000128780943900962
-0.05555555555555556,-3.333333333333332,-5.555555555555555,0.5555555555555554,-0.000128780943900962
-0.05555555555555556,-3.333333333333332,-3.333333333333333,0.5555555555555554,-0.000128780943900962
-0.05555555555555556,-3.333333333333332,-1.1111111111111107,0.5555555555555554,-0.000128780943900962
-0.05555555555555556,-3.333333333333332,1.1111111111111107,0.5555555555555554,0.000128780943900962
-0.05555555555555556,-3.333333333333332,3.333333333333334,0.5555555555555554,0.000128780943900962
-0.05555555555555556,-3.333333333333332,5.555555555555557,0.5555555555555554,0.000128780943900962
-0.05555555555555556,-3.333333333333332,7.777777777777779,0.5555555555555554,0.000128780943900962
-0.05555555555555556,-3.333333333333332,10.0,0.5555555555555554,0.000128780943900962
-0.05555555555555556,3.3333333333333357,-10.0,0.5555555555555554,-0.000128780943900962
-0.05555555555555556,3.3333333333333357,-7.777777777777778,0.5555555555555554,-0.000128780943900962
-0.05555555555555556,3.3333333333333357,-5.555555555555555,0.5555555555555554,-0.000128780943900962
-0.05555555555555556,3.3333333333333357,-3.333333333333333,0.5555555555555554,-0.000128780943900962
-0.05555555555555556,3.3333333333333357,-1.1111111111111107,0.5555555555555554,-0.000128780943900962
-0.05555555555555556,3.3333333333333357,1.1111111111111107,0.5555555555555554,0.000128780943900962
-0.05555555555555556,3.3333333333333357,3.333333333333334,0.5555555555555554,0.000128780943900962
-0.05555555555555556,3.3333333333333357,5.555555555555557,0.5555555555555554,0.000128780943900962
-0.05555555555555556,3.3333333333333357,7.777777777777779,0.5555555555555554,0.000128780943900962
-0.05555555555555556,3.3333333333333357,10.0,0.5555555555555554,0.000128780943900962
-0.05555555555555556,10.0,-10.0,0.5555555555555554,-0.000128780943900962
-0.05555555555555556,10.0,-7.777777777777778,0.5555555555555554,-0.000128780943900962
-0.05555555555555556,10.0,-5.555555555555555,0.5555555555555554,-0.000128780943900962
-0.05555555555555556,10.0,-3.333333333333333,0.5555555555555554,-0.000128780943900962
-0.05555555555555556,10.0,-1.1111111111111107,0.5555555555555554,-0.000128780943900962
-0.05555555555555556,10.0,1.1111111111111107,0.5555555555555554,0.000128780943900962
-0.05555555555555556,10.0,3.333333333333334,0.5555555555555554,0.000128780943900962
-0.05555555555555556,10.0,5.555555555555557,0.5555555555555554,0.000128780943900962
-0.05555555555555556,10.0,7.777777777777779,0.5555555555555554,0.000128780943900962
-0.05555555555555556,10.0,10.0,0.5555555555555554,0.000128780943900962
-0.05555555555555556,16.66666666666667,-10.0,0.5555555555555554,-0.000128780943900962
-0.05555555555555556,16.66666666666667,-7.777777777777778,0.5555555555555554,-0.000128780943900962
-0.05555555555555556,16.66666666666667,-5.555555555555555,0.5555555555555554,-0.000128780943900962
-0.05555555555555556,16.66666666666667,-3.333333333333333,0.5555555555555554,-0.000128780943900962
-0.05555555555555556,16.66666666666667,-1.1111111111111107,0.5555555555555554,-0.000128780943900962
-0.05555555555555556,16.66666666666667,1.1111111111111107,0.5555555555555554,0.000128780943900962
-0.05555555555555556,16.66666666666667,3.333333333333334,0.5555555555555554,0.000128780943900962
-0.05555555555555556,16.66666666666667,5.555555555555557,0.5555555555555554,0.000128780943900962
-0.05555555555555556,16.66666666666667,7.777777777777779,0.5555555555555554,0.000128780943900962
-0.05555555555555556,16.66666666666667,10.0,0.5555555555555554,0.000128780943900962
-0.05555555555555556,23.333333333333336,-10.0,0.5555555555555554,-0.000128780943900962
-0.05555555555555556,23.333333333333336,-7.777777777777778,0.5555555555555554,-0.000128780943900962
-0.05555555555555556,23.333333333333336,-5.555555555555555,0.5555555555555554,-0.000128780943900962
-0.05555555555555556,23.333333333333336,-3.333333333333333,0.5555555555555554,-0.000128780943900962
-0.05555555555555556,23.333333333333336,-1.1111111111111107,0.5555555555555554,-0.000128780943900962
-0.05555555555555556,23.333333333333336,1.1111111111111107,0.5555555555555554,0.000128780943900962
-0.05555555555555556,23.333333333333336,3.333333333333334,0.5555555555555554,0.000128780943900962
-0.05555555555555556,23.333333333333336,5.555555555555557,0.5555555555555554,0.000128780943900962
-0.05555555555555556,23.333333333333336,7.777777777777779,0.5555555555555554,0.000128780943900962
-0.05555555555555556,23.333333333333336,10.0,0.5555555555555554,0.000128780943900962
-0.05555555555555556,30.0,-10.0,0.5555555555555554,-0.000128780943900962
-0.05555555555555556,30.0,-7.777777777777778,0.5555555555555554,-0.000128780943900962
-0.05555555555555556,30.0,-5.555555555555555,0.5555555555555554,-0.000128780943900962
-0.05555555555555556,30.0,-3.333333333333333,0.5555555555555554,-0.000128780943900962
-0.05555555555555556,30.0,-1.1111111111111107,0.5555555555555554,-0.000128780943900962
-0.05555555555555556,30.0,1.1111111111111107,0.5555555555555554,0.000128780943900962
-0.05555555555555556,30.0,3.333333333333334,0.5555555555555554,0.000128780943900962
-0.05555555555555556,30.0,5.555555555555557,0.5555555555555554,0.000128780943900962
-0.05555555555555556,30.0,7.777777777777779,0.5555555555555554,0.000128780943900962
-0.05555555555555556,30.0,10.0,0.5555555555555554,0.000128780943900962
-0.03333333333333334,-30.0,-10.0,0.5555555555555554,-0.0024715170816102484
-0.03333333333333334,-30.0,-7.777777777777778,0.5555555555555554,-0.0024715170816102484
-0.03333333333333334,-30.0,-5.555555555555555,0.5555555555555554,-0.0024715170816102484
-0.03333333333333334,-30.0,-3.333333333333333,0.5555555555555554,-0.0024715170816102484
-0.03333333333333334,-30.0,-1.1111111111111107,0.5555555555555554,-0.0024715170816102484
-0.03333333333333334,-30.0,1.1111111111111107,0.5555555555555554,0.0024715170816102484
-0.03333333333333334,-30.0,3.333333333333334,0.5555555555555554,0.0024715170816102484
-0.03333333333333334,-30.0,5.555555555555557,0.5555555555555554,0.0024715170816102484
-0.03333333333333334,-30.0,7.777777777777779,0.5555555555555554,0.0024715170816102484
-0.03333333333333334,-30.0,10.0,0.5555555555555554,0.0024715170816102484
-0.03333333333333334,-23.333333333333332,-10.0,0.5555555555555554,-0.0024715170816102484
-0.03333333333333334,-23.333333333333332,-7.777777777777778,0.5555555555555554,-0.0024715170816102484
-0.03333333333333334,-23.333333333333332,-5.555555555555555,0.5555555555555554,-0.0024715170816102484
-0.03333333333333334,-23.333333333333332,-3.333333333333333,0.5555555555555554,-0.0024715170816102484
-0.03333333333333334,-23.333333333333332,-1.1111111111111107,0.5555555555555554,-0.0024715170816102484
-0.03333333333333334,-23.333333333333332,1.1111111111111107,0.5555555555555554,0.0024715170816102484
-0.03333333333333334,-23.333333333333332,3.333333333333334,0.5555555555555554,0.0024715170816102484
-0.03333333333333334,-23.333333333333332,5.555555555555557,0.5555555555555554,0.0024715170816102484
-0.03333333333333334,-23.333333333333332,7.777777777777779,0.5555555555555554,0.0024715170816102484
-0.03333333333333334,-23.333333333333332,10.0,0.5555555555555554,0.0024715170816102484
-0.03333333333333334,-16.666666666666664,-10.0,0.5555555555555554,-0.0024715170816102484
-0.03333333333333334,-16.666666666666664,-7.777777777777778,0.5555555555555554,-0.0024715170816102484
-0.03333333333333334,-16.666666666666664,-5.555555555555555,0.5555555555555554,-0.0024715170816102484
-0.03333333333333334,-16.666666666666664,-3.333333333333333,0.5555555555555554,-0.0024715170816102484
-0.03333333333333334,-16.666666666666664,-1.1111111111111107,0.5555555555555554,-0.0024715170816102484
-0.03333333333333334,-16.666666666666664,1.1111111111111107,0.5555555555555554,0.0024715170816102484
-0.03333333333333334,-16.666666666666664,3.333333333333334,0.5555555555555554,0.0024715170816102484
-0.03333333333333334,-16.666666666666664,5.555555555555557,0.5555555555555554,0.0024715170816102484
-0.03333333333333334,-16.666666666666664,7.777777777777779,0.5555555555555554,0.0024715170816102484
-0.03333333333333334,-16.666666666666664,10.0,0.5555555555555554,0.0024715170816102484
-0.03333333333333334,-10.0,-10.0,0.5555555555555554,-0.0024715170816102484
-0.03333333333333334,-10.0,-7.777777777777778,0.5555555555555554,-0.0024715170816102484
-0.03333333333333334,-10.0,-5.555555555555555,0.5555555555555554,-0.0024715170816102484
-0.03333333333333334,-10.0,-3.333333333333333,0.5555555555555554,-0.0024715170816102484
-0.03333333333333334,-10.0,-1.1111111111111107,0.5555555555555554,-0.0024715170816102484
-0.03333333333333334,-10.0,1.1111111111111107,0.5555555555555554,0.0024715170816102484
-0.03333333333333334,-10.0,3.333333333333334,0.5555555555555554,0.0024715170816102484
-0.03333333333333334,-10.0,5.555555555555557,0.5555555555555554,0.0024715170816102484
-0.03333333333333334,-10.0,7.777777777777779,0.5555555555555554,0.0024715170816102484
-0.03333333333333334,-10.0,10.0,0.5555555555555554,0.0024715170816102484
-0.03333333333333334,-3.333333333333332,-10.0,0.5555555555555554,-0.0024715170816102484
-0.03333333333333334,-3.333333333333332,-7.777777777777778,0.5555555555555554,-0.0024715170816102484
-0.03333333333333334,-3.333333333333332,-5.555555555555555,0.5555555555555554,-0.0024715170816102484
-0.03333333333333334,-3.333333333333332,-3.333333333333333,0.5555555555555554,-0.0024715170816102484
-0.03333333333333334,-3.333333333333332,-1.1111111111111107,0.5555555555555554,-0.0024715170816102484
-0.03333333333333334,-3.333333333333332,1.1111111111111107,0.5555555555555554,0.0024715170816102484
-0.03333333333333334,-3.333333333333332,3.333333333333334,0.5555555555555554,0.0024715170816102484
-0.03333333333333334,-3.333333333333332,5.555555555555557,0.5555555555555554,0.0024715170816102484
-0.03333333333333334,-3.333333333333332,7.777777777777779,0.5555555555555554,0.0024715170816102484
-0.03333333333333334,-3.333333333333332,10.0,0.5555555555555554,0.0024715170816102484
-0.03333333333333334,3.3333333333333357,-10.0,0.5555555555555554,-0.0024715170816102484
-0.03333333333333334,3.3333333333333357,-7.777777777777778,0.5555555555555554,-0.0024715170816102484
-0.03333333333333334,3.3333333333333357,-5.555555555555555,0.5555555555555554,-0.0024715170816102484
-0.03333333333333334,3.3333333333333357,-3.333333333333333,0.5555555555555554,-0.0024715170816102484
-0.03333333333333334,3.3333333333333357,-1.1111111111111107,0.5555555555555554,-0.0024715170816102484
-0.03333333333333334,3.3333333333333357,1.1111111111111107,0.5555555555555554,0.0024715170816102484
-0.03333333333333334,3.3333333333333357,3.333333333333334,0.5555555555555554,0.0024715170816102484
-0.03333333333333334,3.3333333333333357,5.555555555555557,0.5555555555555554,0.0024715170816102484
-0.03333333333333334,3.3333333333333357,7.777777777777779,0.5555555555555554,0.0024715170816102484
-0.03333333333333334,3.3333333333333357,10.0,0.5555555555555554,0.0024715170816102484
-0.03333333333333334,10.0,-10.0,0.5555555555555554,-0.0024715170816102484
-0.03333333333333334,10.0,-7.777777777777778,0.5555555555555554,-0.0024715170816102484
-0.03333333333333334,10.0,-5.555555555555555,0.5555555555555554,-0.0024715170816102484
-0.03333333333333334,10.0,-3.333333333333333,0.5555555555555554,-0.0024715170816102484
-0.03333333333333334,10.0,-1.1111111111111107,0.5555555555555554,-0.0024715170816102484
-0.03333333333333334,10.0,1.1111111111111107,0.5555555555555554,0.0024715170816102484
-0.03333333333333334,10.0,3.333333333333334,0.5555555555555554,0.0024715170816102484
-0.03333333333333334,10.0,5.555555555555557,0.5555555555555554,0.0024715170816102484
-0.03333333333333334,10.0,7.777777777777779,0.5555555555555554,0.0024715170816102484
-0.03333333333333334,10.0,10.0,0.5555555555555554,0.0024715170816102484
-0.03333333333333334,16.66666666666667,-10.0,0.5555555555555554,-0.0024715170816102484
-0.03333333333333334,16.66666666666667,-7.777777777777778,0.5555555555555554,-0.0024715170816102484
-0.03333333333333334,16.66666666666667,-5.555555555555555,0.5555555555555554,-0.0024715170816102484
-0.03333333333333334,16.66666666666667,-3.333333333333333,0.5555555555555554,-0.0024715170816102484
-0.03333333333333334,16.66666666666667,-1.1111111111111107,0.5555555555555554,-0.0024715170816102484
-0.03333333333333334,16.66666666666667,1.1111111111111107,0.5555555555555554,0.0024715170816102484
-0.03333333333333334,16.66666666666667,3.333333333333334,0.5555555555555554,0.0024715170816102484
-0.03333333333333334,16.66666666666667,5.555555555555557,0.5555555555555554,0.0024715170816102484
-0.03333333333333334,16.66666666666667,7.777777777777779,0.5555555555555554,0.0024715170816102484
-0.03333333333333334,16.66666666666667,10.0,0.5555555555555554,0.0024715170816102484
-0.03333333333333334,23.333333333333336,-10.0,0.5555555555555554,-0.0024715170816102484
-0.03333333333333334,23.333333333333336,-7.777777777777778,0.5555555555555554,-0.0024715170816102484
-0.03333333333333334,23.333333333333336,-5.555555555555555,0.5555555555555554,-0.0024715170816102484
-0.03333333333333334,23.333333333333336,-3.333333333333333,0.5555555555555554,-0.0024715170816102484
-0.03333333333333334,23.333333333333336,-1.1111111111111107,0.5555555555555554,-0.0024715170816102484
-0.03333333333333334,23.333333333333336,1.1111111111111107,0.5555555555555554,0.0024715170816102484
-0.03333333333333334,23.333333333333336,3.333333333333334,0.5555555555555554,0.0024715170816102484
-0.03333333333333334,23.333333333333336,5.555555555555557,0.5555555555555554,0.0024715170816102484
-0.03333333333333334,23.333333333333336,7.777777777777779,0.5555555555555554,0.0024715170816102484
-0.03333333333333334,23.333333333333336,10.0,0.5555555555555554,0.0024715170816102484
-0.03333333333333334,30.0,-10.0,0.5555555555555554,-0.0024715170816102484
-0.03333333333333334,30.0,-7.777777777777778,0.5555555555555554,-0.0024715170816102484
-0.03333333333333334,30.0,-5.555555555555555,0.5555555555555554,-0.0024715170816102484
-0.03333333333333334,30.0,-3.333333333333333,0.5555555555555554,-0.0024715170816102484
-0.03333333333333334,30.0,-1.1111111111111107,0.5555555555555554,-0.0024715170816102484
-0.03333333333333334,30.0,1.1111111111111107,0.5555555555555554,0.0024715170816102484
-0.03333333333333334,30.0,3.333333333333334,0.5555555555555554,0.0024715170816102484
-0.03333333333333334,30.0,5.555555555555557,0.5555555555555554,0.0024715170816102484
-0.03333333333333334,30.0,7.777777777777779,0.5555555555555554,0.0024715170816102484
-0.03333333333333334,30.0,10.0,0.5555555555555554,0.0024715170816102484
-0.011111111111111113,-30.0,-10.0,0.5555555555555554,-0.039326783882630986
-0.011111111111111113,-30.0,-7.777777777777778,0.5555555555555554,-0.039326783882630986
-0.011111111111111113,-30.0,-5.555555555555555,0.5555555555555554,-0.039326783882630986
-0.011111111111111113,-30.0,-3.333333333333333,0.5555555555555554,-0.039326783882630986
-0.011111111111111113,-30.0,-1.1111111111111107,0.5555555555555554,-0.039326783882630986
-0.011111111111111113,-30.0,1.1111111111111107,0.5555555555555554,0.039326783882630986
-0.011111111111111113,-30.0,3.333333333333334,0.5555555555555554,0.039326783882630986
-0.011111111111111113,-30.0,5.555555555555557,0.5555555555555554,0.039326783882630986
-0.011111111111111113,-30.0,7.777777777777779,0.5555555555555554,0.039326783882630986
-0.011111111111111113,-30.0,10.0,0.5555555555555554,0.039326783882630986
-0.011111111111111113,-23.333333333333332,-10.0,0.5555555555555554,-0.039326783882630986
-0.011111111111111113,-23.333333333333332,-7.777777777777778,0.5555555555555554,-0.039326783882630986
-0.011111111111111113,-23.333333333333332,-5.555555555555555,0.5555555555555554,-0.039326783882630986
-0.011111111111111113,-23.333333333333332,-3.333333333333333,0.5555555555555554,-0.039326783882630986
-0.011111111111111113,-23.333333333333332,-1.1111111111111107,0.5555555555555554,-0.039326783882630986
-0.011111111111111113,-23.333333333333332,1.1111111111111107,0.5555555555555554,0.039326783882630986
-0.011111111111111113,-23.333333333333332,3.333333333333334,0.5555555555555554,0.039326783882630986
-0.011111111111111113,-23.333333333333332,5.555555555555557,0.5555555555555554,0.039326783882630986
-0.011111111111111113,-23.333333333333332,7.777777777777779,0.5555555555555554,0.039326783882630986
-0.011111111111111113,-23.333333333333332,10.0,0.5555555555555554,0.039326783882630986
-0.011111111111111113,-16.666666666666664,-10.0,0.5555555555555554,-0.039326783882630986
-0.011111111111111113,-16.666666666666664,-7.777777777777778,0.5555555555555554,-0.039326783882630986
-0.011111111111111113,-16.666666666666664,-5.555555555555555,0.5555555555555554,-0.039326783882630986
-0.011111111111111113,-16.666666666666664,-3.333333333333333,0.5555555555555554,-0.039326783882630986
-0.011111111111111113,-16.666666666666664,-1.1111111111111107,0.5555555555555554,-0.039326783882630986
-0.011111111111111113,-16.666666666666664,1.1111111111111107,0.5555555555555554,0.039326783882630986
-0.011111111111111113,-16.666666666666664,3.333333333333334,0.5555555555555554,0.039326783882630986
-0.011111111111111113,-16.666666666666664,5.555555555555557,0.5555555555555554,0.039326783882630986
-0.011111111111111113,-16.666666666666664,7.777777777777779,0.5555555555555554,0.039326783882630986
-0.011111111111111113,-16.666666666666664,10.0,0.5555555555555554,0.039326783882630986
-0.011111111111111113,-10.0,-10.0,0.5555555555555554,-0.039326783882630986
-0.011111111111111113,-10.0,-7.777777777777778,0.5555555555555554,-0.039326783882630986
-0.011111111111111113,-10.0,-5.555555555555555,0.5555555555555554,-0.039326783882630986
-0.011111111111111113,-10.0,-3.333333333333333,0.5555555555555554,-0.039326783882630986
-0.011111111111111113,-10.0,-1.1111111111111107,0.5555555555555554,-0.039326783882630986
-0.011111111111111113,-10.0,1.1111111111111107,0.5555555555555554,0.039326783882630986
-0.011111111111111113,-10.0,3.333333333333334,0.5555555555555554,0.039326783882630986
-0.011111111111111113,-10.0,5.555555555555557,0.5555555555555554,0.039326783882630986
-0.011111111111111113,-10.0,7.777777777777779,0.5555555555555554,0.039326783882630986
-0.011111111111111113,-10.0,10.0,0.5555555555555554,0.039326783882630986
-0.011111111111111113,-3.333333333333332,-10.0,0.5555555555555554,-0.039326783882630986
-0.011111111111111113,-3.333333333333332,-7.777777777777778,0.5555555555555554,-0.039326783882630986
-0.011111111111111113,-3.333333333333332,-5.555555555555555,0.5555555555555554,-0.039326783882630986
-0.011111111111111113,-3.333333333333332,-3.333333333333333,0.5555555555555554,-0.039326783882630986
-0.011111111111111113,-3.333333333333332,-1.1111111111111107,0.5555555555555554,-0.039326783882630986
-0.011111111111111113,-3.333333333333332,1.1111111111111107,0.5555555555555554,0.039326783882630986
-0.011111111111111113,-3.333333333333332,3.333333333333334,0.5555555555555554,0.039326783882630986
-0.011111111111111113,-3.333333333333332,5.555555555555557,0.5555555555555554,0.039326783882630986
-0.011111111111111113,-3.333333333333332,7.777777777777779,0.5555555555555554,0.039326783882630986
-0.011111111111111113,-3.333333333333332,10.0,0.5555555555555554,0.039326783882630986
-0.011111111111111113,3.3333333333333357,-10.0,0.5555555555555554,-0.039326783882630986
-0.011111111111111113,3.3333333333333357,-7.777777777777778,0.5555555555555554,-0.039326783882630986
-0.011111111111111113,3.3333333333333357,-5.555555555555555,0.5555555555555554,-0.039326783882630986
-0.011111111111111113,3.3333333333333357,-3.333333333333333,0.5555555555555554,-0.039326783882630986
-0.011111111111111113,3.3333333333333357,-1.1111111111111107,0.5555555555555554,-0.039326783882630986
-0.011111111111111113,3.3333333333333357,1.1111111111111107,0.5555555555555554,0.039326783882630986
-0.011111111111111113,3.3333333333333357,3.333333333333334,0.5555555555555554,0.039326783882630986
-0.011111111111111113,3.3333333333333357,5.555555555555557,0.5555555555555554,0.039326783882630986
-0.011111111111111113,3.3333333333333357,7.777777777777779,0.5555555555555554,0.039326783882630986
-0.011111111111111113,3.3333333333333357,10.0,0.5555555555555554,0.039326783882630986
-0.011111111111111113,10.0,-10.0,0.5555555555555554,-0.039326783882630986
-0.011111111111111113,10.0,-7.777777777777778,0.5555555555555554,-0.039326783882630986
-0.011111111111111113,10.0,-5.555555555555555,0.5555555555555554,-0.039326783882630986
-0.011111111111111113,10.0,-3.333333333333333,0.5555555555555554,-0.039326783882630986
-0.011111111111111113,10.0,-1.1111111111111107,0.5555555555555554,-0.039326783882630986
-0.011111111111111113,10.0,1.1111111111111107,0.5555555555555554,0.039326783882630986
-0.011111111111111113,10.0,3.333333333333334,0.5555555555555554,0.039326783882630986
-0.011111111111111113,10.0,5.555555555555557,0.5555555555555554,0.039326783882630986
-0.011111111111111113,10.0,7.777777777777779,0.5555555555555554,0.039326783882630986
-0.011111111111111113,10.0,10.0,0.5555555555555554,0.039326783882630986
-0.011111111111111113,16.66666666666667,-10.0,0.5555555555555554,-0.039326783882630986
-0.011111111111111113,16.66666666666667,-7.777777777777778,0.5555555555555554,-0.039326783882630986
-0.011111111111111113,16.66666666666667,-5.555555555555555,0.5555555555555554,-0.039326783882630986
-0.011111111111111113,16.66666666666667,-3.333333333333333,0.5555555555555554,-0.039326783882630986
-0.011111111111111113,16.66666666666667,-1.1111111111111107,0.5555555555555554,-0.039326783882630986
-0.011111111111111113,16.66666666666667,1.1111111111111107,0.5555555555555554,0.039326783882630986
-0.011111111111111113,16.66666666666667,3.333333333333334,0.5555555555555554,0.039326783882630986
-0.011111111111111113,16.66666666666667,5.555555555555557,0.5555555555555554,0.039326783882630986
-0.011111111111111113,16.66666666666667,7.777777777777779,0.5555555555555554,0.039326783882630986
-0.011111111111111113,16.66666666666667,10.0,0.5555555555555554,0.039326783882630986
-0.011111111111111113,23.333333333333336,-10.0,0.5555555555555554,-0.039326783882630986
-0.011111111111111113,23.333333333333336,-7.777777777777778,0.5555555555555554,-0.039326783882630986
-0.011111111111111113,23.333333333333336,-5.555555555555555,0.5555555555555554,-0.039326783882630986
-0.011111111111111113,23.333333333333336,-3.333333333333333,0.5555555555555554,-0.039326783882630986
-0.011111111111111113,23.333333333333336,-1.1111111111111107,0.5555555555555554,-0.039326783882630986
-0.011111111111111113,23.333333333333336,1.1111111111111107,0.5555555555555554,0.039326783882630986
-0.011111111111111113,23.333333333333336,3.333333333333334,0.5555555555555554,0.039326783882630986
-0.011111111111111113,23.333333333333336,5.555555555555557,0.5555555555555554,0.039326783882630986
-0.011111111111111113,23.333333333333336,7.777777777777779,0.5555555555555554,0.039326783882630986
-0.011111111111111113,23.333333333333336,10.0,0.5555555555555554,0.039326783882630986
-0.011111111111111113,30.0,-10.0,0.5555555555555554,-0.039326783882630986
-0.011111111111111113,30.0,-7.777777777777778,0.5555555555555554,-0.039326783882630986
-0.011111111111111113,30.0,-5.555555555555555,0.5555555555555554,-0.039326783882630986
-0.011111111111111113,30.0,-3.333333333333333,0.5555555555555554,-0.039326783882630986
-0.011111111111111113,30.0,-1.1111111111111107,0.5555555555555554,-0.039326783882630986
-0.011111111111111113,30.0,1.1111111111111107,0.5555555555555554,0.039326783882630986
-0.011111111111111113,30.0,3.333333333333334,0.5555555555555554,0.039326783882630986
-0.011111111111111113,30.0,5.555555555555557,0.5555555555555554,0.039326783882630986
-0.011111111111111113,30.0,7.777777777777779,0.5555555555555554,0.039326783882630986
-0.011111111111111113,30.0,10.0,0.5555555555555554,0.039326783882630986
0.011111111111111113,-30.0,-10.0,0.5555555555555554,-0.039326783882630986
0.011111111111111113,-30.0,-7.777777777777778,0.5555555555555554,-0.039326783882630986
0.011111111111111113,-30.0,-5.555555555555555,0.5555555555555554,-0.039326783882630986
0.011111111111111113,-30.0,-3.333333333333333,0.5555555555555554,-0.039326783882630986
0.011111111111111113,-30.0,-1.1111111111111107,0.5555555555555554,-0.039326783882630986
0.011111111111111113,-30.0,1.1111111111111107,0.5555555555555554,0.039326783882630986
0.011111111111111113,-30.0,3.333333333333334,0.5555555555555554,0.039326783882630986
0.011111111111111113,-30.0,5.555555555555557,0.5555555555555554,0.039326783882630986
0.011111111111111113,-30.0,7.777777777777779,0.5555555555555554,0.039326783882630986
0.011111111111111113,-30.0,10.0,0.5555555555555554,0.039326783882630986
0.011111111111111113,-23.333333333333332,-10.0,0.5555555555555554,-0.039326783882630986
0.011111111111111113,-23.333333333333332,-7.777777777777778,0.5555555555555554,-0.039326783882630986
0.011111111111111113,-23.333333333333332,-5.555555555555555,0.5555555555555554,-0.039326783882630986
0.011111111111111113,-23.333333333333332,-3.333333333333333,0.5555555555555554,-0.039326783882630986
0.011111111111111113,-23.333333333333332,-1.1111111111111107,0.5555555555555554,-0.039326783882630986
0.011111111111111113,-23.333333333333332,1.1111111111111107,0.5555555555555554,0.039326783882630986
0.011111111111111113,-23.333333333333332,3.333333333333334,0.5555555555555554,0.039326783882630986
0.011111111111111113,-23.333333333333332,5.555555555555557,0.5555555555555554,0.039326783882630986
0.011111111111111113,-23.333333333333332,7.777777777777779,0.5555555555555554,0.039326783882630986
0.011111111111111113,-23.333333333333332,10.0,0.5555555555555554,0.039326783882630986
0.011111111111111113,-16.666666666666664,-10.0,0.5555555555555554,-0.039326783882630986
0.011111111111111113,-16.666666666666664,-7.777777777777778,0.5555555555555554,-0.039326783882630986
0.011111111111111113,-16.666666666666664,-5.555555555555555,0.5555555555555554,-0.039326783882630986
0.011111111111111113,-16.666666666666664,-3.333333333333333,0.5555555555555554,-0.039326783882630986
0.011111111111111113,-16.666666666666664,-1.1111111111111107,0.5555555555555554,-0.039326783882630986
0.011111111111111113,-16.666666666666664,1.1111111111111107,0.5555555555555554,0.039326783882630986
0.011111111111111113,-16.666666666666664,3.333333333333334,0.5555555555555554,0.039326783882630986
0.011111111111111113,-16.666666666666664,5.555555555555557,0.5555555555555554,0.039326783882630986
0.011111111111111113,-16.666666666666664,7.777777777777779,0.5555555555555554,0.039326783882630986
0.011111111111111113,-16.666666666666664,10.0,0.5555555555555554,0.039326783882630986
0.011111111111111113,-10.0,-10.0,0.5555555555555554,-0.039326783882630986
0.011111111111111113,-10.0,-7.777777777777778,0.5555555555555554,-0.039326783882630986
0.011111111111111113,-10.0,-5.555555555555555,0.5555555555555554,-0.039326783882630986
0.011111111111111113,-10.0,-3.333333333333333,0.5555555555555554,-0.039326783882630986
0.011111111111111113,-10.0,-1.1111111111111107,0.5555555555555554,-0.039326783882630986
0.011111111111111113,-10.0,1.1111111111111107,0.5555555555555554,0.039326783882630986
0.011111111111111113,-10.0,3.333333333333334,0.5555555555555554,0.039326783882630986
0.011111111111111113,-10.0,5.555555555555557,0.5555555555555554,0.039326783882630986
0.011111111111111113,-10.0,7.777777777777779,0.5555555555555554,0.039326783882630986
0.011111111111111113,-10.0,10.0,0.5555555555555554,0.039326783882630986
0.011111111111111113,-3.333333333333332,-10.0,0.5555555555555554,-0.039326783882630986
0.011111111111111113,-3.333333333333332,-7.777777777777778,0.5555555555555554,-0.039326783882630986
0.011111111111111113,-3.333333333333332,-5.555555555555555,0.5555555555555554,-0.039326783882630986
0.011111111111111113,-3.333333333333332,-3.333333333333333,0.5555555555555554,-0.039326783882630986
0.011111111111111113,-3.333333333333332,-1.1111111111111107,0.5555555555555554,-0.039326783882630986
0.011111111111111113,-3.333333333333332,1.1111111111111107,0.5555555555555554,0.039326783882630986
0.011111111111111113,-3.333333333333332,3.333333333333334,0.5555555555555554,0.039326783882630986
0.011111111111111113,-3.333333333333332,5.555555555555557,0.5555555555555554,0.039326783882630986
0.011111111111111113,-3.333333333333332,7.777777777777779,0.5555555555555554,0.039326783882630986
0.011111111111111113,-3.333333333333332,10.0,0.5555555555555554,0.039326783882630986
0.011111111111111113,3.3333333333333357,-10.0,0.5555555555555554,-0.039326783882630986
0.011111111111111113,3.3333333333333357,-7.777777777777778,0.5555555555555554,-0.039326783882630986
0.011111111111111113,3.3333333333333357,-5.555555555555555,0.5555555555555554,-0.039326783882630986
0.011111111111111113,3.3333333333333357,-3.333333333333333,0.5555555555555554,-0.039326783882630986
0.011111111111111113,3.3333333333333357,-1.1111111111111107,0.5555555555555554,-0.039326783882630986
0.011111111111111113,3.3333333333333357,1.1111111111111107,0.5555555555555554,0.039326783882630986
0.011111111111111113,3.3333333333333357,3.333333333333334,0.5555555555555554,0.039326783882630986
0.011111111111111113,3.3333333333333357,5.555555555555557,0.5555555555555554,0.039326783882630986
0.011111111111111113,3.3333333333333357,7.777777777777779,0.5555555555555554,0.039326783882630986
0.011111111111111113,3.3333333333333357,10.0,0.5555555555555554,0.039326783882630986
0.011111111111111113,10.0,-10.0,0.5555555555555554,-0.039326783882630986
0.011111111111111113,10.0,-7.777777777777778,0.5555555555555554,-0.039326783882630986
0.011111111111111113,10.0,-5.555555555555555,0.5555555555555554,-0.039326783882630986
0.011111111111111113,10.0,-3.333333333333333,0.5555555555555554,-0.039326783882630986
0.011111111111111113,10.0,-1.1111111111111107,0.5555555555555554,-0.039326783882630986
0.011111111111111113,10.0,1.1111111111111107,0.5555555555555554,0.039326783882630986
0.011111111111111113,10.0,3.333333333333334,0.5555555555555554,0.039326783882630986
0.011111111111111113,10.0,5.555555555555557,0.5555555555555554,0.039326783882630986
0.011111111111111113,10.0,7.777777777777779,0.5555555555555554,0.039326783882630986
0.011111111111111113,10.0,10.0,0.5555555555555554,0.039326783882630986
0.011111111111111113,16.66666666666667,-10.0,0.5555555555555554,-0.039326783882630986
0.011111111111111113,16.66666666666667,-7.777777777777778,0.5555555555555554,-0.039326783882630986
0.011111111111111113,16.66666666666667,-5.555555555555555,0.5555555555555554,-0.039326783882630986
0.011111111111111113,16.66666666666667,-3.333333333333333,0.5555555555555554,-0.039326783882630986
0.011111111111111113,16.66666666666667,-1.1111111111111107,0.5555555555555554,-0.039326783882630986
0.011111111111111113,16.66666666666667,1.1111111111111107,0.5555555555555554,0.039326783882630986
0.011111111111111113,16.66666666666667,3.333333333333334,0.5555555555555554,0.039326783882630986
0.011111111111111113,16.66666666666667,5.555555555555557,0.5555555555555554,0.039326783882630986
0.011111111111111113,16.66666666666667,7.777777777777779,0.5555555555555554,0.039326783882630986
0.011111111111111113,16.66666666666667,10.0,0.5555555555555554,0.039326783882630986
0.011111111111111113,23.333333333333336,-10.0,0.5555555555555554,-0.039326783882630986
0.011111111111111113,23.333333333333336,-7.777777777777778,0.5555555555555554,-0.039326783882630986
0.011111111111111113,23.333333333333336,-5.555555555555555,0.5555555555555554,-0.039326783882630986
0.011111111111111113,23.333333333333336,-3.333333333333333,0.5555555555555554,-0.039326783882630986
0.011111111111111113,23.333333333333336,-1.1111111111111107,0.5555555555555554,-0.039326783882630986
0.011111111111111113,23.333333333333336,1.1111111111111107,0.5555555555555554,0.039326783882630986
0.011111111111111113,23.333333333333336,3.333333333333334,0.5555555555555554,0.039326783882630986
0.011111111111111113,23.333333333333336,5.555555555555557,0.5555555555555554,0.039326783882630986
0.011111111111111113,23.333333333333336,7.777777777777779,0.5555555555555554,0.039326783882630986
0.011111111111111113,23.333333333333336,10.0,0.5555555555555554,0.039326783882630986
0.011111111111111113,30.0,-10.0,0.5555555555555554,-0.039326783882630986
0.011111111111111113,30.0,-7.777777777777778,0.5555555555555554,-0.039326783882630986
0.011111111111111113,30.0,-5.555555555555555,0.5555555555555554,-0.039326783882630986
0.011111111111111113,30.0,-3.333333333333333,0.5555555555555554,-0.039326783882630986
0.011111111111111113,30.0,-1.1111111111111107,0.5555555555555554,-0.039326783882630986
0.011111111111111113,30.0,1.1111111111111107,0.5555555555555554,0.039326783882630986
0.011111111111111113,30.0,3.333333333333334,0.5555555555555554,0.039326783882630986
0.011111111111111113,30.0,5.555555555555557,0.5555555555555554,0.039326783882630986
0.011111111111111113,30.0,7.777777777777779,0.5555555555555554,0.039326783882630986
0.011111111111111113,30.0,10.0,0.5555555555555554,0.039326783882630986
0.033333333333333326,-30.0,-10.0,0.5555555555555554,-0.0024715170816102814
0.033333333333333326,-30.0,-7.777777777777778,0.5555555555555554,-0.0024715170816102814
0.033333333333333326,-30.0,-5.555555555555555,0.5555555555555554,-0.0024715170816102814
0.033333333333333326,-30.0,-3.333333333333333,0.5555555555555554,-0.0024715170816102814
0.033333333333333326,-30.0,-1.1111111111111107,0.5555555555555554,-0.0024715170816102814
0.033333333333333326,-30.0,1.1111111111111107,0.5555555555555554,0.0024715170816102814
0.033333333333333326,-30.0,3.333333333333334,0.5555555555555554,0.0024715170816102814
0.033333333333333326,-30.0,5.555555555555557,0.5555555555555554,0.0024715170816102814
0.033333333333333326,-30.0,7.777777777777779,0.5555555555555554,0.0024715170816102814
0.033333333333333326,-30.0,10.0,0.5555555555555554,0.0024715170816102814
0.033333333333333326,-23.333333333333332,-10.0,0.5555555555555554,-0.0024715170816102814
0.033333333333333326,-23.333333333333332,-7.777777777777778,0.5555555555555554,-0.0024715170816102814
0.033333333333333326,-23.333333333333332,-5.555555555555555,0.5555555555555554,-0.0024715170816102814
0.033333333333333326,-23.333333333333332,-3.333333333333333,0.5555555555555554,-0.0024715170816102814
0.033333333333333326,-23.333333333333332,-1.1111111111111107,0.5555555555555554,-0.0024715170816102814
0.033333333333333326,-23.333333333333332,1.1111111111111107,0.5555555555555554,0.0024715170816102814
0.033333333333333326,-23.333333333333332,3.333333333333334,0.5555555555555554,0.0024715170816102814
0.033333333333333326,-23.333333333333332,5.555555555555557,0.5555555555555554,0.0024715170816102814
0.033333333333333326,-23.333333333333332,7.777777777777779,0.5555555555555554,0.0024715170816102814
0.033333333333333326,-23.333333333333332,10.0,0.5555555555555554,0.0024715170816102814
0.033333333333333326,-16.666666666666664,-10.0,0.5555555555555554,-0.0024715170816102814
0.033333333333333326,-16.666666666666664,-7.777777777777778,0.5555555555555554,-0.0024715170816102814
0.033333333333333326,-16.666666666666664,-5.555555555555555,0.5555555555555554,-0.0024715170816102814
0.033333333333333326,-16.666666666666664,-3.333333333333333,0.5555555555555554,-0.0024715170816102814
0.033333333333333326,-16.666666666666664,-1.1111111111111107,0.5555555555555554,-0.0024715170816102814
0.033333333333333326,-16.666666666666664,1.1111111111111107,0.5555555555555554,0.0024715170816102814
0.033333333333333326,-16.666666666666664,3.333333333333334,0.5555555555555554,0.0024715170816102814
0.033333333333333326,-16.666666666666664,5.555555555555557,0.5555555555555554,0.0024715170816102814
0.033333333333333326,-16.666666666666664,7.777777777777779,0.5555555555555554,0.0024715170816102814
0.033333333333333326,-16.666666666666664,10.0,0.5555555555555554,0.0024715170816102814
0.033333333333333326,-10.0,-10.0,0.5555555555555554,-0.0024715170816102814
0.033333333333333326,-10.0,-7.777777777777778,0.5555555555555554,-0.0024715170816102814
0.033333333333333326,-10.0,-5.555555555555555,0.5555555555555554,-0.0024715170816102814
0.033333333333333326,-10.0,-3.333333333333333,0.5555555555555554,-0.0024715170816102814
0.033333333333333326,-10.0,-1.1111111111111107,0.5555555555555554,-0.0024715170816102814
0.033333333333333326,-10.0,1.1111111111111107,0.5555555555555554,0.0024715170816102814
0.033333333333333326,-10.0,3.333333333333334,0.5555555555555554,0.0024715170816102814
0.033333333333333326,-10.0,5.555555555555557,0.5555555555555554,0.0024715170816102814
0.033333333333333326,-10.0,7.777777777777779,0.5555555555555554,0.0024715170816102814
0.033333333333333326,-10.0,10.0,0.5555555555555554,0.0024715170816102814
0.033333333333333326,-3.333333333333332,-10.0,0.5555555555555554,-0.0024715170816102814
0.033333333333333326,-3.333333333333332,-7.777777777777778,0.5555555555555554,-0.0024715170816102814
0.033333333333333326,-3.333333333333332,-5.555555555555555,0.5555555555555554,-0.0024715170816102814
0.033333333333333326,-3.333333333333332,-3.333333333333333,0.5555555555555554,-0.0024715170816102814
0.033333333333333326,-3.333333333333332,-1.1111111111111107,0.5555555555555554,-0.0024715170816102814
0.033333333333333326,-3.333333333333332,1.1111111111111107,0.5555555555555554,0.0024715170816102814
0.033333333333333326,-3.333333333333332,3.333333333333334,0.5555555555555554,0.0024715170816102814
0.033333333333333326,-3.333333333333332,5.555555555555557,0.5555555555555554,0.0024715170816102814
0.033333333333333326,-3.333333333333332,7.777777777777779,0.5555555555555554,0.0024715170816102814
0.033333333333333326,-3.333333333333332,10.0,0.5555555555555554,0.0024715170816102814
0.033333333333333326,3.3333333333333357,-10.0,0.5555555555555554,-0.0024715170816102814
0.033333333333333326,3.3333333333333357,-7.777777777777778,0.5555555555555554,-0.0024715170816102814
0.033333333333333326,3.3333333333333357,-5.555555555555555,0.5555555555555554,-0.0024715170816102814
0.033333333333333326,3.3333333333333357,-3.333333333333333,0.5555555555555554,-0.0024715170816102814
0.033333333333333326,3.3333333333333357,-1.1111111111111107,0.5555555555555554,-0.0024715170816102814
0.033333333333333326,3.3333333333333357,1.1111111111111107,0.5555555555555554,0.0024715170816102814
0.033333333333333326,3.3333333333333357,3.333333333333334,0.5555555555555554,0.0024715170816102814
0.033333333333333326,3.3333333333333357,5.555555555555557,0.5555555555555554,0.0024715170816102814
0.033333333333333326,3.3333333333333357,7.777777777777779,0.5555555555555554,0.0024715170816102814
0.033333333333333326,3.3333333333333357,10.0,0.5555555555555554,0.0024715170816102814
0.033333333333333326,10.0,-10.0,0.5555555555555554,-0.0024715170816102814
0.033333333333333326,10.0,-7.777777777777778,0.5555555555555554,-0.0024715170816102814
0.033333333333333326,10.0,-5.555555555555555,0.5555555555555554,-0.0024715170816102814
0.033333333333333326,10.0,-3.333333333333333,0.5555555555555554,-0.0024715170816102814
0.033333333333333326,10.0,-1.1111111111111107,0.5555555555555554,-0.0024715170816102814
0.033333333333333326,10.0,1.1111111111111107,0.5555555555555554,0.0024715170816102814
0.033333333333333326,10.0,3.333333333333334,0.5555555555555554,0.0024715170816102814
0.033333333333333326,10.0,5.555555555555557,0.5555555555555554,0.0024715170816102814
0.033333333333333326,10.0,7.777777777777779,0.5555555555555554,0.0024715170816102814
0.033333333333333326,10.0,10.0,0.5555555555555554,0.0024715170816102814
0.033333333333333326,16.66666666666667,-10.0,0.5555555555555554,-0.0024715170816102814
0.033333333333333326,16.66666666666667,-7.777777777777778,0.5555555555555554,-0.0024715170816102814
0.033333333333333326,16.66666666666667,-5.555555555555555,0.5555555555555554,-0.0024715170816102814
0.033333333333333326,16.66666666666667,-3.333333333333333,0.5555555555555554,-0.0024715170816102814
0.033333333333333326,16.66666666666667,-1.1111111111111107,0.5555555555555554,-0.0024715170816102814
0.033333333333333326,16.66666666666667,1.1111111111111107,0.5555555555555554,0.0024715170816102814
0.033333333333333326,16.66666666666667,3.333333333333334,0.5555555555555554,0.0024715170816102814
0.033333333333333326,16.66666666666667,5.555555555555557,0.5555555555555554,0.0024715170816102814
0.033333333333333326,16.66666666666667,7.777777777777779,0.5555555555555554,0.0024715170816102814
0.033333333333333326,16.66666666666667,10.0,0.5555555555555554,0.0024715170816102814
0.033333333333333326,23.333333333333336,-10.0,0.5555555555555554,-0.0024715170816102814
0.033333333333333326,23.333333333333336,-7.777777777777778,0.5555555555555554,-0.0024715170816102814
0.033333333333333326,23.333333333333336,-5.555555555555555,0.5555555555555554,-0.0024715170816102814
0.033333333333333326,23.333333333333336,-3.333333333333333,0.5555555555555554,-0.0024715170816102814
0.033333333333333326,23.333333333333336,-1.1111111111111107,0.5555555555555554,-0.0024715170816102814
0.033333333333333326,23.333333333333336,1.1111111111111107,0.5555555555555554,0.0024715170816102814
0.033333333333333326,23.333333333333336,3.333333333333334,0.5555555555555554,0.0024715170816102814
0.033333333333333326,23.333333333333336,5.555555555555557,0.5555555555555554,0.0024715170816102814
0.033333333333333326,23.333333333333336,7.777777777777779,0.5555555555555554,0.0024715170816102814
0.033333333333333326,23.333333333333336,10.0,0.5555555555555554,0.0024715170816102814
0.033333333333333326,30.0,-10.0,0.5555555555555554,-0.0024715170816102814
0.033333333333333326,30.0,-7.777777777777778,0.5555555555555554,-0.0024715170816102814
0.033333333333333326,30.0,-5.555555555555555,0.5555555555555554,-0.0024715170816102814
0.033333333333333326,30.0,-3.333333333333333,0.5555555555555554,-0.0024715170816102814
0.033333333333333326,30.0,-1.1111111111111107,0.5555555555555554,-0.0024715170816102814
0.033333333333333326,30.0,1.1111111111111107,0.5555555555555554,0.0024715170816102814
0.033333333333333326,30.0,3.333333333333334,0.5555555555555554,0.0024715170816102814
0.033333333333333326,30.0,5.555555555555557,0.5555555555555554,0.0024715170816102814
0.033333333333333326,30.0,7.777777777777779,0.5555555555555554,0.0024715170816102814
0.033333333333333326,30.0,10.0,0.5555555555555554,0.0024715170816102814
0.05555555555555555,-30.0,-10.0,0.5555555555555554,-0.00012878094390095905
0.05555555555555555,-30.0,-7.777777777777778,0.5555555555555554,-0.00012878094390095905
0.05555555555555555,-30.0,-5.555555555555555,0.5555555555555554,-0.00012878094390095905
0.05555555555555555,-30.0,-3.333333333333333,0.5555555555555554,-0.00012878094390095905
0.05555555555555555,-30.0,-1.1111111111111107,0.5555555555555554,-0.00012878094390095905
0.05555555555555555,-30.0,1.1111111111111107,0.5555555555555554,0.00012878094390095905
0.05555555555555555,-30.0,3.333333333333334,0.5555555555555554,0.00012878094390095905
0.05555555555555555,-30.0,5.555555555555557,0.5555555555555554,0.00012878094390095905
0.05555555555555555,-30.0,7.777777777777779,0.5555555555555554,0.00012878094390095905
0.05555555555555555,-30.0,10.0,0.5555555555555554,0.00012878094390095905
0.05555555555555555,-23.333333333333332,-10.0,0.5555555555555554,-0.00012878094390095905
0.05555555555555555,-23.333333333333332,-7.777777777777778,0.5555555555555554,-0.00012878094390095905
0.05555555555555555,-23.333333333333332,-5.555555555555555,0.5555555555555554,-0.00012878094390095905
0.05555555555555555,-23.333333333333332,-3.333333333333333,0.5555555555555554,-0.00012878094390095905
0.05555555555555555,-23.333333333333332,-1.1111111111111107,0.5555555555555554,-0.00012878094390095905
0.05555555555555555,-23.333333333333332,1.1111111111111107,0.5555555555555554,0.00012878094390095905
0.05555555555555555,-23.333333333333332,3.333333333333334,0.5555555555555554,0.00012878094390095905
0.05555555555555555,-23.333333333333332,5.555555555555557,0.5555555555555554,0.00012878094390095905
0.05555555555555555,-23.333333333333332,7.777777777777779,0.5555555555555554,0.00012878094390095905
0.05555555555555555,-23.333333333333332,10.0,0.5555555555555554,0.00012878094390095905
0.05555555555555555,-16.666666666666664,-10.0,0.5555555555555554,-0.00012878094390095905
0.05555555555555555,-16.666666666666664,-7.777777777777778,0.5555555555555554,-0.00012878094390095905
0.05555555555555555,-16.666666666666664,-5.555555555555555,0.5555555555555554,-0.00012878094390095905
0.05555555555555555,-16.666666666666664,-3.333333333333333,0.5555555555555554,-0.00012878094390095905
0.05555555555555555,-16.666666666666664,-1.1111111111111107,0.5555555555555554,-0.00012878094390095905
0.05555555555555555,-16.666666666666664,1.1111111111111107,0.5555555555555554,0.00012878094390095905
0.05555555555555555,-16.666666666666664,3.333333333333334,0.5555555555555554,0.00012878094390095905
0.05555555555555555,-16.666666666666664,5.555555555555557,0.5555555555555554,0.00012878094390095905
0.05555555555555555,-16.666666666666664,7.777777777777779,0.5555555555555554,0.00012878094390095905
0.05555555555555555,-16.666666666666664,10.0,0.5555555555555554,0.00012878094390095905
0.05555555555555555,-10.0,-10.0,0.5555555555555554,-0.00012878094390095905
0.05555555555555555,-10.0,-7.777777777777778,0.5555555555555554,-0.00012878094390095905
0.05555555555555555,-10.0,-5.555555555555555,0.5555555555555554,-0.00012878094390095905
0.05555555555555555,-10.0,-3.333333333333333,0.5555555555555554,-0.00012878094390095905
0.05555555555555555,-10.0,-1.1111111111111107,0.5555555555555554,-0.00012878094390095905
0.05555555555555555,-10.0,1.1111111111111107,0.5555555555555554,0.00012878094390095905
0.05555555555555555,-10.0,3.333333333333334,0.5555555555555554,0.00012878094390095905
0.05555555555555555,-10.0,5.555555555555557,0.5555555555555554,0.00012878094390095905
0.05555555555555555,-10.0,7.777777777777779,0.5555555555555554,0.00012878094390095905
0.05555555555555555,-10.0,10.0,0.5555555555555554,0.00012878094390095905
0.05555555555555555,-3.333333333333332,-10.0,0.5555555555555554,-0.00012878094390095905
0.05555555555555555,-3.333333333333332,-7.777777777777778,0.5555555555555554,-0.00012878094390095905
0.05555555555555555,-3.333333333333332,-5.555555555555555,0.5555555555555554,-0.00012878094390095905
0.05555555555555555,-3.333333333333332,-3.333333333333333,0.5555555555555554,-0.00012878094390095905
0.05555555555555555,-3.333333333333332,-1.1111111111111107,0.5555555555555554,-0.00012878094390095905
0.05555555555555555,-3.333333333333332,1.1111111111111107,0.5555555555555554,0.00012878094390095905
0.05555555555555555,-3.333333333333332,3.333333333333334,0.5555555555555554,0.00012878094390095905
0.05555555555555555,-3.333333333333332,5.555555555555557,0.5555555555555554,0.00012878094390095905
0.05555555555555555,-3.333333333333332,7.777777777777779,0.5555555555555554,0.00012878094390095905
0.05555555555555555,-3.333333333333332,10.0,0.5555555555555554,0.00012878094390095905
0.05555555555555555,3.3333333333333357,-10.0,0.5555555555555554,-0.00012878094390095905
0.05555555555555555,3.3333333333333357,-7.777777777777778,0.5555555555555554,-0.00012878094390095905
0.05555555555555555,3.3333333333333357,-5.555555555555555,0.5555555555555554,-0.00012878094390095905
0.05555555555555555,3.3333333333333357,-3.333333333333333,0.5555555555555554,-0.00012878094390095905
0.05555555555555555,3.3333333333333357,-1.1111111111111107,0.5555555555555554,-0.00012878094390095905
0.05555555555555555,3.3333333333333357,1.1111111111111107,0.5555555555555554,0.00012878094390095905
0.05555555555555555,3.3333333333333357,3.333333333333334,0.5555555555555554,0.00012878094390095905
0.05555555555555555,3.3333333333333357,5.555555555555557,0.5555555555555554,0.00012878094390095905
0.05555555555555555,3.3333333333333357,7.777777777777779,0.5555555555555554,0.00012878094390095905
0.05555555555555555,3.3333333333333357,10.0,0.5555555555555554,0.00012878094390095905
0.05555555555555555,10.0,-10.0,0.5555555555555554,-0.00012878094390095905
0.05555555555555555,10.0,-7.777777777777778,0.5555555555555554,-0.00012878094390095905
0.05555555555555555,10.0,-5.555555555555555,0.5555555555555554,-0.00012878094390095905
0.05555555555555555,10.0,-3.333333333333333,0.5555555555555554,-0.00012878094390095905
0.05555555555555555,10.0,-1.1111111111111107,0.5555555555555554,-0.00012878094390095905
0.05555555555555555,10.0,1.1111111111111107,0.5555555555555554,0.00012878094390095905
0.05555555555555555,10.0,3.333333333333334,0.5555555555555554,0.00012878094390095905
0.05555555555555555,10.0,5.555555555555557,0.5555555555555554,0.00012878094390095905
0.05555555555555555,10.0,7.777777777777779,0.5555555555555554,0.00012878094390095905
0.05555555555555555,10.0,10.0,0.5555555555555554,0.00012878094390095905
0.05555555555555555,16.66666666666667,-10.0,0.5555555555555554,-0.00012878094390095905
0.05555555555555555,16.66666666666667,-7.777777777777778,0.5555555555555554,-0.00012878094390095905
0.05555555555555555,16.66666666666667,-5.555555555555555,0.5555555555555554,-0.00012878094390095905
0.05555555555555555,16.66666666666667,-3.333333333333333,0.5555555555555554,-0.00012878094390095905
0.05555555555555555,16.66666666666667,-1.1111111111111107,0.5555555555555554,-0.00012878094390095905
0.05555555555555555,16.66666666666667,1.1111111111111107,0.5555555555555554,0.00012878094390095905
0.05555555555555555,16.66666666666667,3.333333333333334,0.5555555555555554,0.00012878094390095905
0.05555555555555555,16.66666666666667,5.555555555555557,0.5555555555555554,0.00012878094390095905
0.05555555555555555,16.66666666666667,7.777777777777779,0.5555555555555554,0.00012878094390095905
0.05555555555555555,16.66666666666667,10.0,0.5555555555555554,0.00012878094390095905
0.05555555555555555,23.333333333333336,-10.0,0.5555555555555554,-0.00012878094390095905
0.05555555555555555,23.333333333333336,-7.777777777777778,0.5555555555555554,-0.00012878094390095905
0.05555555555555555,23.333333333333336,-5.555555555555555,0.5555555555555554,-0.00012878094390095905
0.05555555555555555,23.333333333333336,-3.333333333333333,0.5555555555555554,-0.00012878094390095905
0.05555555555555555,23.333333333333336,-1.1111111111111107,0.5555555555555554,-0.00012878094390095905
0.05555555555555555,23.333333333333336,1.1111111111111107,0.5555555555555554,0.00012878094390095905
0.05555555555555555,23.333333333333336,3.333333333333334,0.5555555555555554,0.00012878094390095905
0.05555555555555555,23.333333333333336,5.555555555555557,0.5555555555555554,0.00012878094390095905
0.05555555555555555,23.333333333333336,7.777777777777779,0.5555555555555554,0.00012878094390095905
0.05555555555555555,23.333333333333336,10.0,0.5555555555555554,0.00012878094390095905
0.05555555555555555,30.0,-10.0,0.5555555555555554,-0.00012878094390095905
0.05555555555555555,30.0,-7.777777777777778,0.5555555555555554,-0.00012878094390095905
0.05555555555555555,30.0,-5.555555555555555,0.5555555555555554,-0.00012878094390095905
0.05555555555555555,30.0,-3.333333333333333,0.5555555555555554,-0.00012878094390095905
0.05555555555555555,30.0,-1.1111111111111107,0.5555555555555554,-0.00012878094390095905
0.05555555555555555,30.0,1.1111111111111107,0.5555555555555554,0.00012878094390095905
0.05555555555555555,30.0,3.333333333333334,0.5555555555555554,0.00012878094390095905
0.05555555555555555,30.0,5.555555555555557,0.5555555555555554,0.00012878094390095905
0.05555555555555555,30.0,7.777777777777779,0.5555555555555554,0.00012878094390095905
0.05555555555555555,30.0,10.0,0.5555555555555554,0.00012878094390095905
0.07777777777777778,-30.0,-10.0,0.5555555555555554,-0.0
0.07777777777777778,-30.0,-7.777777777777778,0.5555555555555554,-0.0
0.07777777777777778,-30.0,-5.555555555555555,0.5555555555555554,-0.0
0.07777777777777778,-30.0,-3.333333333333333,0.5555555555555554,-0.0
0.07777777777777778,-30.0,-1.1111111111111107,0.5555555555555554,-0.0
0.07777777777777778,-30.0,1.1111111111111107,0.5555555555555554,0.0
0.07777777777777778,-30.0,3.333333333333334,0.5555555555555554,0.0
0.07777777777777778,-30.0,5.555555555555557,0.5555555555555554,0.0
0.07777777777777778,-30.0,7.777777777777779,0.5555555555555554,0.0
0.07777777777777778,-30.0,10.0,0.5555555555555554,0.0
0.07777777777777778,-23.333333333333332,-10.0,0.5555555555555554,-0.0
0.07777777777777778,-23.333333333333332,-7.777777777777778,0.5555555555555554,-0.0
0.07777777777777778,-23.333333333333332,-5.555555555555555,0.5555555555555554,-0.0
0.07777777777777778,-23.333333333333332,-3.333333333333333,0.5555555555555554,-0.0
0.07777777777777778,-23.333333333333332,-1.1111111111111107,0.5555555555555554,-0.0
0.07777777777777778,-23.333333333333332,1.1111111111111107,0.5555555555555554,0.0
0.07777777777777778,-23.333333333333332,3.333333333333334,0.5555555555555554,0.0
0.07777777777777778,-23.333333333333332,5.555555555555557,0.5555555555555554,0.0
0.07777777777777778,-23.333333333333332,7.777777777777779,0.5555555555555554,0.0
0.07777777777777778,-23.333333333333332,10.0,0.5555555555555554,0.0
0.07777777777777778,-16.666666666666664,-10.0,0.5555555555555554,-0.0
0.07777777777777778,-16.666666666666664,-7.777777777777778,0.5555555555555554,-0.0
0.07777777777777778,-16.666666666666664,-5.555555555555555,0.5555555555555554,-0.0
0.07777777777777778,-16.666666666666664,-3.333333333333333,0.5555555555555554,-0.0
0.07777777777777778,-16.666666666666664,-1.1111111111111107,0.5555555555555554,-0.0
0.07777777777777778,-16.666666666666664,1.1111111111111107,0.5555555555555554,0.0
0.07777777777777778,-16.666666666666664,3.333333333333334,0.5555555555555554,0.0
0.07777777777777778,-16.666666666666664,5.555555555555557,0.5555555555555554,0.0
0.07777777777777778,-16.666666666666664,7.777777777777779,0.5555555555555554,0.0
0.07777777777777778,-16.666666666666664,10.0,0.5555555555555554,0.0
0.07777777777777778,-10.0,-10.0,0.5555555555555554,-0.0
0.07777777777777778,-10.0,-7.777777777777778,0.5555555555555554,-0.0
0.07777777777777778,-10.0,-5.555555555555555,0.5555555555555554,-0.0
0.07777777777777778,-10.0,-3.333333333333333,0.5555555555555554,-0.0
0.07777777777777778,-10.0,-1.1111111111111107,0.5555555555555554,-0.0
0.07777777777777778,-10.0,1.1111111111111107,0.5555555555555554,0.0
0.07777777777777778,-10.0,3.333333333333334,0.5555555555555554,0.0
0.07777777777777778,-10.0,5.555555555555557,0.5555555555555554,0.0
0.07777777777777778,-10.0,7.777777777777779,0.5555555555555554,0.0
0.07777777777777778,-10.0,10.0,0.5555555555555554,0.0
0.07777777777777778,-3.333333333333332,-10.0,0.5555555555555554,-0.0
0.07777777777777778,-3.333333333333332,-7.777777777777778,0.5555555555555554,-0.0
0.07777777777777778,-3.333333333333332,-5.555555555555555,0.5555555555555554,-0.0
0.07777777777777778,-3.333333333333332,-3.333333333333333,0.5555555555555554,-0.0
0.07777777777777778,-3.333333333333332,-1.1111111111111107,0.5555555555555554,-0.0
0.07777777777777778,-3.333333333333332,1.1111111111111107,0.5555555555555554,0.0
0.07777777777777778,-3.333333333333332,3.333333333333334,0.5555555555555554,0.0
0.07777777777777778,-3.333333333333332,5.555555555555557,0.5555555555555554,0.0
0.07777777777777778,-3.333333333333332,7.777777777777779,0.5555555555555554,0.0
0.07777777777777778,-3.333333333333332,10.0,0.5555555555555554,0.0
0.07777777777777778,3.3333333333333357,-10.0,0.5555555555555554,-0.0
0.07777777777777778,3.3333333333333357,-7.777777777777778,0.5555555555555554,-0.0
0.07777777777777778,3.3333333333333357,-5.555555555555555,0.5555555555555554,-0.0
0.07777777777777778,3.3333333333333357,-3.333333333333333,0.5555555555555554,-0.0
0.07777777777777778,3.3333333333333357,-1.1111111111111107,0.5555555555555554,-0.0
0.07777777777777778,3.3333333333333357,1.1111111111111107,0.5555555555555554,0.0
0.07777777777777778,3.3333333333333357,3.333333333333334,0.5555555555555554,0.0
0.07777777777777778,3.3333333333333357,5.555555555555557,0.5555555555555554,0.0
0.07777777777777778,3.3333333333333357,7.777777777777779,0.5555555555555554,0.0
0.07777777777777778,3.3333333333333357,10.0,0.5555555555555554,0.0
0.07777777777777778,10.0,-10.0,0.5555555555555554,-0.0
0.07777777777777778,10.0,-7.777777777777778,0.5555555555555554,-0.0
0.07777777777777778,10.0,-5.555555555555555,0.5555555555555554,-0.0
0.07777777777777778,10.0,-3.333333333333333,0.5555555555555554,-0.0
0.07777777777777778,10.0,-1.1111111111111107,0.5555555555555554,-0.0
0.07777777777777778,10.0,1.1111111111111107,0.5555555555555554,0.0
0.07777777777777778,10.0,3.333333333333334,0.5555555555555554,0.0
0.07777777777777778,10.0,5.555555555555557,0.5555555555555554,0.0
0.07777777777777778,10.0,7.777777777777779,0.5555555555555554,0.0
0.07777777777777778,10.0,10.0,0.5555555555555554,0.0
0.07777777777777778,16.66666666666667,-10.0,0.5555555555555554,-0.0
0.07777777777777778,16.66666666666667,-7.777777777777778,0.5555555555555554,-0.0
0.07777777777777778,16.66666666666667,-5.555555555555555,0.5555555555555554,-0.0
0.07777777777777778,16.66666666666667,-3.333333333333333,0.5555555555555554,-0.0
0.07777777777777778,16.66666666666667,-1.1111111111111107,0.5555555555555554,-0.0
0.07777777777777778,16.66666666666667,1.1111111111111107,0.5555555555555554,0.0
0.07777777777777778,16.66666666666667,3.333333333333334,0.5555555555555554,0.0
0.07777777777777778,16.66666666666667,5.555555555555557,0.5555555555555554,0.0
0.07777777777777778,16.66666666666667,7.777777777777779,0.5555555555555554,0.0
0.07777777777777778,16.66666666666667,10.0,0.5555555555555554,0.0
0.07777777777777778,23.333333333333336,-10.0,0.5555555555555554,-0.0
0.07777777777777778,23.333333333333336,-7.777777777777778,0.5555555555555554,-0.0
0.07777777777777778,23.333333333333336,-5.555555555555555,0.5555555555555554,-0.0
0.07777777777777778,23.333333333333336,-3.333333333333333,0.5555555555555554,-0.0
0.07777777777777778,23.333333333333336,-1.1111111111111107,0.5555555555555554,-0.0
0.07777777777777778,23.333333333333336,1.1111111111111107,0.5555555555555554,0.0
0.07777777777777778,23.333333333333336,3.333333333333334,0.5555555555555554,0.0
0.07777777777777778,23.333333333333336,5.555555555555557,0.5555555555555554,0.0
0.07777777777777778,23.333333333333336,7.777777777777779,0.5555555555555554,0.0
0.07777777777777778,23.333333333333336,10.0,0.5555555555555554,0.0
0.07777777777777778,30.0,-10.0,0.5555555555555554,-0.0
0.07777777777777778,30.0,-7.777777777777778,0.5555555555555554,-0.0
0.07777777777777778,30.0,-5.555555555555555,0.5555555555555554,-0.0
0.07777777777777778,30.0,-3.333333333333333,0.5555555555555554,-0.0
0.07777777777777778,30.0,-1.1111111111111107,0.5555555555555554,-0.0
0.07777777777777778,30.0,1.1111111111111107,0.5555555555555554,0.0
0.07777777777777778,30.0,3.333333333333334,0.5555555555555554,0.0
0.07777777777777778,30.0,5.555555555555557,0.5555555555555554,0.0
0.07777777777777778,30.0,7.777777777777779,0.5555555555555554,0.0
0.07777777777777778,30.0,10.0,0.5555555555555554,0.0
0.1,-30.0,-10.0,0.5555555555555554,-0.0
0.1,-30.0,-7.777777777777778,0.5555555555555554,-0.0
0.1,-30.0,-5.555555555555555,0.5555555555555554,-0.0
0.1,-30.0,-3.333333333333333,0.5555555555555554,-0.0
0.1,-30.0,-1.1111111111111107,0.5555555555555554,-0.0
0.1,-30.0,1.1111111111111107,0.5555555555555554,0.0
0.1,-30.0,3.333333333333334,0.5555555555555554,0.0
0.1,-30.0,5.555555555555557,0.5555555555555554,0.0
0.1,-30.0,7.777777777777779,0.5555555555555554,0.0
0.1,-30.0,10.0,0.5555555555555554,0.0
0.1,-23.333333333333332,-10.0,0.5555555555555554,-0.0
0.1,-23.333333333333332,-7.777777777777778,0.5555555555555554,-0.0
0.1,-23.333333333333332,-5.555555555555555,0.5555555555555554,-0.0
0.1,-23.333333333333332,-3.333333333333333,0.5555555555555554,-0.0
0.1,-23.333333333333332,-1.1111111111111107,0.5555555555555554,-0.0
0.1,-23.333333333333332,1.1111111111111107,0.5555555555555554,0.0
0.1,-23.333333333333332,3.333333333333334,0.5555555555555554,0.0
0.1,-23.333333333333332,5.555555555555557,0.5555555555555554,0.0
0.1,-23.333333333333332,7.777777777777779,0.5555555555555554,0.0
0.1,-23.333333333333332,10.0,0.5555555555555554,0.0
0.1,-16.666666666666664,-10.0,0.5555555555555554,-0.0
0.1,-16.666666666666664,-7.777777777777778,0.5555555555555554,-0.0
0.1,-16.666666666666664,-5.555555555555555,0.5555555555555554,-0.0
0.1,-16.666666666666664,-3.333333333333333,0.5555555555555554,-0.0
0.1,-16.666666666666664,-1.1111111111111107,0.5555555555555554,-0.0
0.1,-16.666666666666664,1.1111111111111107,0.5555555555555554,0.0
0.1,-16.666666666666664,3.333333333333334,0.5555555555555554,0.0
0.1,-16.666666666666664,5.555555555555557,0.5555555555555554,0.0
0.1,-16.666666666666664,7.777777777777779,0.5555555555555554,0.0
0.1,-16.666666666666664,10.0,0.5555555555555554,0.0
0.1,-10.0,-10.0,0.5555555555555554,-0.0
0.1,-10.0,-7.777777777777778,0.5555555555555554,-0.0
0.1,-10.0,-5.555555555555555,0.5555555555555554,-0.0
0.1,-10.0,-3.333333333333333,0.5555555555555554,-0.0
0.1,-10.0,-1.1111111111111107,0.5555555555555554,-0.0
0.1,-10.0,1.1111111111111107,0.5555555555555554,0.0
0.1,-10.0,3.333333333333334,0.5555555555555554,0.0
0.1,-10.0,5.555555555555557,0.5555555555555554,0.0
0.1,-10.0,7.777777777777779,0.5555555555555554,0.0
0.1,-10.0,10.0,0.5555555555555554,0.0
0.1,-3.333333333333332,-10.0,0.5555555555555554,-0.0
0.1,-3.333333333333332,-7.777777777777778,0.5555555555555554,-0.0
0.1,-3.333333333333332,-5.555555555555555,0.5555555555555554,-0.0
0.1,-3.333333333333332,-3.333333333333333,0.5555555555555554,-0.0
0.1,-3.333333333333332,-1.1111111111111107,0.5555555555555554,-0.0
0.1,-3.333333333333332,1.1111111111111107,0.5555555555555554,0.0
0.1,-3.333333333333332,3.333333333333334,0.5555555555555554,0.0
0.1,-3.333333333333332,5.555555555555557,0.5555555555555554,0.0
0.1,-3.333333333333332,7.777777777777779,0.5555555555555554,0.0
0.1,-3.333333333333332,10.0,0.5555555555555554,0.0
0.1,3.3333333333333357,-10.0,0.5555555555555554,-0.0
0.1,3.3333333333333357,-7.777777777777778,0.5555555555555554,-0.0
0.1,3.3333333333333357,-5.555555555555555,0.5555555555555554,-0.0
0.1,3.3333333333333357,-3.333333333333333,0.5555555555555554,-0.0
0.1,3.3333333333333357,-1.1111111111111107,0.5555555555555554,-0.0
0.1,3.3333333333333357,1.1111111111111107,0.5555555555555554,0.0
0.1,3.3333333333333357,3.333333333333334,0.5555555555555554,0.0
0.1,3.3333333333333357,5.555555555555557,0.5555555555555554,0.0
0.1,3.3333333333333357,7.777777777777779,0.5555555555555554,0.0
0.1,3.3333333333333357,10.0,0.5555555555555554,0.0
0.1,10.0,-10.0,0.5555555555555554,-0.0
0.1,10.0,-7.777777777777778,0.5555555555555554,-0.0
0.1,10.0,-5.555555555555555,0.5555555555555554,-0.0
0.1,10.0,-3.333333333333333,0.5555555555555554,-0.0
0.1,10.0,-1.1111111111111107,0.5555555555555554,-0.0
0.1,10.0,1.1111111111111107,0.5555555555555554,0.0
0.1,10.0,3.333333333333334,0.5555555555555554,0.0
0.1,10.0,5.555555555555557,0.5555555555555554,0.0
0.1,10.0,7.777777777777779,0.5555555555555554,0.0
0.1,10.0,10.0,0.5555555555555554,0.0
0.1,16.66666666666667,-10.0,0.5555555555555554,-0.0
0.1,16.66666666666667,-7.777777777777778,0.5555555555555554,-0.0
0.1,16.66666666666667,-5.555555555555555,0.5555555555555554,-0.0
0.1,16.66666666666667,-3.333333333333333,0.5555555555555554,-0.0
0.1,16.66666666666667,-1.1111111111111107,0.5555555555555554,-0.0
0.1,16.66666666666667,1.1111111111111107,0.5555555555555554,0.0
0.1,16.66666666666667,3.333333333333334,0.5555555555555554,0.0
0.1,16.66666666666667,5.555555555555557,0.5555555555555554,0.0
0.1,16.66666666666667,7.777777777777779,0.5555555555555554,0.0
0.1,16.66666666666667,10.0,0.5555555555555554,0.0
0.1,23.333333333333336,-10.0,0.5555555555555554,-0.0
0.1,23.333333333333336,-7.777777777777778,0.5555555555555554,-0.0
0.1,23.333333333333336,-5.555555555555555,0.5555555555555554,-0.0
0.1,23.333333333333336,-3.333333333333333,0.5555555555555554,-0.0
0.1,23.333333333333336,-1.1111111111111107,0.5555555555555554,-0.0
0.1,23.333333333333336,1.1111111111111107,0.5555555555555554,0.0
0.1,23.333333333333336,3.333333333333334,0.5555555555555554,0.0
0.1,23.333333333333336,5.555555555555557,0.5555555555555554,0.0
0.1,23.333333333333336,7.777777777777779,0.5555555555555554,0.0
0.1,23.333333333333336,10.0,0.5555555555555554,0.0
0.1,30.0,-10.0,0.5555555555555554,-0.0
0.1,30.0,-7.777777777777778,0.5555555555555554,-0.0
0.1,30.0,-5.555555555555555,0.5555555555555554,-0.0
0.1,30.0,-3.333333333333333,0.5555555555555554,-0.0
0.1,30.0,-1.1111111111111107,0.5555555555555554,-0.0
0.1,30.0,1.1111111111111107,0.5555555555555554,0.0
0.1,30.0,3.333333333333334,0.5555555555555554,0.0
0.1,30.0,5.555555555555557,0.5555555555555554,0.0
0.1,30.0,7.777777777777779,0.5555555555555554,0.0
0.1,30.0,10.0,0.5555555555555554,0.0
-0.1,-30.0,-10.0,0.7777777777777777,-0.0
-0.1,-30.0,-7.777777777777778,0.7777777777777777,-0.0
-0.1,-30.0,-5.555555555555555,0.7777777777777777,-0.0
-0.1,-30.0,-3.333333333333333,0.7777777777777777,-0.0
-0.1,-30.0,-1.1111111111111107,0.7777777777777777,-0.0
-0.1,-30.0,1.1111111111111107,0.7777777777777777,0.0
-0.1,-30.0,3.333333333333334,0.7777777777777777,0.0
-0.1,-30.0,5.555555555555557,0.7777777777777777,0.0
-0.1,-30.0,7.777777777777779,0.7777777777777777,0.0
-0.1,-30.0,10.0,0.7777777777777777,0.0
-0.1,-23.333333333333332,-10.0,0.7777777777777777,-0.0
-0.1,-23.333333333333332,-7.777777777777778,0.7777777777777777,-0.0
-0.1,-23.333333333333332,-5.555555555555555,0.7777777777777777,-0.0
-0.1,-23.333333333333332,-3.333333333333333,0.7777777777777777,-0.0
-0.1,-23.333333333333332,-1.1111111111111107,0.7777777777777777,-0.0
-0.1,-23.333333333333332,1.1111111111111107,0.7777777777777777,0.0
-0.1,-23.333333333333332,3.333333333333334,0.7777777777777777,0.0
-0.1,-23.333333333333332,5.555555555555557,0.7777777777777777,0.0
-0.1,-23.333333333333332,7.777777777777779,0.7777777777777777,0.0
-0.1,-23.333333333333332,10.0,0.7777777777777777,0.0
-0.1,-16.666666666666664,-10.0,0.7777777777777777,-0.0
-0.1,-16.666666666666664,-7.777777777777778,0.7777777777777777,-0.0
-0.1,-16.666666666666664,-5.555555555555555,0.7777777777777777,-0.0
-0.1,-16.666666666666664,-3.333333333333333,0.7777777777777777,-0.0
-0.1,-16.666666666666664,-1.1111111111111107,0.7777777777777777,-0.0
-0.1,-16.666666666666664,1.1111111111111107,0.7777777777777777,0.0
-0.1,-16.666666666666664,3.333333333333334,0.7777777777777777,0.0
-0.1,-16.666666666666664,5.555555555555557,0.7777777777777777,0.0
-0.1,-16.666666666666664,7.777777777777779,0.7777777777777777,0.0
-0.1,-16.666666666666664,10.0,0.7777777777777777,0.0
-0.1,-10.0,-10.0,0.7777777777777777,-0.0
-0.1,-10.0,-7.777777777777778,0.7777777777777777,-0.0
-0.1,-10.0,-5.555555555555555,0.7777777777777777,-0.0
-0.1,-10.0,-3.333333333333333,0.7777777777777777,-0.0
-0.1,-10.0,-1.1111111111111107,0.7777777777777777,-0.0
-0.1,-10.0,1.1111111111111107,0.7777777777777777,0.0
-0.1,-10.0,3.333333333333334,0.7777777777777777,0.0
-0.1,-10.0,5.555555555555557,0.7777777777777777,0.0
-0.1,-10.0,7.777777777777779,0.7777777777777777,0.0
-0.1,-10.0,10.0,0.7777777777777777,0.0
-0.1,-3.333333333333332,-10.0,0.7777777777777777,-0.0
-0.1,-3.333333333333332,-7.777777777777778,0.7777777777777777,-0.0
-0.1,-3.333333333333332,-5.555555555555555,0.7777777777777777,-0.0
-0.1,-3.333333333333332,-3.333333333333333,0.7777777777777777,-0.0
-0.1,-3.333333333333332,-1.1111111111111107,0.7777777777777777,-0.0
-0.1,-3.333333333333332,1.1111111111111107,0.7777777777777777,0.0
-0.1,-3.333333333333332,3.333333333333334,0.7777777777777777,0.0
-0.1,-3.333333333333332,5.555555555555557,0.7777777777777777,0.0
-0.1,-3.333333333333332,7.777777777777779,0.7777777777777777,0.0
-0.1,-3.333333333333332,10.0,0.7777777777777777,0.0
-0.1,3.3333333333333357,-10.0,0.7777777777777777,-0.0
-0.1,3.3333333333333357,-7.777777777777778,0.7777777777777777,-0.0
-0.1,3.3333333333333357,-5.555555555555555,0.7777777777777777,-0.0
-0.1,3.3333333333333357,-3.333333333333333,0.7777777777777777,-0.0
-0.1,3.3333333333333357,-1.1111111111111107,0.7777777777777777,-0.0
-0.1,3.3333333333333357,1.1111111111111107,0.7777777777777777,0.0
-0.1,3.3333333333333357,3.333333333333334,0.7777777777777777,0.0
-0.1,3.3333333333333357,5.555555555555557,0.7777777777777777,0.0
-0.1,3.3333333333333357,7.777777777777779,0.7777777777777777,0.0
-0.1,3.3333333333333357,10.0,0.7777777777777777,0.0
-0.1,10.0,-10.0,0.7777777777777777,-0.0
-0.1,10.0,-7.777777777777778,0.7777777777777777,-0.0
-0.1,10.0,-5.555555555555555,0.7777777777777777,-0.0
-0.1,10.0,-3.333333333333333,0.7777777777777777,-0.0
-0.1,10.0,-1.1111111111111107,0.7777777777777777,-0.0
-0.1,10.0,1.1111111111111107,0.7777777777777777,0.0
-0.1,10.0,3.333333333333334,0.7777777777777777,0.0
-0.1,10.0,5.555555555555557,0.7777777777777777,0.0
-0.1,10.0,7.777777777777779,0.7777777777777777,0.0
-0.1,10.0,10.0,0.7777777777777777,0.0
-0.1,16.66666666666667,-10.0,0.7777777777777777,-0.0
-0.1,16.66666666666667,-7.777777777777778,0.7777777777777777,-0.0
-0.1,16.66666666666667,-5.555555555555555,0.7777777777777777,-0.0
-0.1,16.66666666666667,-3.333333333333333,0.7777777777777777,-0.0
-0.1,16.66666666666667,-1.1111111111111107,0.7777777777777777,-0.0
-0.1,16.66666666666667,1.1111111111111107,0.7777777777777777,0.0
-0.1,16.66666666666667,3.333333333333334,0.7777777777777777,0.0
-0.1,16.66666666666667,5.555555555555557,0.7777777777777777,0.0
-0.1,16.66666666666667,7.777777777777779,0.7777777777777777,0.0
-0.1,16.66666666666667,10.0,0.7777777777777777,0.0
-0.1,23.333333333333336,-10.0,0.7777777777777777,-0.0
-0.1,23.333333333333336,-7.777777777777778,0.7777777777777777,-0.0
-0.1,23.333333333333336,-5.555555555555555,0.7777777777777777,-0.0
-0.1,23.333333333333336,-3.333333333333333,0.7777777777777777,-0.0
-0.1,23.333333333333336,-1.1111111111111107,0.7777777777777777,-0.0
-0.1,23.333333333333336,1.1111111111111107,0.7777777777777777,0.0
-0.1,23.333333333333336,3.333333333333334,0.7777777777777777,0.0
-0.1,23.333333333333336,5.555555555555557,0.7777777777777777,0.0
-0.1,23.333333333333336,7.777777777777779,0.7777777777777777,0.0
-0.1,23.333333333333336,10.0,0.7777777777777777,0.0
-0.1,30.0,-10.0,0.7777777777777777,-0.0
-0.1,30.0,-7.777777777777778,0.7777777777777777,-0.0
-0.1,30.0,-5.555555555555555,0.7777777777777777,-0.0
-0.1,30.0,-3.333333333333333,0.7777777777777777,-0.0
-0.1,30.0,-1.1111111111111107,0.7777777777777777,-0.0
-0.1,30.0,1.1111111111111107,0.7777777777777777,0.0
-0.1,30.0,3.333333333333334,0.7777777777777777,0.0
-0.1,30.0,5.555555555555557,0.7777777777777777,0.0
-0.1,30.0,7.777777777777779,0.7777777777777777,0.0
-0.1,30.0,10.0,0.7777777777777777,0.0
-0.07777777777777778,-30.0,-10.0,0.7777777777777777,-0.0
-0.07777777777777778,-30.0,-7.777777777777778,0.7777777777777777,-0.0
-0.07777777777777778,-30.0,-5.555555555555555,0.7777777777777777,-0.0
-0.07777777777777778,-30.0,-3.333333333333333,0.7777777777777777,-0.0
-0.07777777777777778,-30.0,-1.1111111111111107,0.7777777777777777,-0.0
-0.07777777777777778,-30.0,1.1111111111111107,0.7777777777777777,0.0
-0.07777777777777778,-30.0,3.333333333333334,0.7777777777777777,0.0
-0.07777777777777778,-30.0,5.555555555555557,0.7777777777777777,0.0
-0.07777777777777778,-30.0,7.777777777777779,0.7777777777777777,0.0
-0.07777777777777778,-30.0,10.0,0.7777777777777777,0.0
-0.07777777777777778,-23.333333333333332,-10.0,0.7777777777777777,-0.0
-0.07777777777777778,-23.333333333333332,-7.777777777777778,0.7777777777777777,-0.0
-0.07777777777777778,-23.333333333333332,-5.555555555555555,0.7777777777777777,-0.0
-0.07777777777777778,-23.333333333333332,-3.333333333333333,0.7777777777777777,-0.0
-0.07777777777777778,-23.333333333333332,-1.1111111111111107,0.7777777777777777,-0.0
-0.07777777777777778,-23.333333333333332,1.1111111111111107,0.7777777777777777,0.0
-0.07777777777777778,-23.333333333333332,3.333333333333334,0.7777777777777777,0.0
-0.07777777777777778,-23.333333333333332,5.555555555555557,0.7777777777777777,0.0
-0.07777777777777778,-23.333333333333332,7.777777777777779,0.7777777777777777,0.0
-0.07777777777777778,-23.333333333333332,10.0,0.7777777777777777,0.0
-0.07777777777777778,-16.666666666666664,-10.0,0.7777777777777777,-0.0
-0.07777777777777778,-16.666666666666664,-7.777777777777778,0.7777777777777777,-0.0
-0.07777777777777778,-16.666666666666664,-5.555555555555555,0.7777777777777777,-0.0
-0.07777777777777778,-16.666666666666664,-3.333333333333333,0.7777777777777777,-0.0
-0.07777777777777778,-16.666666666666664,-1.1111111111111107,0.7777777777777777,-0.0
-0.07777777777777778,-16.666666666666664,1.1111111111111107,0.7777777777777777,0.0
-0.07777777777777778,-16.666666666666664,3.333333333333334,0.7777777777777777,0.0
-0.07777777777777778,-16.666666666666664,5.555555555555557,0.7777777777777777,0.0
-0.07777777777777778,-16.666666666666664,7.777777777777779,0.7777777777777777,0.0
-0.07777777777777778,-16.666666666666664,10.0,0.7777777777777777,0.0
-0.07777777777777778,-10.0,-10.0,0.7777777777777777,-0.0
-0.07777777777777778,-10.0,-7.777777777777778,0.7777777777777777,-0.0
-0.07777777777777778,-10.0,-5.555555555555555,0.7777777777777777,-0.0
-0.07777777777777778,-10.0,-3.333333333333333,0.7777777777777777,-0.0
-0.07777777777777778,-10.0,-1.1111111111111107,0.7777777777777777,-0.0
-0.07777777777777778,-10.0,1.1111111111111107,0.7777777777777777,0.0
-0.07777777777777778,-10.0,3.333333333333334,0.7777777777777777,0.0
-0.07777777777777778,-10.0,5.555555555555557,0.7777777777777777,0.0
-0.07777777777777778,-10.0,7.777777777777779,0.7777777777777777,0.0
-0.07777777777777778,-10.0,10.0,0.7777777777777777,0.0
-0.07777777777777778,-3.333333333333332,-10.0,0.7777777777777777,-0.0
-0.07777777777777778,-3.333333333333332,-7.777777777777778,0.7777777777777777,-0.0
-0.07777777777777778,-3.333333333333332,-5.555555555555555,0.7777777777777777,-0.0
-0.07777777777777778,-3.333333333333332,-3.333333333333333,0.7777777777777777,-0.0
-0.07777777777777778,-3.333333333333332,-1.1111111111111107,0.7777777777777777,-0.0
-0.07777777777777778,-3.333333333333332,1.1111111111111107,0.7777777777777777,0.0
-0.07777777777777778,-3.333333333333332,3.333333333333334,0.7777777777777777,0.0
-0.07777777777777778,-3.333333333333332,5.555555555555557,0.7777777777777777,0.0
-0.07777777777777778,-3.333333333333332,7.777777777777779,0.7777777777777777,0.0
-0.07777777777777778,-3.333333333333332,10.0,0.7777777777777777,0.0
-0.07777777777777778,3.3333333333333357,-10.0,0.7777777777777777,-0.0
-0.07777777777777778,3.3333333333333357,-7.777777777777778,0.7777777777777777,-0.0
-0.07777777777777778,3.3333333333333357,-5.555555555555555,0.7777777777777777,-0.0
-0.07777777777777778,3.3333333333333357,-3.333333333333333,0.7777777777777777,-0.0
-0.07777777777777778,3.3333333333333357,-1.1111111111111107,0.7777777777777777,-0.0
-0.07777777777777778,3.3333333333333357,1.1111111111111107,0.7777777777777777,0.0
-0.07777777777777778,3.3333333333333357,3.333333333333334,0.7777777777777777,0.0
-0.07777777777777778,3.3333333333333357,5.555555555555557,0.7777777777777777,0.0
-0.07777777777777778,3.3333333333333357,7.777777777777779,0.7777777777777777,0.0
-0.07777777777777778,3.3333333333333357,10.0,0.7777777777777777,0.0
-0.07777777777777778,10.0,-10.0,0.7777777777777777,-0.0
-0.07777777777777778,10.0,-7.777777777777778,0.7777777777777777,-0.0
-0.07777777777777778,10.0,-5.555555555555555,0.7777777777777777,-0.0
-0.07777777777777778,10.0,-3.333333333333333,0.7777777777777777,-0.0
-0.07777777777777778,10.0,-1.1111111111111107,0.7777777777777777,-0.0
-0.07777777777777778,10.0,1.1111111111111107,0.7777777777777777,0.0
-0.07777777777777778,10.0,3.333333333333334,0.7777777777777777,0.0
-0.07777777777777778,10.0,5.555555555555557,0.7777777777777777,0.0
-0.07777777777777778,10.0,7.777777777777779,0.7777777777777777,0.0
-0.07777777777777778,10.0,10.0,0.7777777777777777,0.0
-0.07777777777777778,16.66666666666667,-10.0,0.7777777777777777,-0.0
-0.07777777777777778,16.66666666666667,-7.777777777777778,0.7777777777777777,-0.0
-0.07777777777777778,16.66666666666667,-5.555555555555555,0.7777777777777777,-0.0
-0.07777777777777778,16.66666666666667,-3.333333333333333,0.7777777777777777,-0.0
-0.07777777777777778,16.66666666666667,-1.1111111111111107,0.7777777777777777,-0.0
-0.07777777777777778,16.66666666666667,1.1111111111111107,0.7777777777777777,0.0
-0.07777777777777778,16.66666666666667,3.333333333333334,0.7777777777777777,0.0
-0.07777777777777778,16.66666666666667,5.555555555555557,0.7777777777777777,0.0
-0.07777777777777778,16.66666666666667,7.777777777777779,0.7777777777777777,0.0
-0.07777777777777778,16.66666666666667,10.0,0.7777777777777777,0.0
-0.07777777777777778,23.333333333333336,-10.0,0.7777777777777777,-0.0
-0.07777777777777778,23.333333333333336,-7.777777777777778,0.7777777777777777,-0.0
-0.07777777777777778,23.333333333333336,-5.555555555555555,0.7777777777777777,-0.0
-0.07777777777777778,23.333333333333336,-3.333333333333333,0.7777777777777777,-0.0
-0.07777777777777778,23.333333333333336,-1.1111111111111107,0.7777777777777777,-0.0
-0.07777777777777778,23.333333333333336,1.1111111111111107,0.7777777777777777,0.0
-0.07777777777777778,23.333333333333336,3.333333333333334,0.7777777777777777,0.0
-0.07777777777777778,23.333333333333336,5.555555555555557,0.7777777777777777,0.0
-0.07777777777777778,23.333333333333336,7.777777777777779,0.7777777777777777,0.0
-0.07777777777777778,23.333333333333336,10.0,0.7777777777777777,0.0
-0.07777777777777778,30.0,-10.0,0.7777777777777777,-0.0
-0.07777777777777778,30.0,-7.777777777777778,0.7777777777777777,-0.0
-0.07777777777777778,30.0,-5.555555555555555,0.7777777777777777,-0.0
-0.07777777777777778,30.0,-3.333333333333333,0.7777777777777777,-0.0
-0.07777777777777778,30.0,-1.1111111111111107,0.7777777777777777,-0.0
-0.07777777777777778,30.0,1.1111111111111107,0.7777777777777777,0.0
-0.07777777777777778,30.0,3.333333333333334,0.7777777777777777,0.0
-0.07777777777777778,30.0,5.555555555555557,0.7777777777777777,0.0
-0.07777777777777778,30.0,7.777777777777779,0.7777777777777777,0.0
-0.07777777777777778,30.0,10.0,0.7777777777777777,0.0
-0.05555555555555556,-30.0,-10.0,0.7777777777777777,-0.00014170480679148606
-0.05555555555555556,-30.0,-7.777777777777778,0.7777777777777777,-0.00014170480679148606
-0.05555555555555556,-30.0,-5.555555555555555,0.7777777777777777,-0.00014170480679148606
-0.05555555555555556,-30.0,-3.333333333333333,0.7777777777777777,-0.00014170480679148606
-0.05555555555555556,-30.0,-1.1111111111111107,0.7777777777777777,-0.00014170480679148606
-0.05555555555555556,-30.0,1.1111111111111107,0.7777777777777777,0.00014170480679148606
-0.05555555555555556,-30.0,3.333333333333334,0.7777777777777777,0.00014170480679148606
-0.05555555555555556,-30.0,5.555555555555557,0.7777777777777777,0.00014170480679148606
-0.05555555555555556,-30.0,7.777777777777779,0.7777777777777777,0.00014170480679148606
-0.05555555555555556,-30.0,10.0,0.7777777777777777,0.00014170480679148606
-0.05555555555555556,-23.333333333333332,-10.0,0.7777777777777777,-0.00014170480679148606
-0.05555555555555556,-23.333333333333332,-7.777777777777778,0.7777777777777777,-0.00014170480679148606
-0.05555555555555556,-23.333333333333332,-5.555555555555555,0.7777777777777777,-0.00014170480679148606
-0.05555555555555556,-23.333333333333332,-3.333333333333333,0.7777777777777777,-0.00014170480679148606
-0.05555555555555556,-23.333333333333332,-1.1111111111111107,0.7777777777777777,-0.00014170480679148606
-0.05555555555555556,-23.333333333333332,1.1111111111111107,0.7777777777777777,0.00014170480679148606
-0.05555555555555556,-23.333333333333332,3.333333333333334,0.7777777777777777,0.00014170480679148606
-0.05555555555555556,-23.333333333333332,5.555555555555557,0.7777777777777777,0.00014170480679148606
-0.05555555555555556,-23.333333333333332,7.777777777777779,0.7777777777777777,0.00014170480679148606
-0.05555555555555556,-23.333333333333332,10.0,0.7777777777777777,0.00014170480679148606
-0.05555555555555556,-16.666666666666664,-10.0,0.7777777777777777,-0.00014170480679148606
-0.05555555555555556,-16.666666666666664,-7.777777777777778,0.7777777777777777,-0.00014170480679148606
-0.05555555555555556,-16.666666666666664,-5.555555555555555,0.7777777777777777,-0.00014170480679148606
-0.05555555555555556,-16.666666666666664,-3.333333333333333,0.7777777777777777,-0.00014170480679148606
-0.05555555555555556,-16.666666666666664,-1.1111111111111107,0.7777777777777777,-0.00014170480679148606
-0.05555555555555556,-16.666666666666664,1.1111111111111107,0.7777777777777777,0.00014170480679148606
-0.05555555555555556,-16.666666666666664,3.333333333333334,0.7777777777777777,0.00014170480679148606
-0.05555555555555556,-16.666666666666664,5.555555555555557,0.7777777777777777,0.00014170480679148606
-0.05555555555555556,-16.666666666666664,7.777777777777779,0.7777777777777777,0.00014170480679148606
-0.05555555555555556,-16.666666666666664,10.0,0.7777777777777777,0.00014170480679148606
-0.05555555555555556,-10.0,-10.0,0.7777777777777777,-0.00014170480679148606
-0.05555555555555556,-10.0,-7.777777777777778,0.7777777777777777,-0.00014170480679148606
-0.05555555555555556,-10.0,-5.555555555555555,0.7777777777777777,-0.00014170480679148606
-0.05555555555555556,-10.0,-3.333333333333333,0.7777777777777777,-0.00014170480679148606
-0.05555555555555556,-10.0,-1.1111111111111107,0.7777777777777777,-0.00014170480679148606
-0.05555555555555556,-10.0,1.1111111111111107,0.7777777777777777,0.00014170480679148606
-0.05555555555555556,-10.0,3.333333333333334,0.7777777777777777,0.00014170480679148606
-0.05555555555555556,-10.0,5.555555555555557,0.7777777777777777,0.00014170480679148606
-0.05555555555555556,-10.0,7.777777777777779,0.7777777777777777,0.00014170480679148606
-0.05555555555555556,-10.0,10.0,0.7777777777777777,0.00014170480679148606
-0.05555555555555556,-3.333333333333332,-10.0,0.7777777777777777,-0.00014170480679148606
-0.05555555555555556,-3.333333333333332,-7.777777777777778,0.7777777777777777,-0.00014170480679148606
-0.05555555555555556,-3.333333333333332,-5.555555555555555,0.7777777777777777,-0.00014170480679148606
-0.05555555555555556,-3.333333333333332,-3.333333333333333,0.7777777777777777,-0.00014170480679148606
-0.05555555555555556,-3.333333333333332,-1.1111111111111107,0.7777777777777777,-0.00014170480679148606
-0.05555555555555556,-3.333333333333332,1.1111111111111107,0.7777777777777777,0.00014170480679148606
-0.05555555555555556,-3.333333333333332,3.333333333333334,0.7777777777777777,0.00014170480679148606
-0.05555555555555556,-3.333333333333332,5.555555555555557,0.7777777777777777,0.00014170480679148606
-0.05555555555555556,-3.333333333333332,7.777777777777779,0.7777777777777777,0.00014170480679148606
-0.05555555555555556,-3.333333333333332,10.0,0.7777777777777777,0.00014170480679148606
-0.05555555555555556,3.3333333333333357,-10.0,0.7777777777777777,-0.00014170480679148606
-0.05555555555555556,3.3333333333333357,-7.777777777777778,0.7777777777777777,-0.00014170480679148606
-0.05555555555555556,3.3333333333333357,-5.555555555555555,0.7777777777777777,-0.00014170480679148606
-0.05555555555555556,3.3333333333333357,-3.333333333333333,0.7777777777777777,-0.00014170480679148606
-0.05555555555555556,3.3333333333333357,-1.1111111111111107,0.7777777777777777,-0.00014170480679148606
-0.05555555555555556,3.3333333333333357,1.1111111111111107,0.7777777777777777,0.00014170480679148606
-0.05555555555555556,3.3333333333333357,3.333333333333334,0.7777777777777777,0.00014170480679148606
-0.05555555555555556,3.3333333333333357,5.555555555555557,0.7777777777777777,0.00014170480679148606
-0.05555555555555556,3.3333333333333357,7.777777777777779,0.7777777777777777,0.00014170480679148606
-0.05555555555555556,3.3333333333333357,10.0,0.7777777777777777,0.00014170480679148606
-0.05555555555555556,10.0,-10.0,0.7777777777777777,-0.00014170480679148606
-0.05555555555555556,10.0,-7.777777777777778,0.7777777777777777,-0.00014170480679148606
-0.05555555555555556,10.0,-5.555555555555555,0.7777777777777777,-0.00014170480679148606
-0.05555555555555556,10.0,-3.333333333333333,0.7777777777777777,-0.00014170480679148606
-0.05555555555555556,10.0,-1.1111111111111107,0.7777777777777777,-0.00014170480679148606
-0.05555555555555556,10.0,1.1111111111111107,0.7777777777777777,0.00014170480679148606
-0.05555555555555556,10.0,3.333333333333334,0.7777777777777777,0.00014170480679148606
-0.05555555555555556,10.0,5.555555555555557,0.7777777777777777,0.00014170480679148606
-0.05555555555555556,10.0,7.777777777777779,0.7777777777777777,0.00014170480679148606
-0.05555555555555556,10.0,10.0,0.7777777777777777,0.00014170480679148606
-0.05555555555555556,16.66666666666667,-10.0,0.7777777777777777,-0.00014170480679148606
-0.05555555555555556,16.66666666666667,-7.777777777777778,0.7777777777777777,-0.00014170480679148606
-0.05555555555555556,16.66666666666667,-5.555555555555555,0.7777777777777777,-0.00014170480679148606
-0.05555555555555556,16.66666666666667,-3.333333333333333,0.7777777777777777,-0.00014170480679148606
-0.05555555555555556,16.66666666666667,-1.1111111111111107,0.7777777777777777,-0.00014170480679148606
-0.05555555555555556,16.66666666666667,1.1111111111111107,0.7777777777777777,0.00014170480679148606
-0.05555555555555556,16.66666666666667,3.333333333333334,0.7777777777777777,0.00014170480679148606
-0.05555555555555556,16.66666666666667,5.555555555555557,0.7777777777777777,0.00014170480679148606
-0.05555555555555556,16.66666666666667,7.777777777777779,0.7777777777777777,0.00014170480679148606
-0.05555555555555556,16.66666666666667,10.0,0.7777777777777777,0.00014170480679148606
-0.05555555555555556,23.333333333333336,-10.0,0.7777777777777777,-0.00014170480679148606
-0.05555555555555556,23.333333333333336,-7.777777777777778,0.7777777777777777,-0.00014170480679148606
-0.05555555555555556,23.333333333333336,-5.555555555555555,0.7777777777777777,-0.00014170480679148606
-0.05555555555555556,23.333333333333336,-3.333333333333333,0.7777777777777777,-0.00014170480679148606
-0.05555555555555556,23.333333333333336,-1.1111111111111107,0.7777777777777777,-0.00014170480679148606
-0.05555555555555556,23.333333333333336,1.1111111111111107,0.7777777777777777,0.00014170480679148606
-0.05555555555555556,23.333333333333336,3.333333333333334,0.7777777777777777,0.00014170480679148606
-0.05555555555555556,23.333333333333336,5.555555555555557,0.7777777777777777,0.00014170480679148606
-0.05555555555555556,23.333333333333336,7.777777777777779,0.7777777777777777,0.00014170480679148606
-0.05555555555555556,23.333333333333336,10.0,0.7777777777777777,0.00014170480679148606
-0.05555555555555556,30.0,-10.0,0.7777777777777777,-0.00014170480679148606
-0.05555555555555556,30.0,-7.777777777777778,0.7777777777777777,-0.00014170480679148606
-0.05555555555555556,30.0,-5.555555555555555,0.7777777777777777,-0.00014170480679148606
-0.05555555555555556,30.0,-3.333333333333333,0.7777777777777777,-0.00014170480679148606
-0.05555555555555556,30.0,-1.1111111111111107,0.7777777777777777,-0.00014170480679148606
-0.05555555555555556,30.0,1.1111111111111107,0.7777777777777777,0.00014170480679148606
-0.05555555555555556,30.0,3.333333333333334,0.7777777777777777,0.00014170480679148606
-0.05555555555555556,30.0,5.555555555555557,0.7777777777777777,0.00014170480679148606
-0.05555555555555556,30.0,7.777777777777779,0.7777777777777777,0.00014170480679148606
-0.05555555555555556,30.0,10.0,0.7777777777777777,0.00014170480679148606
-0.03333333333333334,-30.0,-10.0,0.7777777777777777,-0.002604921485467324
-0.03333333333333334,-30.0,-7.777777777777778,0.7777777777777777,-0.002604921485467324
-0.03333333333333334,-30.0,-5.555555555555555,0.7777777777777777,-0.002604921485467324
-0.03333333333333334,-30.0,-3.333333333333333,0.7777777777777777,-0.002604921485467324
-0.03333333333333334,-30.0,-1.1111111111111107,0.7777777777777777,-0.002604921485467324
-0.03333333333333334,-30.0,1.1111111111111107,0.7777777777777777,0.002604921485467324
-0.03333333333333334,-30.0,3.333333333333334,0.7777777777777777,0.002604921485467324
-0.03333333333333334,-30.0,5.555555555555557,0.7777777777777777,0.002604921485467324
-0.03333333333333334,-30.0,7.777777777777779,0.7777777777777777,0.002604921485467324
-0.03333333333333334,-30.0,10.0,0.7777777777777777,0.002604921485467324
-0.03333333333333334,-23.333333333333332,-10.0,0.7777777777777777,-0.002604921485467324
-0.03333333333333334,-23.333333333333332,-7.777777777777778,0.7777777777777777,-0.002604921485467324
-0.03333333333333334,-23.333333333333332,-5.555555555555555,0.7777777777777777,-0.002604921485467324
-0.03333333333333334,-23.333333333333332,-3.333333333333333,0.7777777777777777,-0.002604921485467324
-0.03333333333333334,-23.333333333333332,-1.1111111111111107,0.7777777777777777,-0.002604921485467324
-0.03333333333333334,-23.333333333333332,1.1111111111111107,0.7777777777777777,0.002604921485467324
-0.03333333333333334,-23.333333333333332,3.333333333333334,0.7777777777777777,0.002604921485467324
-0.03333333333333334,-23.333333333333332,5.555555555555557,0.7777777777777777,0.002604921485467324
-0.03333333333333334,-23.333333333333332,7.777777777777779,0.7777777777777777,0.002604921485467324
-0.03333333333333334,-23.333333333333332,10.0,0.7777777777777777,0.002604921485467324
-0.03333333333333334,-16.666666666666664,-10.0,0.7777777777777777,-0.002604921485467324
-0.03333333333333334,-16.666666666666664,-7.777777777777778,0.7777777777777777,-0.002604921485467324
-0.03333333333333334,-16.666666666666664,-5.555555555555555,0.7777777777777777,-0.002604921485467324
-0.03333333333333334,-16.666666666666664,-3.333333333333333,0.7777777777777777,-0.002604921485467324
-0.03333333333333334,-16.666666666666664,-1.1111111111111107,0.7777777777777777,-0.002604921485467324
-0.03333333333333334,-16.666666666666664,1.1111111111111107,0.7777777777777777,0.002604921485467324
-0.03333333333333334,-16.666666666666664,3.333333333333334,0.7777777777777777,0.002604921485467324
-0.03333333333333334,-16.666666666666664,5.555555555555557,0.7777777777777777,0.002604921485467324
-0.03333333333333334,-16.666666666666664,7.777777777777779,0.7777777777777777,0.002604921485467324
-0.03333333333333334,-16.666666666666664,10.0,0.7777777777777777,0.002604921485467324
-0.03333333333333334,-10.0,-10.0,0.7777777777777777,-0.002604921485467324
-0.03333333333333334,-10.0,-7.777777777777778,0.7777777777777777,-0.002604921485467324
-0.03333333333333334,-10.0,-5.555555555555555,0.7777777777777777,-0.002604921485467324
-0.03333333333333334,-10.0,-3.333333333333333,0.7777777777777777,-0.002604921485467324
-0.03333333333333334,-10.0,-1.1111111111111107,0.7777777777777777,-0.002604921485467324
-0.03333333333333334,-10.0,1.1111111111111107,0.7777777777777777,0.002604921485467324
-0.03333333333333334,-10.0,3.333333333333334,0.7777777777777777,0.002604921485467324
-0.03333333333333334,-10.0,5.555555555555557,0.7777777777777777,0.002604921485467324
-0.03333333333333334,-10.0,7.777777777777779,0.7777777777777777,0.002604921485467324
-0.03333333333333334,-10.0,10.0,0.7777777777777777,0.002604921485467324
-0.03333333333333334,-3.333333333333332,-10.0,0.7777777777777777,-0.002604921485467324
-0.03333333333333334,-3.333333333333332,-7.777777777777778,0.7777777777777777,-0.002604921485467324
-0.03333333333333334,-3.333333333333332,-5.555555555555555,0.7777777777777777,-0.002604921485467324
-0.03333333333333334,-3.333333333333332,-3.333333333333333,0.7777777777777777,-0.002604921485467324
-0.03333333333333334,-3.333333333333332,-1.1111111111111107,0.7777777777777777,-0.002604921485467324
-0.03333333333333334,-3.333333333333332,1.1111111111111107,0.7777777777777777,0.002604921485467324
-0.03333333333333334,-3.333333333333332,3.333333333333334,0.7777777777777777,0.002604921485467324
-0.03333333333333334,-3.333333333333332,5.555555555555557,0.7777777777777777,0.002604921485467324
-0.03333333333333334,-3.333333333333332,7.777777777777779,0.7777777777777777,0.002604921485467324
-0.03333333333333334,-3.333333333333332,10.0,0.7777777777777777,0.002604921485467324
-0.03333333333333334,3.3333333333333357,-10.0,0.7777777777777777,-0.002604921485467324
-0.03333333333333334,3.3333333333333357,-7.777777777777778,0.7777777777777777,-0.002604921485467324
-0.03333333333333334,3.3333333333333357,-5.555555555555555,0.7777777777777777,-0.002604921485467324
-0.03333333333333334,3.3333333333333357,-3.333333333333333,0.7777777777777777,-0.002604921485467324
-0.03333333333333334,3.3333333333333357,-1.1111111111111107,0.7777777777777777,-0.002604921485467324
-0.03333333333333334,3.3333333333333357,1.1111111111111107,0.7777777777777777,0.002604921485467324
-0.03333333333333334,3.3333333333333357,3.333333333333334,0.7777777777777777,0.002604921485467324
-0.03333333333333334,3.3333333333333357,5.555555555555557,0.7777777777777777,0.002604921485467324
-0.03333333333333334,3.3333333333333357,7.777777777777779,0.7777777777777777,0.002604921485467324
-0.03333333333333334,3.3333333333333357,10.0,0.7777777777777777,0.002604921485467324
-0.03333333333333334,10.0,-10.0,0.7777777777777777,-0.002604921485467324
-0.03333333333333334,10.0,-7.777777777777778,0.7777777777777777,-0.002604921485467324
-0.03333333333333334,10.0,-5.555555555555555,0.7777777777777777,-0.002604921485467324
-0.03333333333333334,10.0,-3.333333333333333,0.7777777777777777,-0.002604921485467324
-0.03333333333333334,10.0,-1.1111111111111107,0.7777777777777777,-0.002604921485467324
-0.03333333333333334,10.0,1.1111111111111107,0.7777777777777777,0.002604921485467324
-0.03333333333333334,10.0,3.333333333333334,0.7777777777777777,0.002604921485467324
-0.03333333333333334,10.0,5.555555555555557,0.7777777777777777,0.002604921485467324
-0.03333333333333334,10.0,7.777777777777779,0.7777777777777777,0.002604921485467324
-0.03333333333333334,10.0,10.0,0.7777777777777777,0.002604921485467324
-0.03333333333333334,16.66666666666667,-10.0,0.7777777777777777,-0.002604921485467324
-0.03333333333333334,16.66666666666667,-7.777777777777778,0.7777777777777777,-0.002604921485467324
-0.03333333333333334,16.66666666666667,-5.555555555555555,0.7777777777777777,-0.002604921485467324
-0.03333333333333334,16.66666666666667,-3.333333333333333,0.7777777777777777,-0.002604921485467324
-0.03333333333333334,16.66666666666667,-1.1111111111111107,0.7777777777777777,-0.002604921485467324
-0.03333333333333334,16.66666666666667,1.1111111111111107,0.7777777777777777,0.002604921485467324
-0.03333333333333334,16.66666666666667,3.333333333333334,0.7777777777777777,0.002604921485467324
-0.03333333333333334,16.66666666666667,5.555555555555557,0.7777777777777777,0.002604921485467324
-0.03333333333333334,16.66666666666667,7.777777777777779,0.7777777777777777,0.002604921485467324
-0.03333333333333334,16.66666666666667,10.0,0.7777777777777777,0.002604921485467324
-0.03333333333333334,23.333333333333336,-10.0,0.7777777777777777,-0.002604921485467324
-0.03333333333333334,23.333333333333336,-7.777777777777778,0.7777777777777777,-0.002604921485467324
-0.03333333333333334,23.333333333333336,-5.555555555555555,0.7777777777777777,-0.002604921485467324
-0.03333333333333334,23.333333333333336,-3.333333333333333,0.7777777777777777,-0.002604921485467324
-0.03333333333333334,23.333333333333336,-1.1111111111111107,0.7777777777777777,-0.002604921485467324
-0.03333333333333334,23.333333333333336,1.1111111111111107,0.7777777777777777,0.002604921485467324
-0.03333333333333334,23.333333333333336,3.333333333333334,0.7777777777777777,0.002604921485467324
-0.03333333333333334,23.333333333333336,5.555555555555557,0.7777777777777777,0.002604921485467324
-0.03333333333333334,23.333333333333336,7.777777777777779,0.7777777777777777,0.002604921485467324
-0.03333333333333334,23.333333333333336,10.0,0.7777777777777777,0.002604921485467324
-0.03333333333333334,30.0,-10.0,0.7777777777777777,-0.002604921485467324
-0.03333333333333334,30.0,-7.777777777777778,0.7777777777777777,-0.002604921485467324
-0.03333333333333334,30.0,-5.555555555555555,0.7777777777777777,-0.002604921485467324
-0.03333333333333334,30.0,-3.333333333333333,0.7777777777777777,-0.002604921485467324
-0.03333333333333334,30.0,-1.1111111111111107,0.7777777777777777,-0.002604921485467324
-0.03333333333333334,30.0,1.1111111111111107,0.7777777777777777,0.002604921485467324
-0.03333333333333334,30.0,3.333333333333334,0.7777777777777777,0.002604921485467324
-0.03333333333333334,30.0,5.555555555555557,0.7777777777777777,0.002604921485467324
-0.03333333333333334,30.0,7.777777777777779,0.7777777777777777,0.002604921485467324
-0.03333333333333334,30.0,10.0,0.7777777777777777,0.002604921485467324
-0.011111111111111113,-30.0,-10.0,0.7777777777777777,-0.04146830983824575
-0.011111111111111113,-30.0,-7.777777777777778,0.7777777777777777,-0.04146830983824575
-0.011111111111111113,-30.0,-5.555555555555555,0.7777777777777777,-0.04146830983824575
-0.011111111111111113,-30.0,-3.333333333333333,0.7777777777777777,-0.04146830983824575
-0.011111111111111113,-30.0,-1.1111111111111107,0.7777777777777777,-0.04146830983824575
-0.011111111111111113,-30.0,1.1111111111111107,0.7777777777777777,0.04146830983824575
-0.011111111111111113,-30.0,3.333333333333334,0.7777777777777777,0.04146830983824575
-0.011111111111111113,-30.0,5.555555555555557,0.7777777777777777,0.04146830983824575
-0.011111111111111113,-30.0,7.777777777777779,0.7777777777777777,0.04146830983824575
-0.011111111111111113,-30.0,10.0,0.7777777777777777,0.04146830983824575
-0.011111111111111113,-23.333333333333332,-10.0,0.7777777777777777,-0.04146830983824575
-0.011111111111111113,-23.333333333333332,-7.777777777777778,0.7777777777777777,-0.04146830983824575
-0.011111111111111113,-23.333333333333332,-5.555555555555555,0.7777777777777777,-0.04146830983824575
-0.011111111111111113,-23.333333333333332,-3.333333333333333,0.7777777777777777,-0.04146830983824575
-0.011111111111111113,-23.333333333333332,-1.1111111111111107,0.7777777777777777,-0.04146830983824575
-0.011111111111111113,-23.333333333333332,1.1111111111111107,0.7777777777777777,0.04146830983824575
-0.011111111111111113,-23.333333333333332,3.333333333333334,0.7777777777777777,0.04146830983824575
-0.011111111111111113,-23.333333333333332,5.555555555555557,0.7777777777777777,0.04146830983824575
-0.011111111111111113,-23.333333333333332,7.777777777777779,0.7777777777777777,0.04146830983824575
-0.011111111111111113,-23.333333333333332,10.0,0.7777777777777777,0.04146830983824575
-0.011111111111111113,-16.666666666666664,-10.0,0.7777777777777777,-0.04146830983824575
-0.011111111111111113,-16.666666666666664,-7.777777777777778,0.7777777777777777,-0.04146830983824575
-0.011111111111111113,-16.666666666666664,-5.555555555555555,0.7777777777777777,-0.04146830983824575
-0.011111111111111113,-16.666666666666664,-3.333333333333333,0.7777777777777777,-0.04146830983824575
-0.011111111111111113,-16.666666666666664,-1.1111111111111107,0.7777777777777777,-0.04146830983824575
-0.011111111111111113,-16.666666666666664,1.1111111111111107,0.7777777777777777,0.04146830983824575
-0.011111111111111113,-16.666666666666664,3.333333333333334,0.7777777777777777,0.04146830983824575
-0.011111111111111113,-16.666666666666664,5.555555555555557,0.7777777777777777,0.04146830983824575
-0.011111111111111113,-16.666666666666664,7.777777777777779,0.7777777777777777,0.04146830983824575
-0.011111111111111113,-16.666666666666664,10.0,0.7777777777777777,0.04146830983824575
-0.011111111111111113,-10.0,-10.0,0.7777777777777777,-0.04146830983824575
-0.011111111111111113,-10.0,-7.777777777777778,0.7777777777777777,-0.04146830983824575
-0.011111111111111113,-10.0,-5.555555555555555,0.7777777777777777,-0.04146830983824575
-0.011111111111111113,-10.0,-3.333333333333333,0.7777777777777777,-0.04146830983824575
-0.011111111111111113,-10.0,-1.1111111111111107,0.7777777777777777,-0.04146830983824575
-0.011111111111111113,-10.0,1.1111111111111107,0.7777777777777777,0.04146830983824575
-0.011111111111111113,-10.0,3.333333333333334,0.7777777777777777,0.04146830983824575
-0.011111111111111113,-10.0,5.555555555555557,0.7777777777777777,0.04146830983824575
-0.011111111111111113,-10.0,7.777777777777779,0.7777777777777777,0.04146830983824575
-0.011111111111111113,-10.0,10.0,0.7777777777777777,0.04146830983824575
-0.011111111111111113,-3.333333333333332,-10.0,0.7777777777777777,-0.04146830983824575
-0.011111111111111113,-3.333333333333332,-7.777777777777778,0.7777777777777777,-0.04146830983824575
-0.011111111111111113,-3.333333333333332,-5.555555555555555,0.7777777777777777,-0.04146830983824575
-0.011111111111111113,-3.333333333333332,-3.333333333333333,0.7777777777777777,-0.04146830983824575
-0.011111111111111113,-3.333333333333332,-1.1111111111111107,0.7777777777777777,-0.04146830983824575
-0.011111111111111113,-3.333333333333332,1.1111111111111107,0.7777777777777777,0.04146830983824575
-0.011111111111111113,-3.333333333333332,3.333333333333334,0.7777777777777777,0.04146830983824575
-0.011111111111111113,-3.333333333333332,5.555555555555557,0.7777777777777777,0.04146830983824575
-0.011111111111111113,-3.333333333333332,7.777777777777779,0.7777777777777777,0.04146830983824575
-0.011111111111111113,-3.333333333333332,10.0,0.7777777777777777,0.04146830983824575
-0.011111111111111113,3.3333333333333357,-10.0,0.7777777777777777,-0.04146830983824575
-0.011111111111111113,3.3333333333333357,-7.777777777777778,0.7777777777777777,-0.04146830983824575
-0.011111111111111113,3.3333333333333357,-5.555555555555555,0.7777777777777777,-0.04146830983824575
-0.011111111111111113,3.3333333333333357,-3.333333333333333,0.7777777777777777,-0.04146830983824575
-0.011111111111111113,3.3333333333333357,-1.1111111111111107,0.7777777777777777,-0.04146830983824575
-0.011111111111111113,3.3333333333333357,1.1111111111111107,0.7777777777777777,0.04146830983824575
-0.011111111111111113,3.3333333333333357,3.333333333333334,0.7777777777777777,0.04146830983824575
-0.011111111111111113,3.3333333333333357,5.555555555555557,0.7777777777777777,0.04146830983824575
-0.011111111111111113,3.3333333333333357,7.777777777777779,0.7777777777777777,0.04146830983824575
-0.011111111111111113,3.3333333333333357,10.0,0.7777777777777777,0.04146830983824575
-0.011111111111111113,10.0,-10.0,0.7777777777777777,-0.04146830983824575
-0.011111111111111113,10.0,-7.777777777777778,0.7777777777777777,-0.04146830983824575
-0.011111111111111113,10.0,-5.555555555555555,0.7777777777777777,-0.04146830983824575
-0.011111111111111113,10.0,-3.333333333333333,0.7777777777777777,-0.04146830983824575
-0.011111111111111113,10.0,-1.1111111111111107,0.7777777777777777,-0.04146830983824575
-0.011111111111111113,10.0,1.1111111111111107,0.7777777777777777,0.04146830983824575
-0.011111111111111113,10.0,3.333333333333334,0.7777777777777777,0.04146830983824575
-0.011111111111111113,10.0,5.555555555555557,0.7777777777777777,0.04146830983824575
-0.011111111111111113,10.0,7.777777777777779,0.7777777777777777,0.04146830983824575
-0.011111111111111113,10.0,10.0,0.7777777777777777,0.04146830983824575
-0.011111111111111113,16.66666666666667,-10.0,0.7777777777777777,-0.04146830983824575
-0.011111111111111113,16.66666666666667,-7.777777777777778,0.7777777777777777,-0.04146830983824575
-0.011111111111111113,16.66666666666667,-5.555555555555555,0.7777777777777777,-0.04146830983824575
-0.011111111111111113,16.66666666666667,-3.333333333333333,0.7777777777777777,-0.04146830983824575
-0.011111111111111113,16.66666666666667,-1.1111111111111107,0.7777777777777777,-0.04146830983824575
-0.011111111111111113,16.66666666666667,1.1111111111111107,0.7777777777777777,0.04146830983824575
-0.011111111111111113,16.66666666666667,3.333333333333334,0.7777777777777777,0.04146830983824575
-0.011111111111111113,16.66666666666667,5.555555555555557,0.7777777777777777,0.04146830983824575
-0.011111111111111113,16.66666666666667,7.777777777777779,0.7777777777777777,0.04146830983824575
-0.011111111111111113,16.66666666666667,10.0,0.7777777777777777,0.04146830983824575
-0.011111111111111113,23.333333333333336,-10.0,0.7777777777777777,-0.04146830983824575
-0.011111111111111113,23.333333333333336,-7.777777777777778,0.7777777777777777,-0.04146830983824575
-0.011111111111111113,23.333333333333336,-5.555555555555555,0.7777777777777777,-0.04146830983824575
-0.011111111111111113,23.333333333333336,-3.333333333333333,0.7777777777777777,-0.04146830983824575
-0.011111111111111113,23.333333333333336,-1.1111111111111107,0.7777777777777777,-0.04146830983824575
-0.011111111111111113,23.333333333333336,1.1111111111111107,0.7777777777777777,0.04146830983824575
-0.011111111111111113,23.333333333333336,3.333333333333334,0.7777777777777777,0.04146830983824575
-0.011111111111111113,23.333333333333336,5.555555555555557,0.7777777777777777,0.04146830983824575
-0.011111111111111113,23.333333333333336,7.777777777777779,0.7777777777777777,0.04146830983824575
-0.011111111111111113,23.333333333333336,10.0,0.7777777777777777,0.04146830983824575
-0.011111111111111113,30.0,-10.0,0.7777777777777777,-0.04146830983824575
-0.011111111111111113,30.0,-7.777777777777778,0.7777777777777777,-0.04146830983824575
-0.011111111111111113,30.0,-5.555555555555555,0.7777777777777777,-0.04146830983824575
-0.011111111111111113,30.0,-3.333333333333333,0.7777777777777777,-0.04146830983824575
-0.011111111111111113,30.0,-1.1111111111111107,0.7777777777777777,-0.04146830983824575
-0.011111111111111113,30.0,1.1111111111111107,0.7777777777777777,0.04146830983824575
-0.011111111111111113,30.0,3.333333333333334,0.7777777777777777,0.04146830983824575
-0.011111111111111113,30.0,5.555555555555557,0.7777777777777777,0.04146830983824575
-0.011111111111111113,30.0,7.777777777777779,0.7777777777777777,0.04146830983824575
-0.011111111111111113,30.0,10.0,0.7777777777777777,0.04146830983824575
0.011111111111111113,-30.0,-10.0,0.7777777777777777,-0.04146830983824575
0.011111111111111113,-30.0,-7.777777777777778,0.7777777777777777,-0.04146830983824575
0.011111111111111113,-30.0,-5.555555555555555,0.7777777777777777,-0.04146830983824575
0.011111111111111113,-30.0,-3.333333333333333,0.7777777777777777,-0.04146830983824575
0.011111111111111113,-30.0,-1.1111111111111107,0.7777777777777777,-0.04146830983824575
0.011111111111111113,-30.0,1.1111111111111107,0.7777777777777777,0.04146830983824575
0.011111111111111113,-30.0,3.333333333333334,0.7777777777777777,0.04146830983824575
0.011111111111111113,-30.0,5.555555555555557,0.7777777777777777,0.04146830983824575
0.011111111111111113,-30.0,7.777777777777779,0.7777777777777777,0.04146830983824575
0.011111111111111113,-30.0,10.0,0.7777777777777777,0.04146830983824575
0.011111111111111113,-23.333333333333332,-10.0,0.7777777777777777,-0.04146830983824575
0.011111111111111113,-23.333333333333332,-7.777777777777778,0.7777777777777777,-0.04146830983824575
0.011111111111111113,-23.333333333333332,-5.555555555555555,0.7777777777777777,-0.04146830983824575
0.011111111111111113,-23.333333333333332,-3.333333333333333,0.7777777777777777,-0.04146830983824575
0.011111111111111113,-23.333333333333332,-1.1111111111111107,0.7777777777777777,-0.04146830983824575
0.011111111111111113,-23.333333333333332,1.1111111111111107,0.7777777777777777,0.04146830983824575
0.011111111111111113,-23.333333333333332,3.333333333333334,0.7777777777777777,0.04146830983824575
0.011111111111111113,-23.333333333333332,5.555555555555557,0.7777777777777777,0.04146830983824575
0.011111111111111113,-23.333333333333332,7.777777777777779,0.7777777777777777,0.04146830983824575
0.011111111111111113,-23.333333333333332,10.0,0.7777777777777777,0.04146830983824575
0.011111111111111113,-16.666666666666664,-10.0,0.7777777777777777,-0.04146830983824575
0.011111111111111113,-16.666666666666664,-7.777777777777778,0.7777777777777777,-0.04146830983824575
0.011111111111111113,-16.666666666666664,-5.555555555555555,0.7777777777777777,-0.04146830983824575
0.011111111111111113,-16.666666666666664,-3.333333333333333,0.7777777777777777,-0.04146830983824575
0.011111111111111113,-16.666666666666664,-1.1111111111111107,0.7777777777777777,-0.04146830983824575
0.011111111111111113,-16.666666666666664,1.1111111111111107,0.7777777777777777,0.04146830983824575
0.011111111111111113,-16.666666666666664,3.333333333333334,0.7777777777777777,0.04146830983824575
0.011111111111111113,-16.666666666666664,5.555555555555557,0.7777777777777777,0.04146830983824575
0.011111111111111113,-16.666666666666664,7.777777777777779,0.7777777777777777,0.04146830983824575
0.011111111111111113,-16.666666666666664,10.0,0.7777777777777777,0.04146830983824575
0.011111111111111113,-10.0,-10.0,0.7777777777777777,-0.04146830983824575
0.011111111111111113,-10.0,-7.777777777777778,0.7777777777777777,-0.04146830983824575
0.011111111111111113,-10.0,-5.555555555555555,0.7777777777777777,-0.04146830983824575
0.011111111111111113,-10.0,-3.333333333333333,0.7777777777777777,-0.04146830983824575
0.011111111111111113,-10.0,-1.1111111111111107,0.7777777777777777,-0.04146830983824575
0.011111111111111113,-10.0,1.1111111111111107,0.7777777777777777,0.04146830983824575
0.011111111111111113,-10.0,3.333333333333334,0.7777777777777777,0.04146830983824575
0.011111111111111113,-10.0,5.555555555555557,0.7777777777777777,0.04146830983824575
0.011111111111111113,-10.0,7.777777777777779,0.7777777777777777,0.04146830983824575
0.011111111111111113,-10.0,10.0,0.7777777777777777,0.04146830983824575
0.011111111111111113,-3.333333333333332,-10.0,0.7777777777777777,-0.04146830983824575
0.011111111111111113,-3.333333333333332,-7.777777777777778,0.7777777777777777,-0.04146830983824575
0.011111111111111113,-3.333333333333332,-5.555555555555555,0.7777777777777777,-0.04146830983824575
0.011111111111111113,-3.333333333333332,-3.333333333333333,0.7777777777777777,-0.04146830983824575
0.011111111111111113,-3.333333333333332,-1.1111111111111107,0.7777777777777777,-0.04146830983824575
0.011111111111111113,-3.333333333333332,1.1111111111111107,0.7777777777777777,0.04146830983824575
0.011111111111111113,-3.333333333333332,3.333333333333334,0.7777777777777777,0.04146830983824575
0.011111111111111113,-3.333333333333332,5.555555555555557,0.7777777777777777,0.04146830983824575
0.011111111111111113,-3.333333333333332,7.777777777777779,0.7777777777777777,0.04146830983824575
0.011111111111111113,-3.333333333333332,10.0,0.7777777777777777,0.04146830983824575
0.011111111111111113,3.3333333333333357,-10.0,0.7777777777777777,-0.04146830983824575
0.011111111111111113,3.3333333333333357,-7.777777777777778,0.7777777777777777,-0.04146830983824575
0.011111111111111113,3.3333333333333357,-5.555555555555555,0.7777777777777777,-0.04146830983824575
0.011111111111111113,3.3333333333333357,-3.333333333333333,0.7777777777777777,-0.04146830983824575
0.011111111111111113,3.3333333333333357,-1.1111111111111107,0.7777777777777777,-0.04146830983824575
0.011111111111111113,3.3333333333333357,1.1111111111111107,0.7777777777777777,0.04146830983824575
0.011111111111111113,3.3333333333333357,3.333333333333334,0.7777777777777777,0.04146830983824575
0.011111111111111113,3.3333333333333357,5.555555555555557,0.7777777777777777,0.04146830983824575
0.011111111111111113,3.3333333333333357,7.777777777777779,0.7777777777777777,0.04146830983824575
0.011111111111111113,3.3333333333333357,10.0,0.7777777777777777,0.04146830983824575
0.011111111111111113,10.0,-10.0,0.7777777777777777,-0.04146830983824575
0.011111111111111113,10.0,-7.777777777777778,0.7777777777777777,-0.04146830983824575
0.011111111111111113,10.0,-5.555555555555555,0.7777777777777777,-0.04146830983824575
0.011111111111111113,10.0,-3.333333333333333,0.7777777777777777,-0.04146830983824575
0.011111111111111113,10.0,-1.1111111111111107,0.7777777777777777,-0.04146830983824575
0.011111111111111113,10.0,1.1111111111111107,0.7777777777777777,0.04146830983824575
0.011111111111111113,10.0,3.333333333333334,0.7777777777777777,0.04146830983824575
0.011111111111111113,10.0,5.555555555555557,0.7777777777777777,0.04146830983824575
0.011111111111111113,10.0,7.777777777777779,0.7777777777777777,0.04146830983824575
0.011111111111111113,10.0,10.0,0.7777777777777777,0.04146830983824575
0.011111111111111113,16.66666666666667,-10.0,0.7777777777777777,-0.04146830983824575
0.011111111111111113,16.66666666666667,-7.777777777777778,0.7777777777777777,-0.04146830983824575
0.011111111111111113,16.66666666666667,-5.555555555555555,0.7777777777777777,-0.04146830983824575
0.011111111111111113,16.66666666666667,-3.333333333333333,0.7777777777777777,-0.04146830983824575
0.011111111111111113,16.66666666666667,-1.1111111111111107,0.7777777777777777,-0.04146830983824575
0.011111111111111113,16.66666666666667,1.1111111111111107,0.7777777777777777,0.04146830983824575
0.011111111111111113,16.66666666666667,3.333333333333334,0.7777777777777777,0.04146830983824575
0.011111111111111113,16.66666666666667,5.555555555555557,0.7777777777777777,0.04146830983824575
0.011111111111111113,16.66666666666667,7.777777777777779,0.7777777777777777,0.04146830983824575
0.011111111111111113,16.66666666666667,10.0,0.7777777777777777,0.04146830983824575
0.011111111111111113,23.333333333333336,-10.0,0.7777777777777777,-0.04146830983824575
0.011111111111111113,23.333333333333336,-7.777777777777778,0.7777777777777777,-0.04146830983824575
0.011111111111111113,23.333333333333336,-5.555555555555555,0.7777777777777777,-0.04146830983824575
0.011111111111111113,23.333333333333336,-3.333333333333333,0.7777777777777777,-0.04146830983824575
0.011111111111111113,23.333333333333336,-1.1111111111111107,0.7777777777777777,-0.04146830983824575
0.011111111111111113,23.333333333333336,1.1111111111111107,0.7777777777777777,0.04146830983824575
0.011111111111111113,23.333333333333336,3.333333333333334,0.7777777777777777,0.04146830983824575
0.011111111111111113,23.333333333333336,5.555555555555557,0.7777777777777777,0.04146830983824575
0.011111111111111113,23.333333333333336,7.777777777777779,0.7777777777777777,0.04146830983824575
0.011111111111111113,23.333333333333336,10.0,0.7777777777777777,0.04146830983824575
0.011111111111111113,30.0,-10.0,0.7777777777777777,-0.04146830983824575
0.011111111111111113,30.0,-7.777777777777778,0.7777777777777777,-0.04146830983824575
0.011111111111111113,30.0,-5.555555555555555,0.7777777777777777,-0.04146830983824575
0.011111111111111113,30.0,-3.333333333333333,0.7777777777777777,-0.04146830983824575
0.011111111111111113,30.0,-1.1111111111111107,0.7777777777777777,-0.04146830983824575
0.011111111111111113,30.0,1.1111111111111107,0.7777777777777777,0.04146830983824575
0.011111111111111113,30.0,3.333333333333334,0.7777777777777777,0.04146830983824575
0.011111111111111113,30.0,5.555555555555557,0.7777777777777777,0.04146830983824575
0.011111111111111113,30.0,7.777777777777779,0.7777777777777777,0.04146830983824575
0.011111111111111113,30.0,10.0,0.7777777777777777,0.04146830983824575
0.033333333333333326,-30.0,-10.0,0.7777777777777777,-0.0026049214854673595
0.033333333333333326,-30.0,-7.777777777777778,0.7777777777777777,-0.0026049214854673595
0.033333333333333326,-30.0,-5.555555555555555,0.7777777777777777,-0.0026049214854673595
0.033333333333333326,-30.0,-3.333333333333333,0.7777777777777777,-0.0026049214854673595
0.033333333333333326,-30.0,-1.1111111111111107,0.7777777777777777,-0.0026049214854673595
0.033333333333333326,-30.0,1.1111111111111107,0.7777777777777777,0.0026049214854673595
0.033333333333333326,-30.0,3.333333333333334,0.7777777777777777,0.0026049214854673595
0.033333333333333326,-30.0,5.555555555555557,0.7777777777777777,0.0026049214854673595
0.033333333333333326,-30.0,7.777777777777779,0.7777777777777777,0.0026049214854673595
0.033333333333333326,-30.0,10.0,0.7777777777777777,0.0026049214854673595
0.033333333333333326,-23.333333333333332,-10.0,0.7777777777777777,-0.0026049214854673595
0.033333333333333326,-23.333333333333332,-7.777777777777778,0.7777777777777777,-0.0026049214854673595
0.033333333333333326,-23.333333333333332,-5.555555555555555,0.7777777777777777,-0.0026049214854673595
0.033333333333333326,-23.333333333333332,-3.333333333333333,0.7777777777777777,-0.0026049214854673595
0.033333333333333326,-23.333333333333332,-1.1111111111111107,0.7777777777777777,-0.0026049214854673595
0.033333333333333326,-23.333333333333332,1.1111111111111107,0.7777777777777777,0.0026049214854673595
0.033333333333333326,-23.333333333333332,3.333333333333334,0.7777777777777777,0.0026049214854673595
0.033333333333333326,-23.333333333333332,5.555555555555557,0.7777777777777777,0.0026049214854673595
0.033333333333333326,-23.333333333333332,7.777777777777779,0.7777777777777777,0.0026049214854673595
0.033333333333333326,-23.333333333333332,10.0,0.7777777777777777,0.0026049214854673595
0.033333333333333326,-16.666666666666664,-10.0,0.7777777777777777,-0.0026049214854673595
0.033333333333333326,-16.666666666666664,-7.777777777777778,0.7777777777777777,-0.0026049214854673595
0.033333333333333326,-16.666666666666664,-5.555555555555555,0.7777777777777777,-0.0026049214854673595
0.033333333333333326,-16.666666666666664,-3.333333333333333,0.7777777777777777,-0.0026049214854673595
0.033333333333333326,-16.666666666666664,-1.1111111111111107,0.7777777777777777,-0.0026049214854673595
0.033333333333333326,-16.666666666666664,1.1111111111111107,0.7777777777777777,0.0026049214854673595
0.033333333333333326,-16.666666666666664,3.333333333333334,0.7777777777777777,0.0026049214854673595
0.033333333333333326,-16.666666666666664,5.555555555555557,0.7777777777777777,0.0026049214854673595
0.033333333333333326,-16.666666666666664,7.777777777777779,0.7777777777777777,0.0026049214854673595
0.033333333333333326,-16.666666666666664,10.0,0.7777777777777777,0.0026049214854673595
0.033333333333333326,-10.0,-10.0,0.7777777777777777,-0.0026049214854673595
0.033333333333333326,-10.0,-7.777777777777778,0.7777777777777777,-0.0026049214854673595
0.033333333333333326,-10.0,-5.555555555555555,0.7777777777777777,-0.0026049214854673595
0.033333333333333326,-10.0,-3.333333333333333,0.7777777777777777,-0.0026049214854673595
0.033333333333333326,-10.0,-1.1111111111111107,0.7777777777777777,-0.0026049214854673595
0.033333333333333326,-10.0,1.1111111111111107,0.7777777777777777,0.0026049214854673595
0.033333333333333326,-10.0,3.333333333333334,0.7777777777777777,0.0026049214854673595
0.033333333333333326,-10.0,5.555555555555557,0.7777777777777777,0.0026049214854673595
0.033333333333333326,-10.0,7.777777777777779,0.7777777777777777,0.0026049214854673595
0.033333333333333326,-10.0,10.0,0.7777777777777777,0.0026049214854673595
0.033333333333333326,-3.333333333333332,-10.0,0.7777777777777777,-0.0026049214854673595
0.033333333333333326,-3.333333333333332,-7.777777777777778,0.7777777777777777,-0.0026049214854673595
0.033333333333333326,-3.333333333333332,-5.555555555555555,0.7777777777777777,-0.0026049214854673595
0.033333333333333326,-3.333333333333332,-3.333333333333333,0.7777777777777777,-0.0026049214854673595
0.033333333333333326,-3.333333333333332,-1.1111111111111107,0.7777777777777777,-0.0026049214854673595
0.033333333333333326,-3.333333333333332,1.1111111111111107,0.7777777777777777,0.0026049214854673595
0.033333333333333326,-3.333333333333332,3.333333333333334,0.7777777777777777,0.0026049214854673595
0.033333333333333326,-3.333333333333332,5.555555555555557,0.7777777777777777,0.0026049214854673595
0.033333333333333326,-3.333333333333332,7.777777777777779,0.7777777777777777,0.0026049214854673595
0.033333333333333326,-3.333333333333332,10.0,0.7777777777777777,0.0026049214854673595
0.033333333333333326,3.3333333333333357,-10.0,0.7777777777777777,-0.0026049214854673595
0.033333333333333326,3.3333333333333357,-7.777777777777778,0.7777777777777777,-0.0026049214854673595
0.033333333333333326,3.3333333333333357,-5.555555555555555,0.7777777777777777,-0.0026049214854673595
0.033333333333333326,3.3333333333333357,-3.333333333333333,0.7777777777777777,-0.0026049214854673595
0.033333333333333326,3.3333333333333357,-1.1111111111111107,0.7777777777777777,-0.0026049214854673595
0.033333333333333326,3.3333333333333357,1.1111111111111107,0.7777777777777777,0.0026049214854673595
0.033333333333333326,3.3333333333333357,3.333333333333334,0.7777777777777777,0.0026049214854673595
0.033333333333333326,3.3333333333333357,5.555555555555557,0.7777777777777777,0.0026049214854673595
0.033333333333333326,3.3333333333333357,7.777777777777779,0.7777777777777777,0.0026049214854673595
0.033333333333333326,3.3333333333333357,10.0,0.7777777777777777,0.0026049214854673595
0.033333333333333326,10.0,-10.0,0.7777777777777777,-0.0026049214854673595
0.033333333333333326,10.0,-7.777777777777778,0.7777777777777777,-0.0026049214854673595
0.033333333333333326,10.0,-5.555555555555555,0.7777777777777777,-0.0026049214854673595
0.033333333333333326,10.0,-3.333333333333333,0.7777777777777777,-0.0026049214854673595
0.033333333333333326,10.0,-1.1111111111111107,0.7777777777777777,-0.0026049214854673595
0.033333333333333326,10.0,1.1111111111111107,0.7777777777777777,0.0026049214854673595
0.033333333333333326,10.0,3.333333333333334,0.7777777777777777,0.0026049214854673595
0.033333333333333326,10.0,5.555555555555557,0.7777777777777777,0.0026049214854673595
0.033333333333333326,10.0,7.777777777777779,0.7777777777777777,0.0026049214854673595
0.033333333333333326,10.0,10.0,0.7777777777777777,0.0026049214854673595
0.033333333333333326,16.66666666666667,-10.0,0.7777777777777777,-0.0026049214854673595
0.033333333333333326,16.66666666666667,-7.777777777777778,0.7777777777777777,-0.0026049214854673595
0.033333333333333326,16.66666666666667,-5.555555555555555,0.7777777777777777,-0.0026049214854673595
0.033333333333333326,16.66666666666667,-3.333333333333333,0.7777777777777777,-0.0026049214854673595
0.033333333333333326,16.66666666666667,-1.1111111111111107,0.7777777777777777,-0.0026049214854673595
0.033333333333333326,16.66666666666667,1.1111111111111107,0.7777777777777777,0.0026049214854673595
0.033333333333333326,16.66666666666667,3.333333333333334,0.7777777777777777,0.0026049214854673595
0.033333333333333326,16.66666666666667,5.555555555555557,0.7777777777777777,0.0026049214854673595
0.033333333333333326,16.66666666666667,7.777777777777779,0.7777777777777777,0.0026049214854673595
0.033333333333333326,16.66666666666667,10.0,0.7777777777777777,0.0026049214854673595
0.033333333333333326,23.333333333333336,-10.0,0.7777777777777777,-0.0026049214854673595
0.033333333333333326,23.333333333333336,-7.777777777777778,0.7777777777777777,-0.0026049214854673595
0.033333333333333326,23.333333333333336,-5.555555555555555,0.7777777777777777,-0.0026049214854673595
0.033333333333333326,23.333333333333336,-3.333333333333333,0.7777777777777777,-0.0026049214854673595
0.033333333333333326,23.333333333333336,-1.1111111111111107,0.7777777777777777,-0.0026049214854673595
0.033333333333333326,23.333333333333336,1.1111111111111107,0.7777777777777777,0.0026049214854673595
0.033333333333333326,23.333333333333336,3.333333333333334,0.7777777777777777,0.0026049214854673595
0.033333333333333326,23.333333333333336,5.555555555555557,0.7777777777777777,0.0026049214854673595
0.033333333333333326,23.333333333333336,7.777777777777779,0.7777777777777777,0.0026049214854673595
0.033333333333333326,23.333333333333336,10.0,0.7777777777777777,0.0026049214854673595
0.033333333333333326,30.0,-10.0,0.7777777777777777,-0.0026049214854673595
0.033333333333333326,30.0,-7.777777777777778,0.7777777777777777,-0.0026049214854673595
0.033333333333333326,30.0,-5.555555555555555,0.7777777777777777,-0.0026049214854673595
0.033333333333333326,30.0,-3.333333333333333,0.7777777777777777,-0.0026049214854673595
0.033333333333333326,30.0,-1.1111111111111107,0.7777777777777777,-0.0026049214854673595
0.033333333333333326,30.0,1.1111111111111107,0.7777777777777777,0.0026049214854673595
0.033333333333333326,30.0,3.333333333333334,0.7777777777777777,0.0026049214854673595
0.033333333333333326,30.0,5.555555555555557,0.7777777777777777,0.0026049214854673595
0.033333333333333326,30.0,7.777777777777779,0.7777777777777777,0.0026049214854673595
0.033333333333333326,30.0,10.0,0.7777777777777777,0.0026049214854673595
0.05555555555555555,-30.0,-10.0,0.7777777777777777,-0.0001417048067914828
0.05555555555555555,-30.0,-7.777777777777778,0.7777777777777777,-0.0001417048067914828
0.05555555555555555,-30.0,-5.555555555555555,0.7777777777777777,-0.0001417048067914828
0.05555555555555555,-30.0,-3.333333333333333,0.7777777777777777,-0.0001417048067914828
0.05555555555555555,-30.0,-1.1111111111111107,0.7777777777777777,-0.0001417048067914828
0.05555555555555555,-30.0,1.1111111111111107,0.7777777777777777,0.0001417048067914828
0.05555555555555555,-30.0,3.333333333333334,0.7777777777777777,0.0001417048067914828
0.05555555555555555,-30.0,5.555555555555557,0.7777777777777777,0.0001417048067914828
0.05555555555555555,-30.0,7.777777777777779,0.7777777777777777,0.0001417048067914828
0.05555555555555555,-30.0,10.0,0.7777777777777777,0.0001417048067914828
0.05555555555555555,-23.333333333333332,-10.0,0.7777777777777777,-0.0001417048067914828
0.05555555555555555,-23.333333333333332,-7.777777777777778,0.7777777777777777,-0.0001417048067914828
0.05555555555555555,-23.333333333333332,-5.555555555555555,0.7777777777777777,-0.0001417048067914828
0.05555555555555555,-23.333333333333332,-3.333333333333333,0.7777777777777777,-0.0001417048067914828
0.05555555555555555,-23.333333333333332,-1.1111111111111107,0.7777777777777777,-0.0001417048067914828
0.05555555555555555,-23.333333333333332,1.1111111111111107,0.7777777777777777,0.0001417048067914828
0.05555555555555555,-23.333333333333332,3.333333333333334,0.7777777777777777,0.0001417048067914828
0.05555555555555555,-23.333333333333332,5.555555555555557,0.7777777777777777,0.0001417048067914828
0.05555555555555555,-23.333333333333332,7.777777777777779,0.7777777777777777,0.0001417048067914828
0.05555555555555555,-23.333333333333332,10.0,0.7777777777777777,0.0001417048067914828
0.05555555555555555,-16.666666666666664,-10.0,0.7777777777777777,-0.0001417048067914828
0.05555555555555555,-16.666666666666664,-7.777777777777778,0.7777777777777777,-0.0001417048067914828
0.05555555555555555,-16.666666666666664,-5.555555555555555,0.7777777777777777,-0.0001417048067914828
0.05555555555555555,-16.666666666666664,-3.333333333333333,0.7777777777777777,-0.0001417048067914828
0.05555555555555555,-16.666666666666664,-1.1111111111111107,0.7777777777777777,-0.0001417048067914828
0.05555555555555555,-16.666666666666664,1.1111111111111107,0.7777777777777777,0.0001417048067914828
0.05555555555555555,-16.666666666666664,3.333333333333334,0.7777777777777777,0.0001417048067914828
0.05555555555555555,-16.666666666666664,5.555555555555557,0.7777777777777777,0.0001417048067914828
0.05555555555555555,-16.666666666666664,7.777777777777779,0.7777777777777777,0.0001417048067914828
0.05555555555555555,-16.666666666666664,10.0,0.7777777777777777,0.0001417048067914828
0.05555555555555555,-10.0,-10.0,0.7777777777777777,-0.0001417048067914828
0.05555555555555555,-10.0,-7.777777777777778,0.7777777777777777,-0.0001417048067914828
0.05555555555555555,-10.0,-5.555555555555555,0.7777777777777777,-0.0001417048067914828
0.05555555555555555,-10.0,-3.333333333333333,0.7777777777777777,-0.0001417048067914828
0.05555555555555555,-10.0,-1.1111111111111107,0.7777777777777777,-0.0001417048067914828
0.05555555555555555,-10.0,1.1111111111111107,0.7777777777777777,0.0001417048067914828
0.05555555555555555,-10.0,3.333333333333334,0.7777777777777777,0.0001417048067914828
0.05555555555555555,-10.0,5.555555555555557,0.7777777777777777,0.0001417048067914828
0.05555555555555555,-10.0,7.777777777777779,0.7777777777777777,0.0001417048067914828
0.05555555555555555,-10.0,10.0,0.7777777777777777,0.0001417048067914828
0.05555555555555555,-3.333333333333332,-10.0,0.7777777777777777,-0.0001417048067914828
0.05555555555555555,-3.333333333333332,-7.777777777777778,0.7777777777777777,-0.0001417048067914828
0.05555555555555555,-3.333333333333332,-5.555555555555555,0.7777777777777777,-0.0001417048067914828
0.05555555555555555,-3.333333333333332,-3.333333333333333,0.7777777777777777,-0.0001417048067914828
0.05555555555555555,-3.333333333333332,-1.1111111111111107,0.7777777777777777,-0.0001417048067914828
0.05555555555555555,-3.333333333333332,1.1111111111111107,0.7777777777777777,0.0001417048067914828
0.05555555555555555,-3.333333333333332,3.333333333333334,0.7777777777777777,0.0001417048067914828
0.05555555555555555,-3.333333333333332,5.555555555555557,0.7777777777777777,0.0001417048067914828
0.05555555555555555,-3.333333333333332,7.777777777777779,0.7777777777777777,0.0001417048067914828
0.05555555555555555,-3.333333333333332,10.0,0.7777777777777777,0.0001417048067914828
0.05555555555555555,3.3333333333333357,-10.0,0.7777777777777777,-0.0001417048067914828
0.05555555555555555,3.3333333333333357,-7.777777777777778,0.7777777777777777,-0.0001417048067914828
0.05555555555555555,3.3333333333333357,-5.555555555555555,0.7777777777777777,-0.0001417048067914828
0.05555555555555555,3.3333333333333357,-3.333333333333333,0.7777777777777777,-0.0001417048067914828
0.05555555555555555,3.3333333333333357,-1.1111111111111107,0.7777777777777777,-0.0001417048067914828
0.05555555555555555,3.3333333333333357,1.1111111111111107,0.7777777777777777,0.0001417048067914828
0.05555555555555555,3.3333333333333357,3.333333333333334,0.7777777777777777,0.0001417048067914828
0.05555555555555555,3.3333333333333357,5.555555555555557,0.7777777777777777,0.0001417048067914828
0.05555555555555555,3.3333333333333357,7.777777777777779,0.7777777777777777,0.0001417048067914828
0.05555555555555555,3.3333333333333357,10.0,0.7777777777777777,0.0001417048067914828
0.05555555555555555,10.0,-10.0,0.7777777777777777,-0.0001417048067914828
0.05555555555555555,10.0,-7.777777777777778,0.7777777777777777,-0.0001417048067914828
0.05555555555555555,10.0,-5.555555555555555,0.7777777777777777,-0.0001417048067914828
0.05555555555555555,10.0,-3.333333333333333,0.7777777777777777,-0.0001417048067914828
0.05555555555555555,10.0,-1.1111111111111107,0.7777777777777777,-0.0001417048067914828
0.05555555555555555,10.0,1.1111111111111107,0.7777777777777777,0.0001417048067914828
0.05555555555555555,10.0,3.333333333333334,0.7777777777777777,0.0001417048067914828
0.05555555555555555,10.0,5.555555555555557,0.7777777777777777,0.0001417048067914828
0.05555555555555555,10.0,7.777777777777779,0.7777777777777777,0.0001417048067914828
0.05555555555555555,10.0,10.0,0.7777777777777777,0.0001417048067914828
0.05555555555555555,16.66666666666667,-10.0,0.7777777777777777,-0.0001417048067914828
0.05555555555555555,16.66666666666667,-7.777777777777778,0.7777777777777777,-0.0001417048067914828
0.05555555555555555,16.66666666666667,-5.555555555555555,0.7777777777777777,-0.0001417048067914828
0.05555555555555555,16.66666666666667,-3.333333333333333,0.7777777777777777,-0.0001417048067914828
0.05555555555555555,16.66666666666667,-1.1111111111111107,0.7777777777777777,-0.0001417048067914828
0.05555555555555555,16.66666666666667,1.1111111111111107,0.7777777777777777,0.0001417048067914828
0.05555555555555555,16.66666666666667,3.333333333333334,0.7777777777777777,0.0001417048067914828
0.05555555555555555,16.66666666666667,5.555555555555557,0.7777777777777777,0.0001417048067914828
0.05555555555555555,16.66666666666667,7.777777777777779,0.7777777777777777,0.0001417048067914828
0.05555555555555555,16.66666666666667,10.0,0.7777777777777777,0.0001417048067914828
0.05555555555555555,23.333333333333336,-10.0,0.7777777777777777,-0.0001417048067914828
0.05555555555555555,23.333333333333336,-7.777777777777778,0.7777777777777777,-0.0001417048067914828
0.05555555555555555,23.333333333333336,-5.555555555555555,0.7777777777777777,-0.0001417048067914828
0.05555555555555555,23.333333333333336,-3.333333333333333,0.7777777777777777,-0.0001417048067914828
0.05555555555555555,23.333333333333336,-1.1111111111111107,0.7777777777777777,-0.0001417048067914828
0.05555555555555555,23.333333333333336,1.1111111111111107,0.7777777777777777,0.0001417048067914828
0.05555555555555555,23.333333333333336,3.333333333333334,0.7777777777777777,0.0001417048067914828
0.05555555555555555,23.333333333333336,5.555555555555557,0.7777777777777777,0.0001417048067914828
0.05555555555555555,23.333333333333336,7.777777777777779,0.7777777777777777,0.0001417048067914828
0.05555555555555555,23.333333333333336,10.0,0.7777777777777777,0.0001417048067914828
0.05555555555555555,30.0,-10.0,0.7777777777777777,-0.0001417048067914828
0.05555555555555555,30.0,-7.777777777777778,0.7777777777777777,-0.0001417048067914828
0.05555555555555555,30.0,-5.555555555555555,0.7777777777777777,-0.0001417048067914828
0.05555555555555555,30.0,-3.333333333333333,0.7777777777777777,-0.0001417048067914828
0.05555555555555555,30.0,-1.1111111111111107,0.7777777777777777,-0.0001417048067914828
0.05555555555555555,30.0,1.1111111111111107,0.7777777777777777,0.0001417048067914828
0.05555555555555555,30.0,3.333333333333334,0.7777777777777777,0.0001417048067914828
0.05555555555555555,30.0,5.555555555555557,0.7777777777777777,0.0001417048067914828
0.05555555555555555,30.0,7.777777777777779,0.7777777777777777,0.0001417048067914828
0.05555555555555555,30.0,10.0,0.7777777777777777,0.0001417048067914828
0.07777777777777778,-30.0,-10.0,0.7777777777777777,-0.0
0.07777777777777778,-30.0,-7.777777777777778,0.7777777777777777,-0.0
0.07777777777777778,-30.0,-5.555555555555555,0.7777777777777777,-0.0
0.07777777777777778,-30.0,-3.333333333333333,0.7777777777777777,-0.0
0.07777777777777778,-30.0,-1.1111111111111107,0.7777777777777777,-0.0
0.07777777777777778,-30.0,1.1111111111111107,0.7777777777777777,0.0
0.07777777777777778,-30.0,3.333333333333334,0.7777777777777777,0.0
0.07777777777777778,-30.0,5.555555555555557,0.7777777777777777,0.0
0.07777777777777778,-30.0,7.777777777777779,0.7777777777777777,0.0
0.07777777777777778,-30.0,10.0,0.7777777777777777,0.0
0.07777777777777778,-23.333333333333332,-10.0,0.7777777777777777,-0.0
0.07777777777777778,-23.333333333333332,-7.777777777777778,0.7777777777777777,-0.0
0.07777777777777778,-23.333333333333332,-5.555555555555555,0.7777777777777777,-0.0
0.07777777777777778,-23.333333333333332,-3.333333333333333,0.7777777777777777,-0.0
0.07777777777777778,-23.333333333333332,-1.1111111111111107,0.7777777777777777,-0.0
0.07777777777777778,-23.333333333333332,1.1111111111111107,0.7777777777777777,0.0
0.07777777777777778,-23.333333333333332,3.333333333333334,0.7777777777777777,0.0
0.07777777777777778,-23.333333333333332,5.555555555555557,0.7777777777777777,0.0
0.07777777777777778,-23.333333333333332,7.777777777777779,0.7777777777777777,0.0
0.07777777777777778,-23.333333333333332,10.0,0.7777777777777777,0.0
0.07777777777777778,-16.666666666666664,-10.0,0.7777777777777777,-0.0
0.07777777777777778,-16.666666666666664,-7.777777777777778,0.7777777777777777,-0.0
0.07777777777777778,-16.666666666666664,-5.555555555555555,0.7777777777777777,-0.0
0.07777777777777778,-16.666666666666664,-3.333333333333333,0.7777777777777777,-0.0
0.07777777777777778,-16.666666666666664,-1.1111111111111107,0.7777777777777777,-0.0
0.07777777777777778,-16.666666666666664,1.1111111111111107,0.7777777777777777,0.0
0.07777777777777778,-16.666666666666664,3.333333333333334,0.7777777777777777,0.0
0.07777777777777778,-16.666666666666664,5.555555555555557,0.7777777777777777,0.0
0.07777777777777778,-16.666666666666664,7.777777777777779,0.7777777777777777,0.0
0.07777777777777778,-16.666666666666664,10.0,0.7777777777777777,0.0
0.07777777777777778,-10.0,-10.0,0.7777777777777777,-0.0
0.07777777777777778,-10.0,-7.777777777777778,0.7777777777777777,-0.0
0.07777777777777778,-10.0,-5.555555555555555,0.7777777777777777,-0.0
0.07777777777777778,-10.0,-3.333333333333333,0.7777777777777777,-0.0
0.07777777777777778,-10.0,-1.1111111111111107,0.7777777777777777,-0.0
0.07777777777777778,-10.0,1.1111111111111107,0.7777777777777777,0.0
0.07777777777777778,-10.0,3.333333333333334,0.7777777777777777,0.0
0.07777777777777778,-10.0,5.555555555555557,0.7777777777777777,0.0
0.07777777777777778,-10.0,7.777777777777779,0.7777777777777777,0.0
0.07777777777777778,-10.0,10.0,0.7777777777777777,0.0
0.07777777777777778,-3.333333333333332,-10.0,0.7777777777777777,-0.0
0.07777777777777778,-3.333333333333332,-7.777777777777778,0.7777777777777777,-0.0
0.07777777777777778,-3.333333333333332,-5.555555555555555,0.7777777777777777,-0.0
0.07777777777777778,-3.333333333333332,-3.333333333333333,0.7777777777777777,-0.0
0.07777777777777778,-3.333333333333332,-1.1111111111111107,0.7777777777777777,-0.0
0.07777777777777778,-3.333333333333332,1.1111111111111107,0.7777777777777777,0.0
0.07777777777777778,-3.333333333333332,3.333333333333334,0.7777777777777777,0.0
0.07777777777777778,-3.333333333333332,5.555555555555557,0.7777777777777777,0.0
0.07777777777777778,-3.333333333333332,7.777777777777779,0.7777777777777777,0.0
0.07777777777777778,-3.333333333333332,10.0,0.7777777777777777,0.0
0.07777777777777778,3.3333333333333357,-10.0,0.7777777777777777,-0.0
0.07777777777777778,3.3333333333333357,-7.777777777777778,0.7777777777777777,-0.0
0.07777777777777778,3.3333333333333357,-5.555555555555555,0.7777777777777777,-0.0
0.07777777777777778,3.3333333333333357,-3.333333333333333,0.7777777777777777,-0.0
0.07777777777777778,3.3333333333333357,-1.1111111111111107,0.7777777777777777,-0.0
0.07777777777777778,3.3333333333333357,1.1111111111111107,0.7777777777777777,0.0
0.07777777777777778,3.3333333333333357,3.333333333333334,0.7777777777777777,0.0
0.07777777777777778,3.3333333333333357,5.555555555555557,0.7777777777777777,0.0
0.07777777777777778,3.3333333333333357,7.777777777777779,0.7777777777777777,0.0
0.07777777777777778,3.3333333333333357,10.0,0.7777777777777777,0.0
0.07777777777777778,10.0,-10.0,0.7777777777777777,-0.0
0.07777777777777778,10.0,-7.777777777777778,0.7777777777777777,-0.0
0.07777777777777778,10.0,-5.555555555555555,0.7777777777777777,-0.0
0.07777777777777778,10.0,-3.333333333333333,0.7777777777777777,-0.0
0.07777777777777778,10.0,-1.1111111111111107,0.7777777777777777,-0.0
0.07777777777777778,10.0,1.1111111111111107,0.7777777777777777,0.0
0.07777777777777778,10.0,3.333333333333334,0.7777777777777777,0.0
0.07777777777777778,10.0,5.555555555555557,0.7777777777777777,0.0
0.07777777777777778,10.0,7.777777777777779,0.7777777777777777,0.0
0.07777777777777778,10.0,10.0,0.7777777777777777,0.0
0.07777777777777778,16.66666666666667,-10.0,0.7777777777777777,-0.0
0.07777777777777778,16.66666666666667,-7.777777777777778,0.7777777777777777,-0.0
0.07777777777777778,16.66666666666667,-5.555555555555555,0.7777777777777777,-0.0
0.07777777777777778,16.66666666666667,-3.333333333333333,0.7777777777777777,-0.0
0.07777777777777778,16.66666666666667,-1.1111111111111107,0.7777777777777777,-0.0
0.07777777777777778,16.66666666666667,1.1111111111111107,0.7777777777777777,0.0
0.07777777777777778,16.66666666666667,3.333333333333334,0.7777777777777777,0.0
0.07777777777777778,16.66666666666667,5.555555555555557,0.7777777777777777,0.0
0.07777777777777778,16.66666666666667,7.777777777777779,0.7777777777777777,0.0
0.07777777777777778,16.66666666666667,10.0,0.7777777777777777,0.0
0.07777777777777778,23.333333333333336,-10.0,0.7777777777777777,-0.0
0.07777777777777778,23.333333333333336,-7.777777777777778,0.7777777777777777,-0.0
0.07777777777777778,23.333333333333336,-5.555555555555555,0.7777777777777777,-0.0
0.07777777777777778,23.333333333333336,-3.333333333333333,0.7777777777777777,-0.0
0.07777777777777778,23.333333333333336,-1.1111111111111107,0.7777777777777777,-0.0
0.07777777777777778,23.333333333333336,1.1111111111111107,0.7777777777777777,0.0
0.07777777777777778,23.333333333333336,3.333333333333334,0.7777777777777777,0.0
0.07777777777777778,23.333333333333336,5.555555555555557,0.7777777777777777,0.0
0.07777777777777778,23.333333333333336,7.777777777777779,0.7777777777777777,0.0
0.07777777777777778,23.333333333333336,10.0,0.7777777777777777,0.0
0.07777777777777778,30.0,-10.0,0.7777777777777777,-0.0
0.07777777777777778,30.0,-7.777777777777778,0.7777777777777777,-0.0
0.07777777777777778,30.0,-5.555555555555555,0.7777777777777777,-0.0
0.07777777777777778,30.0,-3.333333333333333,0.7777777777777777,-0.0
0.07777777777777778,30.0,-1.1111111111111107,0.7777777777777777,-0.0
0.07777777777777778,30.0,1.1111111111111107,0.7777777777777777,0.0
0.07777777777777778,30.0,3.333333333333334,0.7777777777777777,0.0
0.07777777777777778,30.0,5.555555555555557,0.7777777777777777,0.0
0.07777777777777778,30.0,7.777777777777779,0.7777777777777777,0.0
0.07777777777777778,30.0,10.0,0.7777777777777777,0.0
0.1,-30.0,-10.0,0.7777777777777777,-0.0
0.1,-30.0,-7.777777777777778,0.7777777777777777,-0.0
0.1,-30.0,-5.555555555555555,0.7777777777777777,-0.0
0.1,-30.0,-3.333333333333333,0.7777777777777777,-0.0
0.1,-30.0,-1.1111111111111107,0.7777777777777777,-0.0
0.1,-30.0,1.1111111111111107,0.7777777777777777,0.0
0.1,-30.0,3.333333333333334,0.7777777777777777,0.0
0.1,-30.0,5.555555555555557,0.7777777777777777,0.0
0.1,-30.0,7.777777777777779,0.7777777777777777,0.0
0.1,-30.0,10.0,0.7777777777777777,0.0
0.1,-23.333333333333332,-10.0,0.7777777777777777,-0.0
0.1,-23.333333333333332,-7.777777777777778,0.7777777777777777,-0.0
0.1,-23.333333333333332,-5.555555555555555,0.7777777777777777,-0.0
0.1,-23.333333333333332,-3.333333333333333,0.7777777777777777,-0.0
0.1,-23.333333333333332,-1.1111111111111107,0.7777777777777777,-0.0
0.1,-23.333333333333332,1.1111111111111107,0.7777777777777777,0.0
0.1,-23.333333333333332,3.333333333333334,0.7777777777777777,0.0
0.1,-23.333333333333332,5.555555555555557,0.7777777777777777,0.0
0.1,-23.333333333333332,7.777777777777779,0.7777777777777777,0.0
0.1,-23.333333333333332,10.0,0.7777777777777777,0.0
0.1,-16.666666666666664,-10.0,0.7777777777777777,-0.0
0.1,-16.666666666666664,-7.777777777777778,0.7777777777777777,-0.0
0.1,-16.666666666666664,-5.555555555555555,0.7777777777777777,-0.0
0.1,-16.666666666666664,-3.333333333333333,0.7777777777777777,-0.0
0.1,-16.666666666666664,-1.1111111111111107,0.7777777777777777,-0.0
0.1,-16.666666666666664,1.1111111111111107,0.7777777777777777,0.0
0.1,-16.666666666666664,3.333333333333334,0.7777777777777777,0.0
0.1,-16.666666666666664,5.555555555555557,0.7777777777777777,0.0
0.1,-16.666666666666664,7.777777777777779,0.7777777777777777,0.0
0.1,-16.666666666666664,10.0,0.7777777777777777,0.0
0.1,-10.0,-10.0,0.7777777777777777,-0.0
0.1,-10.0,-7.777777777777778,0.7777777777777777,-0.0
0.1,-10.0,-5.555555555555555,0.7777777777777777,-0.0
0.1,-10.0,-3.333333333333333,0.7777777777777777,-0.0
0.1,-10.0,-1.1111111111111107,0.7777777777777777,-0.0
0.1,-10.0,1.1111111111111107,0.7777777777777777,0.0
0.1,-10.0,3.333333333333334,0.7777777777777777,0.0
0.1,-10.0,5.555555555555557,0.7777777777777777,0.0
0.1,-10.0,7.777777777777779,0.7777777777777777,0.0
0.1,-10.0,10.0,0.7777777777777777,0.0
0.1,-3.333333333333332,-10.0,0.7777777777777777,-0.0
0.1,-3.333333333333332,-7.777777777777778,0.7777777777777777,-0.0
0.1,-3.333333333333332,-5.555555555555555,0.7777777777777777,-0.0
0.1,-3.333333333333332,-3.333333333333333,0.7777777777777777,-0.0
0.1,-3.333333333333332,-1.1111111111111107,0.7777777777777777,-0.0
0.1,-3.333333333333332,1.1111111111111107,0.7777777777777777,0.0
0.1,-3.333333333333332,3.333333333333334,0.7777777777777777,0.0
0.1,-3.333333333333332,5.555555555555557,0.7777777777777777,0.0
0.1,-3.333333333333332,7.777777777777779,0.7777777777777777,0.0
0.1,-3.333333333333332,10.0,0.7777777777777777,0.0
0.1,3.3333333333333357,-10.0,0.7777777777777777,-0.0
0.1,3.3333333333333357,-7.777777777777778,0.7777777777777777,-0.0
0.1,3.3333333333333357,-5.555555555555555,0.7777777777777777,-0.0
0.1,3.3333333333333357,-3.333333333333333,0.7777777777777777,-0.0
0.1,3.3333333333333357,-1.1111111111111107,0.7777777777777777,-0.0
0.1,3.3333333333333357,1.1111111111111107,0.7777777777777777,0.0
0.1,3.3333333333333357,3.333333333333334,0.7777777777777777,0.0
0.1,3.3333333333333357,5.555555555555557,0.7777777777777777,0.0
0.1,3.3333333333333357,7.777777777777779,0.7777777777777777,0.0
0.1,3.3333333333333357,10.0,0.7777777777777777,0.0
0.1,10.0,-10.0,0.7777777777777777,-0.0
0.1,10.0,-7.777777777777778,0.7777777777777777,-0.0
0.1,10.0,-5.555555555555555,0.7777777777777777,-0.0
0.1,10.0,-3.333333333333333,0.7777777777777777,-0.0
0.1,10.0,-1.1111111111111107,0.7777777777777777,-0.0
0.1,10.0,1.1111111111111107,0.7777777777777777,0.0
0.1,10.0,3.333333333333334,0.7777777777777777,0.0
0.1,10.0,5.555555555555557,0.7777777777777777,0.0
0.1,10.0,7.777777777777779,0.7777777777777777,0.0
0.1,10.0,10.0,0.7777777777777777,0.0
0.1,16.66666666666667,-10.0,0.7777777777777777,-0.0
0.1,16.66666666666667,-7.777777777777778,0.7777777777777777,-0.0
0.1,16.66666666666667,-5.555555555555555,0.7777777777777777,-0.0
0.1,16.66666666666667,-3.333333333333333,0.7777777777777777,-0.0
0.1,16.66666666666667,-1.1111111111111107,0.7777777777777777,-0.0
0.1,16.66666666666667,1.1111111111111107,0.7777777777777777,0.0
0.1,16.66666666666667,3.333333333333334,0.7777777777777777,0.0
0.1,16.66666666666667,5.555555555555557,0.7777777777777777,0.0
0.1,16.66666666666667,7.777777777777779,0.7777777777777777,0.0
0.1,16.66666666666667,10.0,0.7777777777777777,0.0
0.1,23.333333333333336,-10.0,0.7777777777777777,-0.0
0.1,23.333333333333336,-7.777777777777778,0.7777777777777777,-0.0
0.1,23.333333333333336,-5.555555555555555,0.7777777777777777,-0.0
0.1,23.333333333333336,-3.333333333333333,0.7777777777777777,-0.0
0.1,23.333333333333336,-1.1111111111111107,0.7777777777777777,-0.0
0.1,23.333333333333336,1.1111111111111107,0.7777777777777777,0.0
0.1,23.333333333333336,3.333333333333334,0.7777777777777777,0.0
0.1,23.333333333333336,5.555555555555557,0.7777777777777777,0.0
0.1,23.333333333333336,7.777777777777779,0.7777777777777777,0.0
0.1,23.333333333333336,10.0,0.7777777777777777,0.0
0.1,30.0,-10.0,0.7777777777777777,-0.0
0.1,30.0,-7.777777777777778,0.7777777777777777,-0.0
0.1,30.0,-5.555555555555555,0.7777777777777777,-0.0
0.1,30.0,-3.333333333333333,0.7777777777777777,-0.0
0.1,30.0,-1.1111111111111107,0.7777777777777777,-0.0
0.1,30.0,1.1111111111111107,0.7777777777777777,0.0
0.1,30.0,3.333333333333334,0.7777777777777777,0.0
0.1,30.0,5.555555555555557,0.7777777777777777,0.0
0.1,30.0,7.777777777777779,0.7777777777777777,0.0
0.1,30.0,10.0,0.7777777777777777,0.0
-0.1,-30.0,-10.0,1.0,-0.0
-0.1,-30.0,-7.777777777777778,1.0,-0.0
-0.1,-30.0,-5.555555555555555,1.0,-0.0
-0.1,-30.0,-3.333333333333333,1.0,-0.0
-0.1,-30.0,-1.1111111111111107,1.0,-0.0
-0.1,-30.0,1.1111111111111107,1.0,0.0
-0.1,-30.0,3.333333333333334,1.0,0.0
-0.1,-30.0,5.555555555555557,1.0,0.0
-0.1,-30.0,7.777777777777779,1.0,0.0
-0.1,-30.0,10.0,1.0,0.0
-0.1,-23.333333333333332,-10.0,1.0,-0.0
-0.1,-23.333333333333332,-7.777777777777778,1.0,-0.0
-0.1,-23.333333333333332,-5.555555555555555,1.0,-0.0
-0.1,-23.333333333333332,-3.333333333333333,1.0,-0.0
-0.1,-23.333333333333332,-1.1111111111111107,1.0,-0.0
-0.1,-23.333333333333332,1.1111111111111107,1.0,0.0
-0.1,-23.333333333333332,3.333333333333334,1.0,0.0
-0.1,-23.333333333333332,5.555555555555557,1.0,0.0
-0.1,-23.333333333333332,7.777777777777779,1.0,0.0
-0.1,-23.333333333333332,10.0,1.0,0.0
-0.1,-16.666666666666664,-10.0,1.0,-0.0
-0.1,-16.666666666666664,-7.777777777777778,1.0,-0.0
-0.1,-16.666666666666664,-5.555555555555555,1.0,-0.0
-0.1,-16.666666666666664,-3.333333333333333,1.0,-0.0
-0.1,-16.666666666666664,-1.1111111111111107,1.0,-0.0
-0.1,-16.666666666666664,1.1111111111111107,1.0,0.0
-0.1,-16.666666666666664,3.333333333333334,1.0,0.0
-0.1,-16.666666666666664,5.555555555555557,1.0,0.0
-0.1,-16.666666666666664,7.777777777777779,1.0,0.0
-0.1,-16.666666666666664,10.0,1.0,0.0
-0.1,-10.0,-10.0,1.0,-0.0
-0.1,-10.0,-7.777777777777778,1.0,-0.0
-0.1,-10.0,-5.555555555555555,1.0,-0.0
-0.1,-10.0,-3.333333333333333,1.0,-0.0
-0.1,-10.0,-1.1111111111111107,1.0,-0.0
-0.1,-10.0,1.1111111111111107,1.0,0.0
-0.1,-10.0,3.333333333333334,1.0,0.0
-0.1,-10.0,5.555555555555557,1.0,0.0
-0.1,-10.0,7.777777777777779,1.0,0.0
-0.1,-10.0,10.0,1.0,0.0
-0.1,-3.333333333333332,-10.0,1.0,-0.0
-0.1,-3.333333333333332,-7.777777777777778,1.0,-0.0
-0.1,-3.333333333333332,-5.555555555555555,1.0,-0.0
-0.1,-3.333333333333332,-3.333333333333333,1.0,-0.0
-0.1,-3.333333333333332,-1.1111111111111107,1.0,-0.0
-0.1,-3.333333333333332,1.1111111111111107,1.0,0.0
-0.1,-3.333333333333332,3.333333333333334,1.0,0.0
-0.1,-3.333333333333332,5.555555555555557,1.0,0.0
-0.1,-3.333333333333332,7.777777777777779,1.0,0.0
-0.1,-3.333333333333332,10.0,1.0,0.0
-0.1,3.3333333333333357,-10.0,1.0,-0.0
-0.1,3.3333333333333357,-7.777777777777778,1.0,-0.0
-0.1,3.3333333333333357,-5.555555555555555,1.0,-0.0
-0.1,3.3333333333333357,-3.333333333333333,1.0,-0.0
-0.1,3.3333333333333357,-1.1111111111111107,1.0,-0.0
-0.1,3.3333333333333357,1.1111111111111107,1.0,0.0
-0.1,3.3333333333333357,3.333333333333334,1.0,0.0
-0.1,3.3333333333333357,5.555555555555557,1.0,0.0
-0.1,3.3333333333333357,7.777777777777779,1.0,0.0
-0.1,3.3333333333333357,10.0,1.0,0.0
-0.1,10.0,-10.0,1.0,-0.0
-0.1,10.0,-7.777777777777778,1.0,-0.0
-0.1,10.0,-5.555555555555555,1.0,-0.0
-0.1,10.0,-3.333333333333333,1.0,-0.0
-0.1,10.0,-1.1111111111111107,1.0,-0.0
-0.1,10.0,1.1111111111111107,1.0,0.0
-0.1,10.0,3.333333333333334,1.0,0.0
-0.1,10.0,5.555555555555557,1.0,0.0
-0.1,10.0,7.777777777777779,1.0,0.0
-0.1,10.0,10.0,1.0,0.0
-0.1,16.66666666666667,-10.0,1.0,-0.0
-0.1,16.66666666666667,-7.777777777777778,1.0,-0.0
-0.1,16.66666666666667,-5.555555555555555,1.0,-0.0
-0.1,16.66666666666667,-3.333333333333333,1.0,-0.0
-0.1,16.66666666666667,-1.1111111111111107,1.0,-0.0
-0.1,16.66666666666667,1.1111111111111107,1.0,0.0
-0.1,16.66666666666667,3.333333333333334,1.0,0.0
-0.1,16.66666666666667,5.555555555555557,1.0,0.0
-0.1,16.66666666666667,7.777777777777779,1.0,0.0
-0.1,16.66666666666667,10.0,1.0,0.0
-0.1,23.333333333333336,-10.0,1.0,-0.0
-0.1,23.333333333333336,-7.777777777777778,1.0,-0.0
-0.1,23.333333333333336,-5.555555555555555,1.0,-0.0
-0.1,23.333333333333336,-3.333333333333333,1.0,-0.0
-0.1,23.333333333333336,-1.1111111111111107,1.0,-0.0
-0.1,23.333333333333336,1.1111111111111107,1.0,0.0
-0.1,23.333333333333336,3.333333333333334,1.0,0.0
-0.1,23.333333333333336,5.555555555555557,1.0,0.0
-0.1,23.333333333333336,7.777777777777779,1.0,0.0
-0.1,23.333333333333336,10.0,1.0,0.0
-0.1,30.0,-10.0,1.0,-0.0
-0.1,30.0,-7.777777777777778,1.0,-0.0
-0.1,30.0,-5.555555555555555,1.0,-0.0
-0.1,30.0,-3.333333333333333,1.0,-0.0
-0.1,30.0,-1.1111111111111107,1.0,-0.0
-0.1,30.0,1.1111111111111107,1.0,0.0
-0.1,30.0,3.333333333333334,1.0,0.0
-0.1,30.0,5.555555555555557,1.0,0.0
-0.1,30.0,7.777777777777779,1.0,0.0
-0.1,30.0,10.0,1.0,0.0
-0.07777777777777778,-30.0,-10.0,1.0,-0.0
-0.07777777777777778,-30.0,-7.777777777777778,1.0,-0.0
-0.07777777777777778,-30.0,-5.555555555555555,1.0,-0.0
-0.07777777777777778,-30.0,-3.333333333333333,1.0,-0.0
-0.07777777777777778,-30.0,-1.1111111111111107,1.0,-0.0
-0.07777777777777778,-30.0,1.1111111111111107,1.0,0.0
-0.07777777777777778,-30.0,3.333333333333334,1.0,0.0
-0.07777777777777778,-30.0,5.555555555555557,1.0,0.0
-0.07777777777777778,-30.0,7.777777777777779,1.0,0.0
-0.07777777777777778,-30.0,10.0,1.0,0.0
-0.07777777777777778,-23.333333333333332,-10.0,1.0,-0.0
-0.07777777777777778,-23.333333333333332,-7.777777777777778,1.0,-0.0
-0.07777777777777778,-23.333333333333332,-5.555555555555555,1.0,-0.0
-0.07777777777777778,-23.333333333333332,-3.333333333333333,1.0,-0.0
-0.07777777777777778,-23.333333333333332,-1.1111111111111107,1.0,-0.0
-0.07777777777777778,-23.333333333333332,1.1111111111111107,1.0,0.0
-0.07777777777777778,-23.333333333333332,3.333333333333334,1.0,0.0
-0.07777777777777778,-23.333333333333332,5.555555555555557,1.0,0.0
-0.07777777777777778,-23.333333333333332,7.777777777777779,1.0,0.0
-0.07777777777777778,-23.333333333333332,10.0,1.0,0.0
-0.07777777777777778,-16.666666666666664,-10.0,1.0,-0.0
-0.07777777777777778,-16.666666666666664,-7.777777777777778,1.0,-0.0
-0.07777777777777778,-16.666666666666664,-5.555555555555555,1.0,-0.0
-0.07777777777777778,-16.666666666666664,-3.333333333333333,1.0,-0.0
-0.07777777777777778,-16.666666666666664,-1.1111111111111107,1.0,-0.0
-0.07777777777777778,-16.666666666666664,1.1111111111111107,1.0,0.0
-0.07777777777777778,-16.666666666666664,3.333333333333334,1.0,0.0
-0.07777777777777778,-16.666666666666664,5.555555555555557,1.0,0.0
-0.07777777777777778,-16.666666666666664,7.777777777777779,1.0,0.0
-0.07777777777777778,-16.666666666666664,10.0,1.0,0.0
-0.07777777777777778,-10.0,-10.0,1.0,-0.0
-0.07777777777777778,-10.0,-7.777777777777778,1.0,-0.0
-0.07777777777777778,-10.0,-5.555555555555555,1.0,-0.0
-0.07777777777777778,-10.0,-3.333333333333333,1.0,-0.0
-0.07777777777777778,-10.0,-1.1111111111111107,1.0,-0.0
-0.07777777777777778,-10.0,1.1111111111111107,1.0,0.0
-0.07777777777777778,-10.0,3.333333333333334,1.0,0.0
-0.07777777777777778,-10.0,5.555555555555557,1.0,0.0
-0.07777777777777778,-10.0,7.777777777777779,1.0,0.0
-0.07777777777777778,-10.0,10.0,1.0,0.0
-0.07777777777777778,-3.333333333333332,-10.0,1.0,-0.0
-0.07777777777777778,-3.333333333333332,-7.777777777777778,1.0,-0.0
-0.07777777777777778,-3.333333333333332,-5.555555555555555,1.0,-0.0
-0.07777777777777778,-3.333333333333332,-3.333333333333333,1.0,-0.0
-0.07777777777777778,-3.333333333333332,-1.1111111111111107,1.0,-0.0
-0.07777777777777778,-3.333333333333332,1.1111111111111107,1.0,0.0
-0.07777777777777778,-3.333333333333332,3.333333333333334,1.0,0.0
-0.07777777777777778,-3.333333333333332,5.555555555555557,1.0,0.0
-0.07777777777777778,-3.333333333333332,7.777777777777779,1.0,0.0
-0.07777777777777778,-3.333333333333332,10.0,1.0,0.0
-0.07777777777777778,3.3333333333333357,-10.0,1.0,-0.0
-0.07777777777777778,3.3333333333333357,-7.777777777777778,1.0,-0.0
-0.07777777777777778,3.3333333333333357,-5.555555555555555,1.0,-0.0
-0.07777777777777778,3.3333333333333357,-3.333333333333333,1.0,-0.0
-0.07777777777777778,3.3333333333333357,-1.1111111111111107,1.0,-0.0
-0.07777777777777778,3.3333333333333357,1.1111111111111107,1.0,0.0
-0.07777777777777778,3.3333333333333357,3.333333333333334,1.0,0.0
-0.07777777777777778,3.3333333333333357,5.555555555555557,1.0,0.0
-0.07777777777777778,3.3333333333333357,7.777777777777779,1.0,0.0
-0.07777777777777778,3.3333333333333357,10.0,1.0,0.0
-0.07777777777777778,10.0,-10.0,1.0,-0.0
-0.07777777777777778,10.0,-7.777777777777778,1.0,-0.0
-0.07777777777777778,10.0,-5.555555555555555,1.0,-0.0
-0.07777777777777778,10.0,-3.333333333333333,1.0,-0.0
-0.07777777777777778,10.0,-1.1111111111111107,1.0,-0.0
-0.07777777777777778,10.0,1.1111111111111107,1.0,0.0
-0.07777777777777778,10.0,3.333333333333334,1.0,0.0
-0.07777777777777778,10.0,5.555555555555557,1.0,0.0
-0.07777777777777778,10.0,7.777777777777779,1.0,0.0
-0.07777777777777778,10.0,10.0,1.0,0.0
-0.07777777777777778,16.66666666666667,-10.0,1.0,-0.0
-0.07777777777777778,16.66666666666667,-7.777777777777778,1.0,-0.0
-0.07777777777777778,16.66666666666667,-5.555555555555555,1.0,-0.0
-0.07777777777777778,16.66666666666667,-3.333333333333333,1.0,-0.0
-0.07777777777777778,16.66666666666667,-1.1111111111111107,1.0,-0.0
-0.07777777777777778,16.66666666666667,1.1111111111111107,1.0,0.0
-0.07777777777777778,16.66666666666667,3.333333333333334,1.0,0.0
-0.07777777777777778,16.66666666666667,5.555555555555557,1.0,0.0
-0.07777777777777778,16.66666666666667,7.777777777777779,1.0,0.0
-0.07777777777777778,16.66666666666667,10.0,1.0,0.0
-0.07777777777777778,23.333333333333336,-10.0,1.0,-0.0
-0.07777777777777778,23.333333333333336,-7.777777777777778,1.0,-0.0
-0.07777777777777778,23.333333333333336,-5.555555555555555,1.0,-0.0
-0.07777777777777778,23.333333333333336,-3.333333333333333,1.0,-0.0
-0.07777777777777778,23.333333333333336,-1.1111111111111107,1.0,-0.0
-0.07777777777777778,23.333333333333336,1.1111111111111107,1.0,0.0
-0.07777777777777778,23.333333333333336,3.333333333333334,1.0,0.0
-0.07777777777777778,23.333333333333336,5.555555555555557,1.0,0.0
-0.07777777777777778,23.333333333333336,7.777777777777779,1.0,0.0
-0.07777777777777778,23.333333333333336,10.0,1.0,0.0
-0.07777777777777778,30.0,-10.0,1.0,-0.0
-0.07777777777777778,30.0,-7.777777777777778,1.0,-0.0
-0.07777777777777778,30.0,-5.555555555555555,1.0,-0.0
-0.07777777777777778,30.0,-3.333333333333333,1.0,-0.0
-0.07777777777777778,30.0,-1.1111111111111107,1.0,-0.0
-0.07777777777777778,30.0,1.1111111111111107,1.0,0.0
-0.07777777777777778,30.0,3.333333333333334,1.0,0.0
-0.07777777777777778,30.0,5.555555555555557,1.0,0.0
-0.07777777777777778,30.0,7.777777777777779,1.0,0.0
-0.07777777777777778,30.0,10.0,1.0,0.0
-0.05555555555555556,-30.0,-10.0,1.0,-0.0001514270663356035
-0.05555555555555556,-30.0,-7.777777777777778,1.0,-0.0001514270663356035
-0.05555555555555556,-30.0,-5.555555555555555,1.0,-0.0001514270663356035
-0.05555555555555556,-30.0,-3.333333333333333,1.0,-0.0001514270663356035
-0.05555555555555556,-30.0,-1.1111111111111107,1.0,-0.0001514270663356035
-0.05555555555555556,-30.0,1.1111111111111107,1.0,0.0001514270663356035
-0.05555555555555556,-30.0,3.333333333333334,1.0,0.0001514270663356035
-0.05555555555555556,-30.0,5.555555555555557,1.0,0.0001514270663356035
-0.05555555555555556,-30.0,7.777777777777779,1.0,0.0001514270663356035
-0.05555555555555556,-30.0,10.0,1.0,0.0001514270663356035
-0.05555555555555556,-23.333333333333332,-10.0,1.0,-0.0001514270663356035
-0.05555555555555556,-23.333333333333332,-7.777777777777778,1.0,-0.0001514270663356035
-0.05555555555555556,-23.333333333333332,-5.555555555555555,1.0,-0.0001514270663356035
-0.05555555555555556,-23.333333333333332,-3.333333333333333,1.0,-0.0001514270663356035
-0.05555555555555556,-23.333333333333332,-1.1111111111111107,1.0,-0.0001514270663356035
-0.05555555555555556,-23.333333333333332,1.1111111111111107,1.0,0.0001514270663356035
-0.05555555555555556,-23.333333333333332,3.333333333333334,1.0,0.0001514270663356035
-0.05555555555555556,-23.333333333333332,5.555555555555557,1.0,0.0001514270663356035
-0.05555555555555556,-23.333333333333332,7.777777777777779,1.0,0.0001514270663356035
-0.05555555555555556,-23.333333333333332,10.0,1.0,0.0001514270663356035
-0.05555555555555556,-16.666666666666664,-10.0,1.0,-0.0001514270663356035
-0.05555555555555556,-16.666666666666664,-7.777777777777778,1.0,-0.0001514270663356035
-0.05555555555555556,-16.666666666666664,-5.555555555555555,1.0,-0.0001514270663356035
-0.05555555555555556,-16.666666666666664,-3.333333333333333,1.0,-0.0001514270663356035
-0.05555555555555556,-16.666666666666664,-1.1111111111111107,1.0,-0.0001514270663356035
-0.05555555555555556,-16.666666666666664,1.1111111111111107,1.0,0.0001514270663356035
-0.05555555555555556,-16.666666666666664,3.333333333333334,1.0,0.0001514270663356035
-0.05555555555555556,-16.666666666666664,5.555555555555557,1.0,0.0001514270663356035
-0.05555555555555556,-16.666666666666664,7.777777777777779,1.0,0.0001514270663356035
-0.05555555555555556,-16.666666666666664,10.0,1.0,0.0001514270663356035
-0.05555555555555556,-10.0,-10.0,1.0,-0.0001514270663356035
-0.05555555555555556,-10.0,-7.777777777777778,1.0,-0.0001514270663356035
-0.05555555555555556,-10.0,-5.555555555555555,1.0,-0.0001514270663356035
-0.05555555555555556,-10.0,-3.333333333333333,1.0,-0.0001514270663356035
-0.05555555555555556,-10.0,-1.1111111111111107,1.0,-0.0001514270663356035
-0.05555555555555556,-10.0,1.1111111111111107,1.0,0.0001514270663356035
-0.05555555555555556,-10.0,3.333333333333334,1.0,0.0001514270663356035
-0.05555555555555556,-10.0,5.555555555555557,1.0,0.0001514270663356035
-0.05555555555555556,-10.0,7.777777777777779,1.0,0.0001514270663356035
-0.05555555555555556,-10.0,10.0,1.0,0.0001514270663356035
-0.05555555555555556,-3.333333333333332,-10.0,1.0,-0.0001514270663356035
-0.05555555555555556,-3.333333333333332,-7.777777777777778,1.0,-0.0001514270663356035
-0.05555555555555556,-3.333333333333332,-5.555555555555555,1.0,-0.0001514270663356035
-0.05555555555555556,-3.333333333333332,-3.333333333333333,1.0,-0.0001514270663356035
-0.05555555555555556,-3.333333333333332,-1.1111111111111107,1.0,-0.0001514270663356035
-0.05555555555555556,-3.333333333333332,1.1111111111111107,1.0,0.0001514270663356035
-0.05555555555555556,-3.333333333333332,3.333333333333334,1.0,0.0001514270663356035
-0.05555555555555556,-3.333333333333332,5.555555555555557,1.0,0.0001514270663356035
-0.05555555555555556,-3.333333333333332,7.777777777777779,1.0,0.0001514270663356035
-0.05555555555555556,-3.333333333333332,10.0,1.0,0.0001514270663356035
-0.05555555555555556,3.3333333333333357,-10.0,1.0,-0.0001514270663356035
-0.05555555555555556,3.3333333333333357,-7.777777777777778,1.0,-0.0001514270663356035
-0.05555555555555556,3.3333333333333357,-5.555555555555555,1.0,-0.0001514270663356035
-0.05555555555555556,3.3333333333333357,-3.333333333333333,1.0,-0.0001514270663356035
-0.05555555555555556,3.3333333333333357,-1.1111111111111107,1.0,-0.0001514270663356035
-0.05555555555555556,3.3333333333333357,1.1111111111111107,1.0,0.0001514270663356035
-0.05555555555555556,3.3333333333333357,3.333333333333334,1.0,0.0001514270663356035
-0.05555555555555556,3.3333333333333357,5.555555555555557,1.0,0.0001514270663356035
-0.05555555555555556,3.3333333333333357,7.777777777777779,1.0,0.0001514270663356035
-0.05555555555555556,3.3333333333333357,10.0,1.0,0.0001514270663356035
-0.05555555555555556,10.0,-10.0,1.0,-0.0001514270663356035
-0.05555555555555556,10.0,-7.777777777777778,1.0,-0.0001514270663356035
-0.05555555555555556,10.0,-5.555555555555555,1.0,-0.0001514270663356035
-0.05555555555555556,10.0,-3.333333333333333,1.0,-0.0001514270663356035
-0.05555555555555556,10.0,-1.1111111111111107,1.0,-0.0001514270663356035
-0.05555555555555556,10.0,1.1111111111111107,1.0,0.0001514270663356035
-0.05555555555555556,10.0,3.333333333333334,1.0,0.0001514270663356035
-0.05555555555555556,10.0,5.555555555555557,1.0,0.0001514270663356035
-0.05555555555555556,10.0,7.777777777777779,1.0,0.0001514270663356035
-0.05555555555555556,10.0,10.0,1.0,0.0001514270663356035
-0.05555555555555556,16.66666666666667,-10.0,1.0,-0.0001514270663356035
-0.05555555555555556,16.66666666666667,-7.777777777777778,1.0,-0.0001514270663356035
-0.05555555555555556,16.66666666666667,-5.555555555555555,1.0,-0.0001514270663356035
-0.05555555555555556,16.66666666666667,-3.333333333333333,1.0,-0.0001514270663356035
-0.05555555555555556,16.66666666666667,-1.1111111111111107,1.0,-0.0001514270663356035
-0.05555555555555556,16.66666666666667,1.1111111111111107,1.0,0.0001514270663356035
-0.05555555555555556,16.66666666666667,3.333333333333334,1.0,0.0001514270663356035
-0.05555555555555556,16.66666666666667,5.555555555555557,1.0,0.0001514270663356035
-0.05555555555555556,16.66666666666667,7.777777777777779,1.0,0.0001514270663356035
-0.05555555555555556,16.66666666666667,10.0,1.0,0.0001514270663356035
-0.05555555555555556,23.333333333333336,-10.0,1.0,-0.0001514270663356035
-0.05555555555555556,23.333333333333336,-7.777777777777778,1.0,-0.0001514270663356035
-0.05555555555555556,23.333333333333336,-5.555555555555555,1.0,-0.0001514270663356035
-0.05555555555555556,23.333333333333336,-3.333333333333333,1.0,-0.0001514270663356035
-0.05555555555555556,23.333333333333336,-1.1111111111111107,1.0,-0.0001514270663356035
-0.05555555555555556,23.333333333333336,1.1111111111111107,1.0,0.0001514270663356035
-0.05555555555555556,23.333333333333336,3.333333333333334,1.0,0.0001514270663356035
-0.05555555555555556,23.333333333333336,5.555555555555557,1.0,0.0001514270663356035
-0.05555555555555556,23.333333333333336,7.777777777777779,1.0,0.0001514270663356035
-0.05555555555555556,23.333333333333336,10.0,1.0,0.0001514270663356035
-0.05555555555555556,30.0,-10.0,1.0,-0.0001514270663356035
-0.05555555555555556,30.0,-7.777777777777778,1.0,-0.0001514270663356035
-0.05555555555555556,30.0,-5.555555555555555,1.0,-0.0001514270663356035
-0.05555555555555556,30.0,-3.333333333333333,1.0,-0.0001514270663356035
-0.05555555555555556,30.0,-1.1111111111111107,1.0,-0.0001514270663356035
-0.05555555555555556,30.0,1.1111111111111107,1.0,0.0001514270663356035
-0.05555555555555556,30.0,3.333333333333334,1.0,0.0001514270663356035
-0.05555555555555556,30.0,5.555555555555557,1.0,0.0001514270663356035
-0.05555555555555556,30.0,7.777777777777779,1.0,0.0001514270663356035
-0.05555555555555556,30.0,10.0,1.0,0.0001514270663356035
-0.03333333333333334,-30.0,-10.0,1.0,-0.0027392966347886006
-0.03333333333333334,-30.0,-7.777777777777778,1.0,-0.0027392966347886006
-0.03333333333333334,-30.0,-5.555555555555555,1.0,-0.0027392966347886006
-0.03333333333333334,-30.0,-3.333333333333333,1.0,-0.0027392966347886006
-0.03333333333333334,-30.0,-1.1111111111111107,1.0,-0.0027392966347886006
-0.03333333333333334,-30.0,1.1111111111111107,1.0,0.0027392966347886006
-0.03333333333333334,-30.0,3.333333333333334,1.0,0.0027392966347886006
-0.03333333333333334,-30.0,5.555555555555557,1.0,0.0027392966347886006
-0.03333333333333334,-30.0,7.777777777777779,1.0,0.0027392966347886006
-0.03333333333333334,-30.0,10.0,1.0,0.0027392966347886006
-0.03333333333333334,-23.333333333333332,-10.0,1.0,-0.0027392966347886006
-0.03333333333333334,-23.333333333333332,-7.777777777777778,1.0,-0.0027392966347886006
-0.03333333333333334,-23.333333333333332,-5.555555555555555,1.0,-0.0027392966347886006
-0.03333333333333334,-23.333333333333332,-3.333333333333333,1.0,-0.0027392966347886006
-0.03333333333333334,-23.333333333333332,-1.1111111111111107,1.0,-0.0027392966347886006
-0.03333333333333334,-23.333333333333332,1.1111111111111107,1.0,0.0027392966347886006
-0.03333333333333334,-23.333333333333332,3.333333333333334,1.0,0.0027392966347886006
-0.03333333333333334,-23.333333333333332,5.555555555555557,1.0,0.0027392966347886006
-0.03333333333333334,-23.333333333333332,7.777777777777779,1.0,0.0027392966347886006
-0.03333333333333334,-23.333333333333332,10.0,1.0,0.0027392966347886006
-0.03333333333333334,-16.666666666666664,-10.0,1.0,-0.0027392966347886006
-0.03333333333333334,-16.666666666666664,-7.777777777777778,1.0,-0.0027392966347886006
-0.03333333333333334,-16.666666666666664,-5.555555555555555,1.0,-0.0027392966347886006
-0.03333333333333334,-16.666666666666664,-3.333333333333333,1.0,-0.0027392966347886006
-0.03333333333333334,-16.666666666666664,-1.1111111111111107,1.0,-0.0027392966347886006
-0.03333333333333334,-16.666666666666664,1.1111111111111107,1.0,0.0027392966347886006
-0.03333333333333334,-16.666666666666664,3.333333333333334,1.0,0.0027392966347886006
-0.03333333333333334,-16.666666666666664,5.555555555555557,1.0,0.0027392966347886006
-0.03333333333333334,-16.666666666666664,7.777777777777779,1.0,0.0027392966347886006
-0.03333333333333334,-16.666666666666664,10.0,1.0,0.0027392966347886006
-0.03333333333333334,-10.0,-10.0,1.0,-0.0027392966347886006
-0.03333333333333334,-10.0,-7.777777777777778,1.0,-0.0027392966347886006
-0.03333333333333334,-10.0,-5.555555555555555,1.0,-0.0027392966347886006
-0.03333333333333334,-10.0,-3.333333333333333,1.0,-0.0027392966347886006
-0.03333333333333334,-10.0,-1.1111111111111107,1.0,-0.0027392966347886006
-0.03333333333333334,-10.0,1.1111111111111107,1.0,0.0027392966347886006
-0.03333333333333334,-10.0,3.333333333333334,1.0,0.0027392966347886006
-0.03333333333333334,-10.0,5.555555555555557,1.0,0.0027392966347886006
-0.03333333333333334,-10.0,7.777777777777779,1.0,0.0027392966347886006
-0.03333333333333334,-10.0,10.0,1.0,0.0027392966347886006
-0.03333333333333334,-3.333333333333332,-10.0,1.0,-0.0027392966347886006
-0.03333333333333334,-3.333333333333332,-7.777777777777778,1.0,-0.0027392966347886006
-0.03333333333333334,-3.333333333333332,-5.555555555555555,1.0,-0.0027392966347886006
-0.03333333333333334,-3.333333333333332,-3.333333333333333,1.0,-0.0027392966347886006
-0.03333333333333334,-3.333333333333332,-1.1111111111111107,1.0,-0.0027392966347886006
-0.03333333333333334,-3.333333333333332,1.1111111111111107,1.0,0.0027392966347886006
-0.03333333333333334,-3.333333333333332,3.333333333333334,1.0,0.0027392966347886006
-0.03333333333333334,-3.333333333333332,5.555555555555557,1.0,0.0027392966347886006
-0.03333333333333334,-3.333333333333332,7.777777777777779,1.0,0.0027392966347886006
-0.03333333333333334,-3.333333333333332,10.0,1.0,0.0027392966347886006
-0.03333333333333334,3.3333333333333357,-10.0,1.0,-0.0027392966347886006
-0.03333333333333334,3.3333333333333357,-7.777777777777778,1.0,-0.0027392966347886006
-0.03333333333333334,3.3333333333333357,-5.555555555555555,1.0,-0.0027392966347886006
-0.03333333333333334,3.3333333333333357,-3.333333333333333,1.0,-0.0027392966347886006
-0.03333333333333334,3.3333333333333357,-1.1111111111111107,1.0,-0.0027392966347886006
-0.03333333333333334,3.3333333333333357,1.1111111111111107,1.0,0.0027392966347886006
-0.03333333333333334,3.3333333333333357,3.333333333333334,1.0,0.0027392966347886006
-0.03333333333333334,3.3333333333333357,5.555555555555557,1.0,0.0027392966347886006
-0.03333333333333334,3.3333333333333357,7.777777777777779,1.0,0.0027392966347886006
-0.03333333333333334,3.3333333333333357,10.0,1.0,0.0027392966347886006
-0.03333333333333334,10.0,-10.0,1.0,-0.0027392966347886006
-0.03333333333333334,10.0,-7.777777777777778,1.0,-0.0027392966347886006
-0.03333333333333334,10.0,-5.555555555555555,1.0,-0.0027392966347886006
-0.03333333333333334,10.0,-3.333333333333333,1.0,-0.0027392966347886006
-0.03333333333333334,10.0,-1.1111111111111107,1.0,-0.0027392966347886006
-0.03333333333333334,10.0,1.1111111111111107,1.0,0.0027392966347886006
-0.03333333333333334,10.0,3.333333333333334,1.0,0.0027392966347886006
-0.03333333333333334,10.0,5.555555555555557,1.0,0.0027392966347886006
-0.03333333333333334,10.0,7.777777777777779,1.0,0.0027392966347886006
-0.03333333333333334,10.0,10.0,1.0,0.0027392966347886006
-0.03333333333333334,16.66666666666667,-10.0,1.0,-0.0027392966347886006
-0.03333333333333334,16.66666666666667,-7.777777777777778,1.0,-0.0027392966347886006
-0.03333333333333334,16.66666666666667,-5.555555555555555,1.0,-0.0027392966347886006
-0.03333333333333334,16.66666666666667,-3.333333333333333,1.0,-0.0027392966347886006
-0.03333333333333334,16.66666666666667,-1.1111111111111107,1.0,-0.0027392966347886006
-0.03333333333333334,16.66666666666667,1.1111111111111107,1.0,0.0027392966347886006
-0.03333333333333334,16.66666666666667,3.333333333333334,1.0,0.0027392966347886006
-0.03333333333333334,16.66666666666667,5.555555555555557,1.0,0.0027392966347886006
-0.03333333333333334,16.66666666666667,7.777777777777779,1.0,0.0027392966347886006
-0.03333333333333334,16.66666666666667,10.0,1.0,0.0027392966347886006
-0.03333333333333334,23.333333333333336,-10.0,1.0,-0.0027392966347886006
-0.03333333333333334,23.333333333333336,-7.777777777777778,1.0,-0.0027392966347886006
-0.03333333333333334,23.333333333333336,-5.555555555555555,1.0,-0.0027392966347886006
-0.03333333333333334,23.333333333333336,-3.333333333333333,1.0,-0.0027392966347886006
-0.03333333333333334,23.333333333333336,-1.1111111111111107,1.0,-0.0027392966347886006
-0.03333333333333334,23.333333333333336,1.1111111111111107,1.0,0.0027392966347886006
-0.03333333333333334,23.333333333333336,3.333333333333334,1.0,0.0027392966347886006
-0.03333333333333334,23.333333333333336,5.555555555555557,1.0,0.0027392966347886006
-0.03333333333333334,23.333333333333336,7.777777777777779,1.0,0.0027392966347886006
-0.03333333333333334,23.333333333333336,10.0,1.0,0.0027392966347886006
-0.03333333333333334,30.0,-10.0,1.0,-0.0027392966347886006
-0.03333333333333334,30.0,-7.777777777777778,1.0,-0.0027392966347886006
-0.03333333333333334,30.0,-5.555555555555555,1.0,-0.0027392966347886006
-0.03333333333333334,30.0,-3.333333333333333,1.0,-0.0027392966347886006
-0.03333333333333334,30.0,-1.1111111111111107,1.0,-0.0027392966347886006
-0.03333333333333334,30.0,1.1111111111111107,1.0,0.0027392966347886006
-0.03333333333333334,30.0,3.333333333333334,1.0,0.0027392966347886006
-0.03333333333333334,30.0,5.555555555555557,1.0,0.0027392966347886006
-0.03333333333333334,30.0,7.777777777777779,1.0,0.0027392966347886006
-0.03333333333333334,30.0,10.0,1.0,0.0027392966347886006
-0.011111111111111113,-30.0,-10.0,1.0,-0.04356507357261499
-0.011111111111111113,-30.0,-7.777777777777778,1.0,-0.04356507357261499
-0.011111111111111113,-30.0,-5.555555555555555,1.0,-0.04356507357261499
-0.011111111111111113,-30.0,-3.333333333333333,1.0,-0.04356507357261499
-0.011111111111111113,-30.0,-1.1111111111111107,1.0,-0.04356507357261499
-0.011111111111111113,-30.0,1.1111111111111107,1.0,0.04356507357261499
-0.011111111111111113,-30.0,3.333333333333334,1.0,0.04356507357261499
-0.011111111111111113,-30.0,5.555555555555557,1.0,0.04356507357261499
-0.011111111111111113,-30.0,7.777777777777779,1.0,0.04356507357261499
-0.011111111111111113,-30.0,10.0,1.0,0.04356507357261499
-0.011111111111111113,-23.333333333333332,-10.0,1.0,-0.04356507357261499
-0.011111111111111113,-23.333333333333332,-7.777777777777778,1.0,-0.04356507357261499
-0.011111111111111113,-23.333333333333332,-5.555555555555555,1.0,-0.04356507357261499
-0.011111111111111113,-23.333333333333332,-3.333333333333333,1.0,-0.04356507357261499
-0.011111111111111113,-23.333333333333332,-1.1111111111111107,1.0,-0.04356507357261499
-0.011111111111111113,-23.333333333333332,1.1111111111111107,1.0,0.04356507357261499
-0.011111111111111113,-23.333333333333332,3.333333333333334,1.0,0.04356507357261499
-0.011111111111111113,-23.333333333333332,5.555555555555557,1.0,0.04356507357261499
-0.011111111111111113,-23.333333333333332,7.777777777777779,1.0,0.04356507357261499
-0.011111111111111113,-23.333333333333332,10.0,1.0,0.04356507357261499
-0.011111111111111113,-16.666666666666664,-10.0,1.0,-0.04356507357261499
-0.011111111111111113,-16.666666666666664,-7.777777777777778,1.0,-0.04356507357261499
-0.011111111111111113,-16.666666666666664,-5.555555555555555,1.0,-0.04356507357261499
-0.011111111111111113,-16.666666666666664,-3.333333333333333,1.0,-0.04356507357261499
-0.011111111111111113,-16.666666666666664,-1.1111111111111107,1.0,-0.04356507357261499
-0.011111111111111113,-16.666666666666664,1.1111111111111107,1.0,0.04356507357261499
-0.011111111111111113,-16.666666666666664,3.333333333333334,1.0,0.04356507357261499
-0.011111111111111113,-16.666666666666664,5.555555555555557,1.0,0.04356507357261499
-0.011111111111111113,-16.666666666666664,7.777777777777779,1.0,0.04356507357261499
-0.011111111111111113,-16.666666666666664,10.0,1.0,0.04356507357261499
-0.011111111111111113,-10.0,-10.0,1.0,-0.04356507357261499
-0.011111111111111113,-10.0,-7.777777777777778,1.0,-0.04356507357261499
-0.011111111111111113,-10.0,-5.555555555555555,1.0,-0.04356507357261499
-0.011111111111111113,-10.0,-3.333333333333333,1.0,-0.04356507357261499
-0.011111111111111113,-10.0,-1.1111111111111107,1.0,-0.04356507357261499
-0.011111111111111113,-10.0,1.1111111111111107,1.0,0.04356507357261499
-0.011111111111111113,-10.0,3.333333333333334,1.0,0.04356507357261499
-0.011111111111111113,-10.0,5.555555555555557,1.0,0.04356507357261499
-0.011111111111111113,-10.0,7.777777777777779,1.0,0.04356507357261499
-0.011111111111111113,-10.0,10.0,1.0,0.04356507357261499
-0.011111111111111113,-3.333333333333332,-10.0,1.0,-0.04356507357261499
-0.011111111111111113,-3.333333333333332,-7.777777777777778,1.0,-0.04356507357261499
-0.011111111111111113,-3.333333333333332,-5.555555555555555,1.0,-0.04356507357261499
-0.011111111111111113,-3.333333333333332,-3.333333333333333,1.0,-0.04356507357261499
-0.011111111111111113,-3.333333333333332,-1.1111111111111107,1.0,-0.04356507357261499
-0.011111111111111113,-3.333333333333332,1.1111111111111107,1.0,0.04356507357261499
-0.011111111111111113,-3.333333333333332,3.333333333333334,1.0,0.04356507357261499
-0.011111111111111113,-3.333333333333332,5.555555555555557,1.0,0.04356507357261499
-0.011111111111111113,-3.333333333333332,7.777777777777779,1.0,0.04356507357261499
-0.011111111111111113,-3.333333333333332,10.0,1.0,0.04356507357261499
-0.011111111111111113,3.3333333333333357,-10.0,1.0,-0.04356507357261499
-0.011111111111111113,3.3333333333333357,-7.777777777777778,1.0,-0.04356507357261499
-0.011111111111111113,3.3333333333333357,-5.555555555555555,1.0,-0.04356507357261499
-0.011111111111111113,3.3333333333333357,-3.333333333333333,1.0,-0.04356507357261499
-0.011111111111111113,3.3333333333333357,-1.1111111111111107,1.0,-0.04356507357261499
-0.011111111111111113,3.3333333333333357,1.1111111111111107,1.0,0.04356507357261499
-0.011111111111111113,3.3333333333333357,3.333333333333334,1.0,0.04356507357261499
-0.011111111111111113,3.3333333333333357,5.555555555555557,1.0,0.04356507357261499
-0.011111111111111113,3.3333333333333357,7.777777777777779,1.0,0.04356507357261499
-0.011111111111111113,3.3333333333333357,10.0,1.0,0.04356507357261499
-0.011111111111111113,10.0,-10.0,1.0,-0.04356507357261499
-0.011111111111111113,10.0,-7.777777777777778,1.0,-0.04356507357261499
-0.011111111111111113,10.0,-5.555555555555555,1.0,-0.04356507357261499
-0.011111111111111113,10.0,-3.333333333333333,1.0,-0.04356507357261499
-0.011111111111111113,10.0,-1.1111111111111107,1.0,-0.04356507357261499
-0.011111111111111113,10.0,1.1111111111111107,1.0,0.04356507357261499
-0.011111111111111113,10.0,3.333333333333334,1.0,0.04356507357261499
-0.011111111111111113,10.0,5.555555555555557,1.0,0.04356507357261499
-0.011111111111111113,10.0,7.777777777777779,1.0,0.04356507357261499
-0.011111111111111113,10.0,10.0,1.0,0.04356507357261499
-0.011111111111111113,16.66666666666667,-10.0,1.0,-0.04356507357261499
-0.011111111111111113,16.66666666666667,-7.777777777777778,1.0,-0.04356507357261499
-0.011111111111111113,16.66666666666667,-5.555555555555555,1.0,-0.04356507357261499
-0.011111111111111113,16.66666666666667,-3.333333333333333,1.0,-0.04356507357261499
-0.011111111111111113,16.66666666666667,-1.1111111111111107,1.0,-0.04356507357261499
-0.011111111111111113,16.66666666666667,1.1111111111111107,1.0,0.04356507357261499
-0.011111111111111113,16.66666666666667,3.333333333333334,1.0,0.04356507357261499
-0.011111111111111113,16.66666666666667,5.555555555555557,1.0,0.04356507357261499
-0.011111111111111113,16.66666666666667,7.777777777777779,1.0,0.04356507357261499
-0.011111111111111113,16.66666666666667,10.0,1.0,0.04356507357261499
-0.011111111111111113,23.333333333333336,-10.0,1.0,-0.04356507357261499
-0.011111111111111113,23.333333333333336,-7.777777777777778,1.0,-0.04356507357261499
-0.011111111111111113,23.333333333333336,-5.555555555555555,1.0,-0.04356507357261499
-0.011111111111111113,23.333333333333336,-3.333333333333333,1.0,-0.04356507357261499
-0.011111111111111113,23.333333333333336,-1.1111111111111107,1.0,-0.04356507357261499
-0.011111111111111113,23.333333333333336,1.1111111111111107,1.0,0.04356507357261499
-0.011111111111111113,23.333333333333336,3.333333333333334,1.0,0.04356507357261499
-0.011111111111111113,23.333333333333336,5.555555555555557,1.0,0.04356507357261499
-0.011111111111111113,23.333333333333336,7.777777777777779,1.0,0.04356507357261499
-0.011111111111111113,23.333333333333336,10.0,1.0,0.04356507357261499
-0.011111111111111113,30.0,-10.0,1.0,-0.04356507357261499
-0.011111111111111113,30.0,-7.777777777777778,1.0,-0.04356507357261499
-0.011111111111111113,30.0,-5.555555555555555,1.0,-0.04356507357261499
-0.011111111111111113,30.0,-3.333333333333333,1.0,-0.04356507357261499
-0.011111111111111113,30.0,-1.1111111111111107,1.0,-0.04356507357261499
-0.011111111111111113,30.0,1.1111111111111107,1.0,0.04356507357261499
-0.011111111111111113,30.0,3.333333333333334,1.0,0.04356507357261499
-0.011111111111111113,30.0,5.555555555555557,1.0,0.04356507357261499
-0.011111111111111113,30.0,7.777777777777779,1.0,0.04356507357261499
-0.011111111111111113,30.0,10.0,1.0,0.04356507357261499
0.011111111111111113,-30.0,-10.0,1.0,-0.04356507357261499
0.011111111111111113,-30.0,-7.777777777777778,1.0,-0.04356507357261499
0.011111111111111113,-30.0,-5.555555555555555,1.0,-0.04356507357261499
0.011111111111111113,-30.0,-3.333333333333333,1.0,-0.04356507357261499
0.011111111111111113,-30.0,-1.1111111111111107,1.0,-0.04356507357261499
0.011111111111111113,-30.0,1.1111111111111107,1.0,0.04356507357261499
0.011111111111111113,-30.0,3.333333333333334,1.0,0.04356507357261499
0.011111111111111113,-30.0,5.555555555555557,1.0,0.04356507357261499
0.011111111111111113,-30.0,7.777777777777779,1.0,0.04356507357261499
0.011111111111111113,-30.0,10.0,1.0,0.04356507357261499
0.011111111111111113,-23.333333333333332,-10.0,1.0,-0.04356507357261499
0.011111111111111113,-23.333333333333332,-7.777777777777778,1.0,-0.04356507357261499
0.011111111111111113,-23.333333333333332,-5.555555555555555,1.0,-0.04356507357261499
0.011111111111111113,-23.333333333333332,-3.333333333333333,1.0,-0.04356507357261499
0.011111111111111113,-23.333333333333332,-1.1111111111111107,1.0,-0.04356507357261499
0.011111111111111113,-23.333333333333332,1.1111111111111107,1.0,0.04356507357261499
0.011111111111111113,-23.333333333333332,3.333333333333334,1.0,0.04356507357261499
0.011111111111111113,-23.333333333333332,5.555555555555557,1.0,0.04356507357261499
0.011111111111111113,-23.333333333333332,7.777777777777779,1.0,0.04356507357261499
0.011111111111111113,-23.333333333333332,10.0,1.0,0.04356507357261499
0.011111111111111113,-16.666666666666664,-10.0,1.0,-0.04356507357261499
0.011111111111111113,-16.666666666666664,-7.777777777777778,1.0,-0.04356507357261499
0.011111111111111113,-16.666666666666664,-5.555555555555555,1.0,-0.04356507357261499
0.011111111111111113,-16.666666666666664,-3.333333333333333,1.0,-0.04356507357261499
0.011111111111111113,-16.666666666666664,-1.1111111111111107,1.0,-0.04356507357261499
0.011111111111111113,-16.666666666666664,1.1111111111111107,1.0,0.04356507357261499
0.011111111111111113,-16.666666666666664,3.333333333333334,1.0,0.04356507357261499
0.011111111111111113,-16.666666666666664,5.555555555555557,1.0,0.04356507357261499
0.011111111111111113,-16.666666666666664,7.777777777777779,1.0,0.04356507357261499
0.011111111111111113,-16.666666666666664,10.0,1.0,0.04356507357261499
0.011111111111111113,-10.0,-10.0,1.0,-0.04356507357261499
0.011111111111111113,-10.0,-7.777777777777778,1.0,-0.04356507357261499
0.011111111111111113,-10.0,-5.555555555555555,1.0,-0.04356507357261499
0.011111111111111113,-10.0,-3.333333333333333,1.0,-0.04356507357261499
0.011111111111111113,-10.0,-1.1111111111111107,1.0,-0.04356507357261499
0.011111111111111113,-10.0,1.1111111111111107,1.0,0.04356507357261499
0.011111111111111113,-10.0,3.333333333333334,1.0,0.04356507357261499
0.011111111111111113,-10.0,5.555555555555557,1.0,0.04356507357261499
0.011111111111111113,-10.0,7.777777777777779,1.0,0.04356507357261499
0.011111111111111113,-10.0,10.0,1.0,0.04356507357261499
0.011111111111111113,-3.333333333333332,-10.0,1.0,-0.04356507357261499
0.011111111111111113,-3.333333333333332,-7.777777777777778,1.0,-0.04356507357261499
0.011111111111111113,-3.333333333333332,-5.555555555555555,1.0,-0.04356507357261499
0.011111111111111113,-3.333333333333332,-3.333333333333333,1.0,-0.04356507357261499
0.011111111111111113,-3.333333333333332,-1.1111111111111107,1.0,-0.04356507357261499
0.011111111111111113,-3.333333333333332,1.1111111111111107,1.0,0.04356507357261499
0.011111111111111113,-3.333333333333332,3.333333333333334,1.0,0.04356507357261499
0.011111111111111113,-3.333333333333332,5.555555555555557,1.0,0.04356507357261499
0.011111111111111113,-3.333333333333332,7.777777777777779,1.0,0.04356507357261499
0.011111111111111113,-3.333333333333332,10.0,1.0,0.04356507357261499
0.011111111111111113,3.3333333333333357,-10.0,1.0,-0.04356507357261499
0.011111111111111113,3.3333333333333357,-7.777777777777778,1.0,-0.04356507357261499
0.011111111111111113,3.3333333333333357,-5.555555555555555,1.0,-0.04356507357261499
0.011111111111111113,3.3333333333333357,-3.333333333333333,1.0,-0.04356507357261499
0.011111111111111113,3.3333333333333357,-1.1111111111111107,1.0,-0.04356507357261499
0.011111111111111113,3.3333333333333357,1.1111111111111107,1.0,0.04356507357261499
0.011111111111111113,3.3333333333333357,3.333333333333334,1.0,0.04356507357261499
0.011111111111111113,3.3333333333333357,5.555555555555557,1.0,0.04356507357261499
0.011111111111111113,3.3333333333333357,7.777777777777779,1.0,0.04356507357261499
0.011111111111111113,3.3333333333333357,10.0,1.0,0.04356507357261499
0.011111111111111113,10.0,-10.0,1.0,-0.04356507357261499
0.011111111111111113,10.0,-7.777777777777778,1.0,-0.04356507357261499
0.011111111111111113,10.0,-5.555555555555555,1.0,-0.04356507357261499
0.011111111111111113,10.0,-3.333333333333333,1.0,-0.04356507357261499
0.011111111111111113,10.0,-1.1111111111111107,1.0,-0.04356507357261499
0.011111111111111113,10.0,1.1111111111111107,1.0,0.04356507357261499
0.011111111111111113,10.0,3.333333333333334,1.0,0.04356507357261499
0.011111111111111113,10.0,5.555555555555557,1.0,0.04356507357261499
0.011111111111111113,10.0,7.777777777777779,1.0,0.04356507357261499
0.011111111111111113,10.0,10.0,1.0,0.04356507357261499
0.011111111111111113,16.66666666666667,-10.0,1.0,-0.04356507357261499
0.011111111111111113,16.66666666666667,-7.777777777777778,1.0,-0.04356507357261499
0.011111111111111113,16.66666666666667,-5.555555555555555,1.0,-0.04356507357261499
0.011111111111111113,16.66666666666667,-3.333333333333333,1.0,-0.04356507357261499
0.011111111111111113,16.66666666666667,-1.1111111111111107,1.0,-0.04356507357261499
0.011111111111111113,16.66666666666667,1.1111111111111107,1.0,0.04356507357261499
0.011111111111111113,16.66666666666667,3.333333333333334,1.0,0.04356507357261499
0.011111111111111113,16.66666666666667,5.555555555555557,1.0,0.04356507357261499
0.011111111111111113,16.66666666666667,7.777777777777779,1.0,0.04356507357261499
0.011111111111111113,16.66666666666667,10.0,1.0,0.04356507357261499
0.011111111111111113,23.333333333333336,-10.0,1.0,-0.04356507357261499
0.011111111111111113,23.333333333333336,-7.777777777777778,1.0,-0.04356507357261499
0.011111111111111113,23.333333333333336,-5.555555555555555,1.0,-0.04356507357261499
0.011111111111111113,23.333333333333336,-3.333333333333333,1.0,-0.04356507357261499
0.011111111111111113,23.333333333333336,-1.1111111111111107,1.0,-0.04356507357261499
0.011111111111111113,23.333333333333336,1.1111111111111107,1.0,0.04356507357261499
0.011111111111111113,23.333333333333336,3.333333333333334,1.0,0.04356507357261499
0.011111111111111113,23.333333333333336,5.555555555555557,1.0,0.04356507357261499
0.011111111111111113,23.333333333333336,7.777777777777779,1.0,0.04356507357261499
0.011111111111111113,23.333333333333336,10.0,1.0,0.04356507357261499
0.011111111111111113,30.0,-10.0,1.0,-0.04356507357261499
0.011111111111111113,30.0,-7.777777777777778,1.0,-0.04356507357261499
0.011111111111111113,30.0,-5.555555555555555,1.0,-0.04356507357261499
0.011111111111111113,30.0,-3.333333333333333,1.0,-0.04356507357261499
0.011111111111111113,30.0,-1.1111111111111107,1.0,-0.04356507357261499
0.011111111111111113,30.0,1.1111111111111107,1.0,0.04356507357261499
0.011111111111111113,30.0,3.333333333333334,1.0,0.04356507357261499
0.011111111111111113,30.0,5.555555555555557,1.0,0.04356507357261499
0.011111111111111113,30.0,7.777777777777779,1.0,0.04356507357261499
0.011111111111111113,30.0,10.0,1.0,0.04356507357261499
0.033333333333333326,-30.0,-10.0,1.0,-0.002739296634788638
0.033333333333333326,-30.0,-7.777777777777778,1.0,-0.002739296634788638
0.033333333333333326,-30.0,-5.555555555555555,1.0,-0.002739296634788638
0.033333333333333326,-30.0,-3.333333333333333,1.0,-0.002739296634788638
0.033333333333333326,-30.0,-1.1111111111111107,1.0,-0.002739296634788638
0.033333333333333326,-30.0,1.1111111111111107,1.0,0.002739296634788638
0.033333333333333326,-30.0,3.333333333333334,1.0,0.002739296634788638
0.033333333333333326,-30.0,5.555555555555557,1.0,0.002739296634788638
0.033333333333333326,-30.0,7.777777777777779,1.0,0.002739296634788638
0.033333333333333326,-30.0,10.0,1.0,0.002739296634788638
0.033333333333333326,-23.333333333333332,-10.0,1.0,-0.002739296634788638
0.033333333333333326,-23.333333333333332,-7.777777777777778,1.0,-0.002739296634788638
0.033333333333333326,-23.333333333333332,-5.555555555555555,1.0,-0.002739296634788638
0.033333333333333326,-23.333333333333332,-3.333333333333333,1.0,-0.002739296634788638
0.033333333333333326,-23.333333333333332,-1.1111111111111107,1.0,-0.002739296634788638
0.033333333333333326,-23.333333333333332,1.1111111111111107,1.0,0.002739296634788638
0.033333333333333326,-23.333333333333332,3.333333333333334,1.0,0.002739296634788638
0.033333333333333326,-23.333333333333332,5.555555555555557,1.0,0.002739296634788638
0.033333333333333326,-23.333333333333332,7.777777777777779,1.0,0.002739296634788638
0.033333333333333326,-23.333333333333332,10.0,1.0,0.002739296634788638
0.033333333333333326,-16.666666666666664,-10.0,1.0,-0.002739296634788638
0.033333333333333326,-16.666666666666664,-7.777777777777778,1.0,-0.002739296634788638
0.033333333333333326,-16.666666666666664,-5.555555555555555,1.0,-0.002739296634788638
0.033333333333333326,-16.666666666666664,-3.333333333333333,1.0,-0.002739296634788638
0.033333333333333326,-16.666666666666664,-1.1111111111111107,1.0,-0.002739296634788638
0.033333333333333326,-16.666666666666664,1.1111111111111107,1.0,0.002739296634788638
0.033333333333333326,-16.666666666666664,3.333333333333334,1.0,0.002739296634788638
0.033333333333333326,-16.666666666666664,5.555555555555557,1.0,0.002739296634788638
0.033333333333333326,-16.666666666666664,7.777777777777779,1.0,0.002739296634788638
0.033333333333333326,-16.666666666666664,10.0,1.0,0.002739296634788638
0.033333333333333326,-10.0,-10.0,1.0,-0.002739296634788638
0.033333333333333326,-10.0,-7.777777777777778,1.0,-0.002739296634788638
0.033333333333333326,-10.0,-5.555555555555555,1.0,-0.002739296634788638
0.033333333333333326,-10.0,-3.333333333333333,1.0,-0.002739296634788638
0.033333333333333326,-10.0,-1.1111111111111107,1.0,-0.002739296634788638
0.033333333333333326,-10.0,1.1111111111111107,1.0,0.002739296634788638
0.033333333333333326,-10.0,3.333333333333334,1.0,0.002739296634788638
0.033333333333333326,-10.0,5.555555555555557,1.0,0.002739296634788638
0.033333333333333326,-10.0,7.777777777777779,1.0,0.002739296634788638
0.033333333333333326,-10.0,10.0,1.0,0.002739296634788638
0.033333333333333326,-3.333333333333332,-10.0,1.0,-0.002739296634788638
0.033333333333333326,-3.333333333333332,-7.777777777777778,1.0,-0.002739296634788638
0.033333333333333326,-3.333333333333332,-5.555555555555555,1.0,-0.002739296634788638
0.033333333333333326,-3.333333333333332,-3.333333333333333,1.0,-0.002739296634788638
0.033333333333333326,-3.333333333333332,-1.1111111111111107,1.0,-0.002739296634788638
0.033333333333333326,-3.333333333333332,1.1111111111111107,1.0,0.002739296634788638
0.033333333333333326,-3.333333333333332,3.333333333333334,1.0,0.002739296634788638
0.033333333333333326,-3.333333333333332,5.555555555555557,1.0,0.002739296634788638
0.033333333333333326,-3.333333333333332,7.777777777777779,1.0,0.002739296634788638
0.033333333333333326,-3.333333333333332,10.0,1.0,0.002739296634788638
0.033333333333333326,3.3333333333333357,-10.0,1.0,-0.002739296634788638
0.033333333333333326,3.3333333333333357,-7.777777777777778,1.0,-0.002739296634788638
0.033333333333333326,3.3333333333333357,-5.555555555555555,1.0,-0.002739296634788638
0.033333333333333326,3.3333333333333357,-3.333333333333333,1.0,-0.002739296634788638
0.033333333333333326,3.3333333333333357,-1.1111111111111107,1.0,-0.002739296634788638
0.033333333333333326,3.3333333333333357,1.1111111111111107,1.0,0.002739296634788638
0.033333333333333326,3.3333333333333357,3.333333333333334,1.0,0.002739296634788638
0.033333333333333326,3.3333333333333357,5.555555555555557,1.0,0.002739296634788638
0.033333333333333326,3.3333333333333357,7.777777777777779,1.0,0.002739296634788638
0.033333333333333326,3.3333333333333357,10.0,1.0,0.002739296634788638
0.033333333333333326,10.0,-10.0,1.0,-0.002739296634788638
0.033333333333333326,10.0,-7.777777777777778,1.0,-0.002739296634788638
0.033333333333333326,10.0,-5.555555555555555,1.0,-0.002739296634788638
0.033333333333333326,10.0,-3.333333333333333,1.0,-0.002739296634788638
0.033333333333333326,10.0,-1.1111111111111107,1.0,-0.002739296634788638
0.033333333333333326,10.0,1.1111111111111107,1.0,0.002739296634788638
0.033333333333333326,10.0,3.333333333333334,1.0,0.002739296634788638
0.033333333333333326,10.0,5.555555555555557,1.0,0.002739296634788638
0.033333333333333326,10.0,7.777777777777779,1.0,0.002739296634788638
0.033333333333333326,10.0,10.0,1.0,0.002739296634788638
0.033333333333333326,16.66666666666667,-10.0,1.0,-0.002739296634788638
0.033333333333333326,16.66666666666667,-7.777777777777778,1.0,-0.002739296634788638
0.033333333333333326,16.66666666666667,-5.555555555555555,1.0,-0.002739296634788638
0.033333333333333326,16.66666666666667,-3.333333333333333,1.0,-0.002739296634788638
0.033333333333333326,16.66666666666667,-1.1111111111111107,1.0,-0.002739296634788638
0.033333333333333326,16.66666666666667,1.1111111111111107,1.0,0.002739296634788638
0.033333333333333326,16.66666666666667,3.333333333333334,1.0,0.002739296634788638
0.033333333333333326,16.66666666666667,5.555555555555557,1.0,0.002739296634788638
0.033333333333333326,16.66666666666667,7.777777777777779,1.0,0.002739296634788638
0.033333333333333326,16.66666666666667,10.0,1.0,0.002739296634788638
0.033333333333333326,23.333333333333336,-10.0,1.0,-0.002739296634788638
0.033333333333333326,23.333333333333336,-7.777777777777778,1.0,-0.002739296634788638
0.033333333333333326,23.333333333333336,-5.555555555555555,1.0,-0.002739296634788638
0.033333333333333326,23.333333333333336,-3.333333333333333,1.0,-0.002739296634788638
0.033333333333333326,23.333333333333336,-1.1111111111111107,1.0,-0.002739296634788638
0.033333333333333326,23.333333333333336,1.1111111111111107,1.0,0.002739296634788638
0.033333333333333326,23.333333333333336,3.333333333333334,1.0,0.002739296634788638
0.033333333333333326,23.333333333333336,5.555555555555557,1.0,0.002739296634788638
0.033333333333333326,23.333333333333336,7.777777777777779,1.0,0.002739296634788638
0.033333333333333326,23.333333333333336,10.0,1.0,0.002739296634788638
0.033333333333333326,30.0,-10.0,1.0,-0.002739296634788638
0.033333333333333326,30.0,-7.777777777777778,1.0,-0.002739296634788638
0.033333333333333326,30.0,-5.555555555555555,1.0,-0.002739296634788638
0.033333333333333326,30.0,-3.333333333333333,1.0,-0.002739296634788638
0.033333333333333326,30.0,-1.1111111111111107,1.0,-0.002739296634788638
0.033333333333333326,30.0,1.1111111111111107,1.0,0.002739296634788638
0.033333333333333326,30.0,3.333333333333334,1.0,0.002739296634788638
0.033333333333333326,30.0,5.555555555555557,1.0,0.002739296634788638
0.033333333333333326,30.0,7.777777777777779,1.0,0.002739296634788638
0.033333333333333326,30.0,10.0,1.0,0.002739296634788638
0.05555555555555555,-30.0,-10.0,1.0,-0.00015142706633560003
0.05555555555555555,-30.0,-7.777777777777778,1.0,-0.00015142706633560003
0.05555555555555555,-30.0,-5.555555555555555,1.0,-0.00015142706633560003
0.05555555555555555,-30.0,-3.333333333333333,1.0,-0.00015142706633560003
0.05555555555555555,-30.0,-1.1111111111111107,1.0,-0.00015142706633560003
0.05555555555555555,-30.0,1.1111111111111107,1.0,0.00015142706633560003
0.05555555555555555,-30.0,3.333333333333334,1.0,0.00015142706633560003
0.05555555555555555,-30.0,5.555555555555557,1.0,0.00015142706633560003
0.05555555555555555,-30.0,7.777777777777779,1.0,0.00015142706633560003
0.05555555555555555,-30.0,10.0,1.0,0.00015142706633560003
0.05555555555555555,-23.333333333333332,-10.0,1.0,-0.00015142706633560003
0.05555555555555555,-23.333333333333332,-7.777777777777778,1.0,-0.00015142706633560003
0.05555555555555555,-23.333333333333332,-5.555555555555555,1.0,-0.00015142706633560003
0.05555555555555555,-23.333333333333332,-3.333333333333333,1.0,-0.00015142706633560003
0.05555555555555555,-23.333333333333332,-1.1111111111111107,1.0,-0.00015142706633560003
0.05555555555555555,-23.333333333333332,1.1111111111111107,1.0,0.00015142706633560003
0.05555555555555555,-23.333333333333332,3.333333333333334,1.0,0.00015142706633560003
0.05555555555555555,-23.333333333333332,5.555555555555557,1.0,0.00015142706633560003
0.05555555555555555,-23.333333333333332,7.777777777777779,1.0,0.00015142706633560003
0.05555555555555555,-23.333333333333332,10.0,1.0,0.00015142706633560003
0.05555555555555555,-16.666666666666664,-10.0,1.0,-0.00015142706633560003
0.05555555555555555,-16.666666666666664,-7.777777777777778,1.0,-0.00015142706633560003
0.05555555555555555,-16.666666666666664,-5.555555555555555,1.0,-0.00015142706633560003
0.05555555555555555,-16.666666666666664,-3.333333333333333,1.0,-0.00015142706633560003
0.05555555555555555,-16.666666666666664,-1.1111111111111107,1.0,-0.00015142706633560003
0.05555555555555555,-16.666666666666664,1.1111111111111107,1.0,0.00015142706633560003
0.05555555555555555,-16.666666666666664,3.333333333333334,1.0,0.00015142706633560003
0.05555555555555555,-16.666666666666664,5.555555555555557,1.0,0.00015142706633560003
0.05555555555555555,-16.666666666666664,7.777777777777779,1.0,0.00015142706633560003
0.05555555555555555,-16.666666666666664,10.0,1.0,0.00015142706633560003
0.05555555555555555,-10.0,-10.0,1.0,-0.00015142706633560003
0.05555555555555555,-10.0,-7.777777777777778,1.0,-0.00015142706633560003
0.05555555555555555,-10.0,-5.555555555555555,1.0,-0.00015142706633560003
0.05555555555555555,-10.0,-3.333333333333333,1.0,-0.00015142706633560003
0.05555555555555555,-10.0,-1.1111111111111107,1.0,-0.00015142706633560003
0.05555555555555555,-10.0,1.1111111111111107,1.0,0.00015142706633560003
0.05555555555555555,-10.0,3.333333333333334,1.0,0.00015142706633560003
0.05555555555555555,-10.0,5.555555555555557,1.0,0.00015142706633560003
0.05555555555555555,-10.0,7.777777777777779,1.0,0.00015142706633560003
0.05555555555555555,-10.0,10.0,1.0,0.00015142706633560003
0.05555555555555555,-3.333333333333332,-10.0,1.0,-0.00015142706633560003
0.05555555555555555,-3.333333333333332,-7.777777777777778,1.0,-0.00015142706633560003
0.05555555555555555,-3.333333333333332,-5.555555555555555,1.0,-0.00015142706633560003
0.05555555555555555,-3.333333333333332,-3.333333333333333,1.0,-0.00015142706633560003
0.05555555555555555,-3.333333333333332,-1.1111111111111107,1.0,-0.00015142706633560003
0.05555555555555555,-3.333333333333332,1.1111111111111107,1.0,0.00015142706633560003
0.05555555555555555,-3.333333333333332,3.333333333333334,1.0,0.00015142706633560003
0.05555555555555555,-3.333333333333332,5.555555555555557,1.0,0.00015142706633560003
0.05555555555555555,-3.333333333333332,7.777777777777779,1.0,0.00015142706633560003
0.05555555555555555,-3.333333333333332,10.0,1.0,0.00015142706633560003
0.05555555555555555,3.3333333333333357,-10.0,1.0,-0.00015142706633560003
0.05555555555555555,3.3333333333333357,-7.777777777777778,1.0,-0.00015142706633560003
0.05555555555555555,3.3333333333333357,-5.555555555555555,1.0,-0.00015142706633560003
0.05555555555555555,3.3333333333333357,-3.333333333333333,1.0,-0.00015142706633560003
0.05555555555555555,3.3333333333333357,-1.1111111111111107,1.0,-0.00015142706633560003
0.05555555555555555,3.3333333333333357,1.1111111111111107,1.0,0.00015142706633560003
0.05555555555555555,3.3333333333333357,3.333333333333334,1.0,0.00015142706633560003
0.05555555555555555,3.3333333333333357,5.555555555555557,1.0,0.00015142706633560003
0.05555555555555555,3.3333333333333357,7.777777777777779,1.0,0.00015142706633560003
0.05555555555555555,3.3333333333333357,10.0,1.0,0.00015142706633560003
0.05555555555555555,10.0,-10.0,1.0,-0.00015142706633560003
0.05555555555555555,10.0,-7.777777777777778,1.0,-0.00015142706633560003
0.05555555555555555,10.0,-5.555555555555555,1.0,-0.00015142706633560003
0.05555555555555555,10.0,-3.333333333333333,1.0,-0.00015142706633560003
0.05555555555555555,10.0,-1.1111111111111107,1.0,-0.00015142706633560003
0.05555555555555555,10.0,1.1111111111111107,1.0,0.00015142706633560003
0.05555555555555555,10.0,3.333333333333334,1.0,0.00015142706633560003
0.05555555555555555,10.0,5.555555555555557,1.0,0.00015142706633560003
0.05555555555555555,10.0,7.777777777777779,1.0,0.00015142706633560003
0.05555555555555555,10.0,10.0,1.0,0.00015142706633560003
0.05555555555555555,16.66666666666667,-10.0,1.0,-0.00015142706633560003
0.05555555555555555,16.66666666666667,-7.777777777777778,1.0,-0.00015142706633560003
0.05555555555555555,16.66666666666667,-5.555555555555555,1.0,-0.00015142706633560003
0.05555555555555555,16.66666666666667,-3.333333333333333,1.0,-0.00015142706633560003
0.05555555555555555,16.66666666666667,-1.1111111111111107,1.0,-0.00015142706633560003
0.05555555555555555,16.66666666666667,1.1111111111111107,1.0,0.00015142706633560003
0.05555555555555555,16.66666666666667,3.333333333333334,1.0,0.00015142706633560003
0.05555555555555555,16.66666666666667,5.555555555555557,1.0,0.00015142706633560003
0.05555555555555555,16.66666666666667,7.777777777777779,1.0,0.00015142706633560003
0.05555555555555555,16.66666666666667,10.0,1.0,0.00015142706633560003
0.05555555555555555,23.333333333333336,-10.0,1.0,-0.00015142706633560003
0.05555555555555555,23.333333333333336,-7.777777777777778,1.0,-0.00015142706633560003
0.05555555555555555,23.333333333333336,-5.555555555555555,1.0,-0.00015142706633560003
0.05555555555555555,23.333333333333336,-3.333333333333333,1.0,-0.00015142706633560003
0.05555555555555555,23.333333333333336,-1.1111111111111107,1.0,-0.00015142706633560003
0.05555555555555555,23.333333333333336,1.1111111111111107,1.0,0.00015142706633560003
0.05555555555555555,23.333333333333336,3.333333333333334,1.0,0.00015142706633560003
0.05555555555555555,23.333333333333336,5.555555555555557,1.0,0.00015142706633560003
0.05555555555555555,23.333333333333336,7.777777777777779,1.0,0.00015142706633560003
0.05555555555555555,23.333333333333336,10.0,1.0,0.00015142706633560003
0.05555555555555555,30.0,-10.0,1.0,-0.00015142706633560003
0.05555555555555555,30.0,-7.777777777777778,1.0,-0.00015142706633560003
0.05555555555555555,30.0,-5.555555555555555,1.0,-0.00015142706633560003
0.05555555555555555,30.0,-3.333333333333333,1.0,-0.00015142706633560003
0.05555555555555555,30.0,-1.1111111111111107,1.0,-0.00015142706633560003
0.05555555555555555,30.0,1.1111111111111107,1.0,0.00015142706633560003
0.05555555555555555,30.0,3.333333333333334,1.0,0.00015142706633560003
0.05555555555555555,30.0,5.555555555555557,1.0,0.00015142706633560003
0.05555555555555555,30.0,7.777777777777779,1.0,0.00015142706633560003
0.05555555555555555,30.0,10.0,1.0,0.00015142706633560003
0.07777777777777778,-30.0,-10.0,1.0,-0.0
0.07777777777777778,-30.0,-7.777777777777778,1.0,-0.0
0.07777777777777778,-30.0,-5.555555555555555,1.0,-0.0
0.07777777777777778,-30.0,-3.333333333333333,1.0,-0.0
0.07777777777777778,-30.0,-1.1111111111111107,1.0,-0.0
0.07777777777777778,-30.0,1.1111111111111107,1.0,0.0
0.07777777777777778,-30.0,3.333333333333334,1.0,0.0
0.07777777777777778,-30.0,5.555555555555557,1.0,0.0
0.07777777777777778,-30.0,7.777777777777779,1.0,0.0
0.07777777777777778,-30.0,10.0,1.0,0.0
0.07777777777777778,-23.333333333333332,-10.0,1.0,-0.0
0.07777777777777778,-23.333333333333332,-7.777777777777778,1.0,-0.0
0.07777777777777778,-23.333333333333332,-5.555555555555555,1.0,-0.0
0.07777777777777778,-23.333333333333332,-3.333333333333333,1.0,-0.0
0.07777777777777778,-23.333333333333332,-1.1111111111111107,1.0,-0.0
0.07777777777777778,-23.333333333333332,1.1111111111111107,1.0,0.0
0.07777777777777778,-23.333333333333332,3.333333333333334,1.0,0.0
0.07777777777777778,-23.333333333333332,5.555555555555557,1.0,0.0
0.07777777777777778,-23.333333333333332,7.777777777777779,1.0,0.0
0.07777777777777778,-23.333333333333332,10.0,1.0,0.0
0.07777777777777778,-16.666666666666664,-10.0,1.0,-0.0
0.07777777777777778,-16.666666666666664,-7.777777777777778,1.0,-0.0
0.07777777777777778,-16.666666666666664,-5.555555555555555,1.0,-0.0
0.07777777777777778,-16.666666666666664,-3.333333333333333,1.0,-0.0
0.07777777777777778,-16.666666666666664,-1.1111111111111107,1.0,-0.0
0.07777777777777778,-16.666666666666664,1.1111111111111107,1.0,0.0
0.07777777777777778,-16.666666666666664,3.333333333333334,1.0,0.0
0.07777777777777778,-16.666666666666664,5.555555555555557,1.0,0.0
0.07777777777777778,-16.666666666666664,7.777777777777779,1.0,0.0
0.07777777777777778,-16.666666666666664,10.0,1.0,0.0
0.07777777777777778,-10.0,-10.0,1.0,-0.0
0.07777777777777778,-10.0,-7.777777777777778,1.0,-0.0
0.07777777777777778,-10.0,-5.555555555555555,1.0,-0.0
0.07777777777777778,-10.0,-3.333333333333333,1.0,-0.0
0.07777777777777778,-10.0,-1.1111111111111107,1.0,-0.0
0.07777777777777778,-10.0,1.1111111111111107,1.0,0.0
0.07777777777777778,-10.0,3.333333333333334,1.0,0.0
0.07777777777777778,-10.0,5.555555555555557,1.0,0.0
0.07777777777777778,-10.0,7.777777777777779,1.0,0.0
0.07777777777777778,-10.0,10.0,1.0,0.0
0.07777777777777778,-3.333333333333332,-10.0,1.0,-0.0
0.07777777777777778,-3.333333333333332,-7.777777777777778,1.0,-0.0
0.07777777777777778,-3.333333333333332,-5.555555555555555,1.0,-0.0
0.07777777777777778,-3.333333333333332,-3.333333333333333,1.0,-0.0
0.07777777777777778,-3.333333333333332,-1.1111111111111107,1.0,-0.0
0.07777777777777778,-3.333333333333332,1.1111111111111107,1.0,0.0
0.07777777777777778,-3.333333333333332,3.333333333333334,1.0,0.0
0.07777777777777778,-3.333333333333332,5.555555555555557,1.0,0.0
0.07777777777777778,-3.333333333333332,7.777777777777779,1.0,0.0
0.07777777777777778,-3.333333333333332,10.0,1.0,0.0
0.07777777777777778,3.3333333333333357,-10.0,1.0,-0.0
0.07777777777777778,3.3333333333333357,-7.777777777777778,1.0,-0.0
0.07777777777777778,3.3333333333333357,-5.555555555555555,1.0,-0.0
0.07777777777777778,3.3333333333333357,-3.333333333333333,1.0,-0.0
0.07777777777777778,3.3333333333333357,-1.1111111111111107,1.0,-0.0
0.07777777777777778,3.3333333333333357,1.1111111111111107,1.0,0.0
0.07777777777777778,3.3333333333333357,3.333333333333334,1.0,0.0
0.07777777777777778,3.3333333333333357,5.555555555555557,1.0,0.0
0.07777777777777778,3.3333333333333357,7.777777777777779,1.0,0.0
0.07777777777777778,3.3333333333333357,10.0,1.0,0.0
0.07777777777777778,10.0,-10.0,1.0,-0.0
0.07777777777777778,10.0,-7.777777777777778,1.0,-0.0
0.07777777777777778,10.0,-5.555555555555555,1.0,-0.0
0.07777777777777778,10.0,-3.333333333333333,1.0,-0.0
0.07777777777777778,10.0,-1.1111111111111107,1.0,-0.0
0.07777777777777778,10.0,1.1111111111111107,1.0,0.0
0.07777777777777778,10.0,3.333333333333334,1.0,0.0
0.07777777777777778,10.0,5.555555555555557,1.0,0.0
0.07777777777777778,10.0,7.777777777777779,1.0,0.0
0.07777777777777778,10.0,10.0,1.0,0.0
0.07777777777777778,16.66666666666667,-10.0,1.0,-0.0
0.07777777777777778,16.66666666666667,-7.777777777777778,1.0,-0.0
0.07777777777777778,16.66666666666667,-5.555555555555555,1.0,-0.0
0.07777777777777778,16.66666666666667,-3.333333333333333,1.0,-0.0
0.07777777777777778,16.66666666666667,-1.1111111111111107,1.0,-0.0
0.07777777777777778,16.66666666666667,1.1111111111111107,1.0,0.0
0.07777777777777778,16.66666666666667,3.333333333333334,1.0,0.0
0.07777777777777778,16.66666666666667,5.555555555555557,1.0,0.0
0.07777777777777778,16.66666666666667,7.777777777777779,1.0,0.0
0.07777777777777778,16.66666666666667,10.0,1.0,0.0
0.07777777777777778,23.333333333333336,-10.0,1.0,-0.0
0.07777777777777778,23.333333333333336,-7.777777777777778,1.0,-0.0
0.07777777777777778,23.333333333333336,-5.555555555555555,1.0,-0.0
0.07777777777777778,23.333333333333336,-3.333333333333333,1.0,-0.0
0.07777777777777778,23.333333333333336,-1.1111111111111107,1.0,-0.0
0.07777777777777778,23.333333333333336,1.1111111111111107,1.0,0.0
0.07777777777777778,23.333333333333336,3.333333333333334,1.0,0.0
0.07777777777777778,23.333333333333336,5.555555555555557,1.0,0.0
0.07777777777777778,23.333333333333336,7.777777777777779,1.0,0.0
0.07777777777777778,23.333333333333336,10.0,1.0,0.0
0.07777777777777778,30.0,-10.0,1.0,-0.0
0.07777777777777778,30.0,-7.777777777777778,1.0,-0.0
0.07777777777777778,30.0,-5.555555555555555,1.0,-0.0
0.07777777777777778,30.0,-3.333333333333333,1.0,-0.0
0.07777777777777778,30.0,-1.1111111111111107,1.0,-0.0
0.07777777777777778,30.0,1.1111111111111107,1.0,0.0
0.07777777777777778,30.0,3.333333333333334,1.0,0.0
0.07777777777777778,30.0,5.555555555555557,1.0,0.0
0.07777777777777778,30.0,7.777777777777779,1.0,0.0
0.07777777777777778,30.0,10.0,1.0,0.0
0.1,-30.0,-10.0,1.0,-0.0
0.1,-30.0,-7.777777777777778,1.0,-0.0
0.1,-30.0,-5.555555555555555,1.0,-0.0
0.1,-30.0,-3.333333333333333,1.0,-0.0
0.1,-30.0,-1.1111111111111107,1.0,-0.0
0.1,-30.0,1.1111111111111107,1.0,0.0
0.1,-30.0,3.333333333333334,1.0,0.0
0.1,-30.0,5.555555555555557,1.0,0.0
0.1,-30.0,7.777777777777779,1.0,0.0
0.1,-30.0,10.0,1.0,0.0
0.1,-23.333333333333332,-10.0,1.0,-0.0
0.1,-23.333333333333332,-7.777777777777778,1.0,-0.0
0.1,-23.333333333333332,-5.555555555555555,1.0,-0.0
0.1,-23.333333333333332,-3.333333333333333,1.0,-0.0
0.1,-23.333333333333332,-1.1111111111111107,1.0,-0.0
0.1,-23.333333333333332,1.1111111111111107,1.0,0.0
0.1,-23.333333333333332,3.333333333333334,1.0,0.0
0.1,-23.333333333333332,5.555555555555557,1.0,0.0
0.1,-23.333333333333332,7.777777777777779,1.0,0.0
0.1,-23.333333333333332,10.0,1.0,0.0
0.1,-16.666666666666664,-10.0,1.0,-0.0
0.1,-16.666666666666664,-7.777777777777778,1.0,-0.0
0.1,-16.666666666666664,-5.555555555555555,1.0,-0.0
0.1,-16.666666666666664,-3.333333333333333,1.0,-0.0
0.1,-16.666666666666664,-1.1111111111111107,1.0,-0.0
0.1,-16.666666666666664,1.1111111111111107,1.0,0.0
0.1,-16.666666666666664,3.333333333333334,1.0,0.0
0.1,-16.666666666666664,5.555555555555557,1.0,0.0
0.1,-16.666666666666664,7.777777777777779,1.0,0.0
0.1,-16.666666666666664,10.0,1.0,0.0
0.1,-10.0,-10.0,1.0,-0.0
0.1,-10.0,-7.777777777777778,1.0,-0.0
0.1,-10.0,-5.555555555555555,1.0,-0.0
0.1,-10.0,-3.333333333333333,1.0,-0.0
0.1,-10.0,-1.1111111111111107,1.0,-0.0
0.1,-10.0,1.1111111111111107,1.0,0.0
0.1,-10.0,3.333333333333334,1.0,0.0
0.1,-10.0,5.555555555555557,1.0,0.0
0.1,-10.0,7.777777777777779,1.0,0.0
0.1,-10.0,10.0,1.0,0.0
0.1,-3.333333333333332,-10.0,1.0,-0.0
0.1,-3.333333333333332,-7.777777777777778,1.0,-0.0
0.1,-3.333333333333332,-5.555555555555555,1.0,-0.0
0.1,-3.333333333333332,-3.333333333333333,1.0,-0.0
0.1,-3.333333333333332,-1.1111111111111107,1.0,-0.0
0.1,-3.333333333333332,1.1111111111111107,1.0,0.0
0.1,-3.333333333333332,3.333333333333334,1.0,0.0
0.1,-3.333333333333332,5.555555555555557,1.0,0.0
0.1,-3.333333333333332,7.777777777777779,1.0,0.0
0.1,-3.333333333333332,10.0,1.0,0.0
0.1,3.3333333333333357,-10.0,1.0,-0.0
0.1,3.3333333333333357,-7.777777777777778,1.0,-0.0
0.1,3.3333333333333357,-5.555555555555555,1.0,-0.0
0.1,3.3333333333333357,-3.333333333333333,1.0,-0.0
0.1,3.3333333333333357,-1.1111111111111107,1.0,-0.0
0.1,3.3333333333333357,1.1111111111111107,1.0,0.0
0.1,3.3333333333333357,3.333333333333334,1.0,0.0
0.1,3.3333333333333357,5.555555555555557,1.0,0.0
0.1,3.3333333333333357,7.777777777777779,1.0,0.0
0.1,3.3333333333333357,10.0,1.0,0.0
0.1,10.0,-10.0,1.0,-0.0
0.1,10.0,-7.777777777777778,1.0,-0.0
0.1,10.0,-5.555555555555555,1.0,-0.0
0.1,10.0,-3.333333333333333,1.0,-0.0
0.1,10.0,-1.1111111111111107,1.0,-0.0
0.1,10.0,1.1111111111111107,1.0,0.0
0.1,10.0,3.333333333333334,1.0,0.0
0.1,10.0,5.555555555555557,1.0,0.0
0.1,10.0,7.777777777777779,1.0,0.0
0.1,10.0,10.0,1.0,0.0
0.1,16.66666666666667,-10.0,1.0,-0.0
0.1,16.66666666666667,-7.777777777777778,1.0,-0.0
0.1,16.66666666666667,-5.555555555555555,1.0,-0.0
0.1,16.66666666666667,-3.333333333333333,1.0,-0.0
0.1,16.66666666666667,-1.1111111111111107,1.0,-0.0
0.1,16.66666666666667,1.1111111111111107,1.0,0.0
0.1,16.66666666666667,3.333333333333334,1.0,0.0
0.1,16.66666666666667,5.555555555555557,1.0,0.0
0.1,16.66666666666667,7.777777777777779,1.0,0.0
0.1,16.66666666666667,10.0,1.0,0.0
0.1,23.333333333333336,-10.0,1.0,-0.0
0.1,23.333333333333336,-7.777777777777778,1.0,-0.0
0.1,23.333333333333336,-5.555555555555555,1.0,-0.0
0.1,23.333333333333336,-3.333333333333333,1.0,-0.0
0.1,23.333333333333336,-1.1111111111111107,1.0,-0.0
0.1,23.333333333333336,1.1111111111111107,1.0,0.0
0.1,23.333333333333336,3.333333333333334,1.0,0.0
0.1,23.333333333333336,5.555555555555557,1.0,0.0
0.1,23.333333333333336,7.777777777777779,1.0,0.0
0.1,23.333333333333336,10.0,1.0,0.0
0.1,30.0,-10.0,1.0,-0.0
0.1,30.0,-7.777777777777778,1.0,-0.0
0.1,30.0,-5.555555555555555,1.0,-0.0
0.1,30.0,-3.333333333333333,1.0,-0.0
0.1,30.0,-1.1111111111111107,1.0,-0.0
0.1,30.0,1.1111111111111107,1.0,0.0
0.1,30.0,3.333333333333334,1.0,0.0
0.1,30.0,5.555555555555557,1.0,0.0
0.1,30.0,7.777777777777779,1.0,0.0
0.1,30.0,10.0,1.0,0.0
